100514 SCH 230 Recumbent Bike,In Production,F,"8003323 PEDAL ASSY, LEFT, MY13 (SMALL)",32738,In Production,F,730,370,60
100514 SCH 230 Recumbent Bike,In Production,F,8001305 CUP HOLDER,32738,In Production,F,730,50,
100514 SCH 230 Recumbent Bike,In Production,F,"8003324 PEDAL ASSY, RIGHT, MY13(SMALL)",32738,In Production,F,730,393,20
100514 SCH 230 Recumbent Bike,In Production,F,8001522 HANDLE SEAT ADJUST,32738,In Production,F,730,35,
100514 SCH 230 Recumbent Bike,In Production,F,8002037 RETURN SPRING,32738,In Production,F,365,256,
100514 SCH 230 Recumbent Bike,In Production,F,8001528 SUB-ASSY SEAT BACK MY13,32738,In Production,F,730,261,
100514 SCH 230 Recumbent Bike,In Production,F,8001531 SUB-ASSEMBLY HANDLEBARS SCH 230/270 MY13,32738,In Production,F,730,64,
100514 SCH 230 Recumbent Bike,In Production,F,SERVICE - WITH PARTS Technician Visit with product shipping,32738,,F,90,,
100514 SCH 230 Recumbent Bike,In Production,F,"8011111 ASSEMBLY REAR RECUMBENT SHROUD SCH 230 (LH), MY16",32738,In Production,F,730,,
100514 SCH 230 Recumbent Bike,In Production,F,"8011113 ASSEMBLY SEAT SLIDER CARRIAGE SCH 230, MY16",32738,In Production,F,730,,
100514 SCH 230 Recumbent Bike,In Production,F,8001382 RECUMBENT REAR SHROUD,32738,In Production,F,730,36,
100514 SCH 230 Recumbent Bike,In Production,F,"8011112 ASSEMBLY REAR SHROUD RECUMBENT SCH 230 (RH), MY16",32738,In Production,F,730,,
100514 SCH 230 Recumbent Bike,In Production,F,"8001693 SUB ASSY, ONE PIECE CRANK",32738,In Production,F,730,87,150
100514 SCH 230 Recumbent Bike,In Production,F,"8011119 COVER SEAT HANDLE BOLTS, MY16",32738,In Production,F,730,,
100514 SCH 230 Recumbent Bike,In Production,F,8001700 BELT TENSION SPRING,32738,In Production,F,365,133,
100514 SCH 230 Recumbent Bike,In Production,F,"8003661 SRV KIT, SHROUD/DECAL REC LH",32738,In Production,F,730,230,50
100514 SCH 230 Recumbent Bike,In Production,F,8001699 TENSIONER ARM SUBASSEMBLY,32738,In Production,F,730,139,
100514 SCH 230 Recumbent Bike,In Production,F,"8003662 SRV KIT, SHROUD/DECAL REC RH",32738,,F,730,92,10
100512 SCH 130 Upright Bike,In Production,F,903-0530 PAN HD PHILLIPS SCREW M2.9 x 9.5 CL8.8_BlkZ ST,32742,In Production,F,730,84,
100512 SCH 130 Upright Bike,In Production,F,"8005831 8005831 SERVICE KIT, SERVO MOTOR, UPRIGHT",32742,In Production,F,365,282,250
100512 SCH 130 Upright Bike,In Production,F,903-0540 PAN HD PHILLIPS SCREW M3.5 x 16 CL8.8_BlkZ ST,32742,,F,730,77,
100512 SCH 130 Upright Bike,In Production,F,"8003165 CABLE ASSY,12-WIRE,MAST, 920MM",32742,In Production,F,365,296,325
100512 SCH 130 Upright Bike,In Production,F,"8011888 SUB ASSY, CONSOLE MAST, UPRIGHT, 300lb GWL",32742,In Production,F,730,,
100512 SCH 130 Upright Bike,In Production,F,"8000928 SUB ASSY, FRONT STABILIZER",32742,In Production,F,730,141,
100512 SCH 130 Upright Bike,In Production,F,8011182 CONSOLE ASSEMBLY 30 SERIES (MY16),32742,In Production,F,365,,
100512 SCH 130 Upright Bike,In Production,F,004-2899 POP PIN MECHANICAL ASSEMBLY,32742,In Production,F,730,170,35
100512 SCH 130 Upright Bike,In Production,F,8001682 FRONT STABILIZER TRANSPORT WHEEL,32742,In Production,F,730,104,
100512 SCH 130 Upright Bike,In Production,F,"8001675 ""T"" HANDLE",32742,In Production,F,730,64,
100512 SCH 130 Upright Bike,In Production,F,"8002224 SERVICE KIT, MY13 BELT TENSION ASSY",32742,In Production,F,730,122,
100512 SCH 130 Upright Bike,In Production,F,8001666 SUB-ASSY FOOT HEIGHT ADJUSTMENT,32742,In Production,F,730,114,
100512 SCH 130 Upright Bike,In Production,F,"8001663 SUB ASSY, SEAT POST SCH-130",32742,In Production,F,730,59,
100512 SCH 130 Upright Bike,In Production,F,"8001218 SUB ASSY, REAR STABILIZER",32742,In Production,F,730,48,75
100512 SCH 130 Upright Bike,In Production,F,8001216 MAIN SHROUD SEAT POST,32742,In Production,F,730,110,
100512 SCH 130 Upright Bike,In Production,F,8001210 SEAT SLIDE BUSHING,32742,In Production,F,730,77,
100512 SCH 130 Upright Bike,In Production,F,8001242 MAST GASKET,32742,In Production,F,730,125,
100512 SCH 130 Upright Bike,In Production,F,"8001654 SUB ASSY, HANDLEBAR SCH-130",32742,In Production,F,730,146,
100512 SCH 130 Upright Bike,In Production,F,8001352 POWER PLUG,32742,In Production,F,365,246,
100512 SCH 130 Upright Bike,In Production,F,"8007982 PWR ADAPTER 90-132VAC to 9VDC 5% 1500mA 50-60Hz, 6 FT CORD",32742,In Production,F,365,1189,3500
100512 SCH 130 Upright Bike,In Production,F,8002002 WATER BOTTLE HOLDER,32742,In Production,F,730,72,
100512 SCH 130 Upright Bike,In Production,F,"8002104 USER ASSY HARDWARE, SCH 130/170",32742,In Production,F,730,126,
100512 SCH 130 Upright Bike,In Production,F,8001999 J BELT 480J,32742,In Production,F,730,473,
100512 SCH 130 Upright Bike,In Production,F,8001253 SEAT ASSEMBLY,32742,In Production,F,730,144,
100512 SCH 130 Upright Bike,In Production,F,"004-8046 MEDIA CABLE 250 MM,STEREO 90 DEGREE PLUG(BOTH SIDES)",32742,In Production,F,365,218,
100512 SCH 130 Upright Bike,In Production,F,"8003323 PEDAL ASSY, LEFT, MY13 (SMALL)",32742,In Production,F,730,370,60
100512 SCH 130 Upright Bike,In Production,F,"8003648 SRV KIT, SHROUD/DECAL UPR LH",32742,In Production,F,730,78,
100512 SCH 130 Upright Bike,In Production,F,"8003324 PEDAL ASSY, RIGHT, MY13(SMALL)",32742,In Production,F,730,393,20
100512 SCH 130 Upright Bike,In Production,F,"8002223 SERVICE KIT, MY13 FLYWHEEL",32742,In Production,F,730,304,
100512 SCH 130 Upright Bike,In Production,F,"8002222 SERVICE KIT, MY13 SPEED SENSOR",32742,In Production,F,365,426,
100512 SCH 130 Upright Bike,In Production,F,"8003649 SRV KIT, SHROUD/DECAL UPR RH",32742,In Production,F,730,79,
100512 SCH 130 Upright Bike,In Production,F,8002037 RETURN SPRING,32742,In Production,F,730,256,
100512 SCH 130 Upright Bike,In Production,F,SERVICE - WITH PARTS Technician Visit with product shipping,32742,,F,90,,
100512 SCH 130 Upright Bike,In Production,F,8001702 MAGNET BANK SCH-130/170,32742,In Production,F,730,49,
100512 SCH 130 Upright Bike,In Production,F,"8011007 MAIN SHROUD TOP, MY16",32742,In Production,F,730,,
100512 SCH 130 Upright Bike,In Production,F,"8001693 SUB ASSY, ONE PIECE CRANK",32742,In Production,F,730,87,150
100512 SCH 130 Upright Bike,In Production,F,8001684 HANDLEBAR SHROUD TOP,32742,In Production,F,730,42,
100516 SCH 430 Elliptical,In Production,F,"8011468 CAP, CRANK COVER, SCH MY16",32631,In Production,F,730,,
100516 SCH 430 Elliptical,In Production,F,"8002324 SERVICE KIT, REAR STEP, MY13 ELLIP",32631,In Production,F,730,94,
100516 SCH 430 Elliptical,In Production,F,8002099 USER ASSY HRDW - SCH E430,32631,In Production,F,730,302,
100516 SCH 430 Elliptical,In Production,F,"8011469 SHROUD, MAIN, MANUAL COVER, SCH MY16",32631,In Production,F,730,,
100516 SCH 430 Elliptical,In Production,F,"8011467 SHROUD, CRANK COVER, SCH MY16",32631,In Production,F,730,,
100516 SCH 430 Elliptical,In Production,F,"8011463 SHROUD, MAIN, TOP, MY16",32631,In Production,F,730,,
100516 SCH 430 Elliptical,In Production,F,"8007982 PWR ADAPTER 90-132VAC to 9VDC 5% 1500mA 50-60Hz, 6 FT CORD",32631,In Production,F,365,1189,3500
100516 SCH 430 Elliptical,In Production,F,"8011478 SUB ASSY, RAMP ADJUSTABLE (MY16)",32631,In Production,F,730,,
100516 SCH 430 Elliptical,In Production,F,"8006310 SERVICE KIT, ELLIPTICAL ADJ RAMP/ARM HARDWARE",32631,In Production,F,730,21,70
100516 SCH 430 Elliptical,In Production,F,8004226 SRV KIT ELLIP ROLLER WHL DISK,32631,In Production,F,730,,
100516 SCH 430 Elliptical,In Production,F,"004-8046 MEDIA CABLE 250 MM,STEREO 90 DEGREE PLUG(BOTH SIDES)",32631,In Production,F,365,218,
100516 SCH 430 Elliptical,In Production,F,"8001563 SUB ASSY, FLYWHEEL ELLIPTICAL",32631,In Production,F,730,248,
100516 SCH 430 Elliptical,In Production,F,8003823 SRV KIT PWR SPLY BRKT MY13 430,32631,In Production,F,730,93,
100516 SCH 430 Elliptical,In Production,F,"8011476 SUB ASSY, LEFT LEG, MY16",32631,In Production,F,730,,
100516 SCH 430 Elliptical,In Production,F,"8002471 8002471 SUB ASSY, SHROUD MAIN (R)",32631,In Production,F,730,393,
100516 SCH 430 Elliptical,In Production,F,"8011307 SUB ASSY, DYNAMIC ARM LEFT, MY16",32631,In Production,F,730,,
100516 SCH 430 Elliptical,In Production,F,"8002470 8002470 SUB ASSY, SHROUD MAIN (L)",32631,In Production,F,730,377,
100516 SCH 430 Elliptical,In Production,F,"8011893 SUB ASSY, CONSOLE MAST, ELLIPTICAL, 300lb GWL",32631,In Production,F,730,,
100516 SCH 430 Elliptical,In Production,F,"8011477 SUB ASSY, RIGHT LEG, MY16",32631,In Production,F,730,,
100516 SCH 430 Elliptical,In Production,F,"8011308 SUB ASSY, DYNAMIC ARM RIGHT, MY16",32631,In Production,F,730,,
100516 SCH 430 Elliptical,In Production,F,"8001458 SUB ASSY, FOOT PEDAL LINK RIGHT E1.0",32631,In Production,F,730,155,
100516 SCH 430 Elliptical,In Production,F,004-5598 Power Plug Wire,32631,In Production,F,365,158,35
100516 SCH 430 Elliptical,In Production,F,"8001457 SUB ASSY, FOOT PEDAL LEFT SCHWINN 430",32631,In Production,F,730,111,
100516 SCH 430 Elliptical,In Production,F,8011182 CONSOLE ASSEMBLY 30 SERIES (MY16),32631,In Production,F,730,,
100516 SCH 430 Elliptical,In Production,F,"8001146 SUB ASSY, CONSOLE MOUNT / STATIC HANDLEBARS",32631,In Production,F,730,116,
100516 SCH 430 Elliptical,In Production,F,8001153 ENDCAP REAR FOOT SUPPORT,32631,In Production,F,730,88,
100516 SCH 430 Elliptical,In Production,F,8001144 ENDCAP STATIC HANDLEBARS,32631,In Production,F,730,79,
100516 SCH 430 Elliptical,In Production,F,"8001145 ENDCAP, STATIC TUBE",32631,In Production,F,730,193,
100516 SCH 430 Elliptical,In Production,F,8003824 SRV KIT SHROUD HW MY13 ELLIP,32631,In Production,F,730,92,
100516 SCH 430 Elliptical,In Production,F,8003825 SRV KIT SPEED SENSR MY13 ELLIP,32631,In Production,F,365,272,350
100516 SCH 430 Elliptical,In Production,F,"8001100 BUSHING, ARM PIVOT",32631,In Production,F,730,369,
100516 SCH 430 Elliptical,In Production,F,"8001083 SUB ASSY, RATCHET HANDLE",32631,In Production,F,730,38,
100516 SCH 430 Elliptical,In Production,F,"8006401 FLANGE NUT, M10X1.25, M, ClrZ",32631,In Production,F,730,32,30
100516 SCH 430 Elliptical,In Production,F,"8004225 SERVICE KIT, ELLIPTICAL WHEEL",32631,In Production,F,730,818,2000
100516 SCH 430 Elliptical,In Production,F,8000697 WELDMENT CRANK 10 IN,32631,In Production,F,730,230,
100516 SCH 430 Elliptical,In Production,F,"8006249 SILICONE LUBRICANT BOTTLE, 1000 CINESTOKE, 1 OZ.",32631,In Production,F,90,35,
100516 SCH 430 Elliptical,In Production,F,8002693 POWER WIRE - 12P,32631,In Production,F,365,191,425
100516 SCH 430 Elliptical,In Production,F,"8001110 END CAP, DYNAMIC ARM",32631,In Production,F,730,118,
100516 SCH 430 Elliptical,In Production,F,8001129 MAST BOOT,32631,In Production,F,730,72,
100516 SCH 430 Elliptical,In Production,F,8001999 J BELT 480J,32631,In Production,F,365,473,
100516 SCH 430 Elliptical,In Production,F,8002697 UPPER CONSOLE WIRE,32631,In Production,F,365,177,50
100516 SCH 430 Elliptical,In Production,F,8004263 SRV KIT ELLIPTICAL KNUCKLE HDW,32631,In Production,F,365,48,50
100516 SCH 430 Elliptical,In Production,F,"8002325 SERVICE KIT, REAR FLOOR CAP, MY13 ELLIP",32631,In Production,F,730,260,
100516 SCH 430 Elliptical,In Production,F,"8002326 SERVICE KIT, BOTTLE HOLDER, MY13 ELLIP",32631,In Production,F,730,30,15
100516 SCH 430 Elliptical,In Production,F,"8002327 SERVICE KIT, FRNT TRNSPRT WHL, MY13 ELLIP",32631,In Production,F,42,43,125
100516 SCH 430 Elliptical,In Production,F,"8001010 SUB ASSY, LOWER BAR RIGHT",32631,In Production,F,730,32,75
100516 SCH 430 Elliptical,In Production,F,"8002336 SERVICE KIT, SERVO MOTOR, MY13",32631,In Production,F,365,310,600
100516 SCH 430 Elliptical,In Production,F,"8001036 SUB ASSY, FRONT STABILIZER",32631,In Production,F,730,41,
100516 SCH 430 Elliptical,In Production,F,"8002344 SERVICE KIT, EDDY BRAKE ASSY, MY13 ELLIP",32631,In Production,F,730,61,
100516 SCH 430 Elliptical,In Production,F,8001038 ASSEMBLY HAND ADJUSTABLE FOOT,32631,In Production,F,730,130,
100516 SCH 430 Elliptical,In Production,F,"8002345 SERVICE KIT, BELT TENSIONER, MY13 ELLIP",32631,In Production,F,730,33,45
100516 SCH 430 Elliptical,In Production,F,"8001039 SHAFT, HANDLEBAR CONNECTION",32631,In Production,F,730,369,
100516 SCH 430 Elliptical,In Production,F,"8002347 SERVICE KIT, PLASTIC RATCHET, MY13 ELLIP",32631,In Production,F,730,92,
100516 SCH 430 Elliptical,In Production,F,"8001065 SUB ASSY, CRANK SPINDLE W/ PULLEY",32631,In Production,F,730,179,
100516 SCH 430 Elliptical,In Production,F,8002361 MAIN SHROUD INSERTS,32631,In Production,F,730,96,
100516 SCH 430 Elliptical,In Production,F,902-4162 NUT-THIN M10 - 1.5 G2 BlkZ,32631,In Production,F,730,78,25
100516 SCH 430 Elliptical,In Production,F,"8002698 CABLE, CONSOLE CONNECTOR",32631,In Production,F,365,65,100
100516 SCH 430 Elliptical,In Production,F,"8001002 SUB ASSY, LOWER BAR LEFT",32631,In Production,F,730,56,40
100516 SCH 430 Elliptical,In Production,F,8002037 RETURN SPRING,32631,In Production,F,730,256,
100516 SCH 430 Elliptical,In Production,F,SERVICE - WITH PARTS Technician Visit with product shipping,32631,,F,90,,
100522 SCH Journey 2.0 Recumbent Bike,In Production,F,"8005830 8005830 SERVICE KIT, MY13 RECUM SPEED SENSOR",32737,In Production,F,365,101,120
100522 SCH Journey 2.0 Recumbent Bike,In Production,F,"8003189 CABLE, CONSOLE MAST TO CONSOLE",32737,In Production,F,365,236,275
100522 SCH Journey 2.0 Recumbent Bike,In Production,F,"8000928 SUB ASSY, FRONT STABILIZER",32737,In Production,F,730,141,
100522 SCH Journey 2.0 Recumbent Bike,In Production,F,8011182 CONSOLE ASSEMBLY 30 SERIES (MY16),32737,In Production,F,365,,
100522 SCH Journey 2.0 Recumbent Bike,In Production,F,8001682 FRONT STABILIZER TRANSPORT WHEEL,32737,In Production,F,730,104,
100522 SCH Journey 2.0 Recumbent Bike,In Production,F,"8011127 CAP TOP, MAIN SHROUD, MY16 RECUMBENT",32737,In Production,F,730,,
100522 SCH Journey 2.0 Recumbent Bike,In Production,F,"8004152 SERVICE KIT, SHROUD HARDWARE",32737,In Production,F,730,50,
100522 SCH Journey 2.0 Recumbent Bike,In Production,F,8001666 SUB-ASSY FOOT HEIGHT ADJUSTMENT,32737,In Production,F,730,114,
100522 SCH Journey 2.0 Recumbent Bike,In Production,F,8001357 CONNECTOR HR WIRE,32737,In Production,F,365,136,
100522 SCH Journey 2.0 Recumbent Bike,In Production,F,"8001218 SUB ASSY, REAR STABILIZER",32737,In Production,F,730,48,75
100522 SCH Journey 2.0 Recumbent Bike,In Production,F,8001384 RECUMBENT REAR SHROUD (REAR TOP CAP GOOD ASSEMBLY),32737,In Production,F,730,15,10
100522 SCH Journey 2.0 Recumbent Bike,In Production,F,8001579 SUB ASSY FLYWHEEL (MY13),32737,In Production,F,730,219,
100522 SCH Journey 2.0 Recumbent Bike,In Production,F,8001371 RECUMBENT MAIN SHROUD (MAST SHIM),32737,In Production,F,730,69,
100522 SCH Journey 2.0 Recumbent Bike,In Production,F,"8006841 SERVICE KIT, MAGNET BANK ASSY",32737,In Production,F,730,36,
100522 SCH Journey 2.0 Recumbent Bike,In Production,F,"8007982 PWR ADAPTER 90-132VAC to 9VDC 5% 1500mA 50-60Hz, 6 FT CORD",32737,In Production,F,365,1189,3500
100522 SCH Journey 2.0 Recumbent Bike,In Production,F,8002108 USER ASSY HRDW - SCH R230/270,32737,In Production,F,730,476,
100522 SCH Journey 2.0 Recumbent Bike,In Production,F,8001999 J BELT 480J,32737,In Production,F,365,473,
100522 SCH Journey 2.0 Recumbent Bike,In Production,F,"8002336 SERVICE KIT, SERVO MOTOR, MY13",32737,In Production,F,365,310,600
100522 SCH Journey 2.0 Recumbent Bike,In Production,F,"004-8046 MEDIA CABLE 250 MM,STEREO 90 DEGREE PLUG(BOTH SIDES)",32737,In Production,F,365,218,
100522 SCH Journey 2.0 Recumbent Bike,In Production,F,"8003301 WIRE, MAST HR",32737,In Production,F,365,200,90
100522 SCH Journey 2.0 Recumbent Bike,In Production,F,8001276 SEAT PLASTIC,32737,In Production,F,730,27,
100522 SCH Journey 2.0 Recumbent Bike,In Production,F,8001273 SUB-ASSEMBLY HANDLEBARS RECUMBENT,32737,In Production,F,730,520,
100522 SCH Journey 2.0 Recumbent Bike,In Production,F,"8003323 PEDAL ASSY, LEFT, MY13 (SMALL)",32737,In Production,F,730,370,60
100522 SCH Journey 2.0 Recumbent Bike,In Production,F,8001305 CUP HOLDER,32737,In Production,F,730,50,
100522 SCH Journey 2.0 Recumbent Bike,In Production,F,"8003324 PEDAL ASSY, RIGHT, MY13(SMALL)",32737,In Production,F,730,393,20
100522 SCH Journey 2.0 Recumbent Bike,In Production,F,8001522 HANDLE SEAT ADJUST,32737,In Production,F,730,35,
100522 SCH Journey 2.0 Recumbent Bike,In Production,F,8002037 RETURN SPRING,32737,In Production,F,365,256,
100522 SCH Journey 2.0 Recumbent Bike,In Production,F,8001528 SUB-ASSY SEAT BACK MY13,32737,In Production,F,730,261,
100522 SCH Journey 2.0 Recumbent Bike,In Production,F,8001531 SUB-ASSEMBLY HANDLEBARS SCH 230/270 MY13,32737,In Production,F,730,64,
100522 SCH Journey 2.0 Recumbent Bike,In Production,F,SERVICE - WITH PARTS Technician Visit with product shipping,32737,,F,90,,
100522 SCH Journey 2.0 Recumbent Bike,In Production,F,"8011111 ASSEMBLY REAR RECUMBENT SHROUD SCH 230 (LH), MY16",32737,In Production,F,730,,
100522 SCH Journey 2.0 Recumbent Bike,In Production,F,"8011113 ASSEMBLY SEAT SLIDER CARRIAGE SCH 230, MY16",32737,In Production,F,730,,
100522 SCH Journey 2.0 Recumbent Bike,In Production,F,8001382 RECUMBENT REAR SHROUD,32737,In Production,F,730,36,
100522 SCH Journey 2.0 Recumbent Bike,In Production,F,"8011112 ASSEMBLY REAR SHROUD RECUMBENT SCH 230 (RH), MY16",32737,In Production,F,730,,
100522 SCH Journey 2.0 Recumbent Bike,In Production,F,"8001693 SUB ASSY, ONE PIECE CRANK",32737,In Production,F,730,87,150
100522 SCH Journey 2.0 Recumbent Bike,In Production,F,"8011119 COVER SEAT HANDLE BOLTS, MY16",32737,In Production,F,730,,
100522 SCH Journey 2.0 Recumbent Bike,In Production,F,8001700 BELT TENSION SPRING,32737,In Production,F,365,133,
100522 SCH Journey 2.0 Recumbent Bike,In Production,F,"8003661 SRV KIT, SHROUD/DECAL REC LH",32737,In Production,F,730,230,50
100522 SCH Journey 2.0 Recumbent Bike,In Production,F,8001699 TENSIONER ARM SUBASSEMBLY,32737,In Production,F,730,139,
100522 SCH Journey 2.0 Recumbent Bike,In Production,F,"8003662 SRV KIT, SHROUD/DECAL REC RH",32737,,F,730,92,10
100524 SCH Journey 4.0 Elliptical,In Production,F,"8011468 CAP, CRANK COVER, SCH MY16",32630,In Production,F,730,,
100524 SCH Journey 4.0 Elliptical,In Production,F,"8002324 SERVICE KIT, REAR STEP, MY13 ELLIP",32630,In Production,F,730,94,
100524 SCH Journey 4.0 Elliptical,In Production,F,8002099 USER ASSY HRDW - SCH E430,32630,In Production,F,730,302,
100524 SCH Journey 4.0 Elliptical,In Production,F,"8011469 SHROUD, MAIN, MANUAL COVER, SCH MY16",32630,In Production,F,730,,
100524 SCH Journey 4.0 Elliptical,In Production,F,"8011467 SHROUD, CRANK COVER, SCH MY16",32630,In Production,F,730,,
100524 SCH Journey 4.0 Elliptical,In Production,F,"8011463 SHROUD, MAIN, TOP, MY16",32630,In Production,F,730,,
100524 SCH Journey 4.0 Elliptical,In Production,F,"8007982 PWR ADAPTER 90-132VAC to 9VDC 5% 1500mA 50-60Hz, 6 FT CORD",32630,In Production,F,365,1189,3500
100524 SCH Journey 4.0 Elliptical,In Production,F,"8011478 SUB ASSY, RAMP ADJUSTABLE (MY16)",32630,In Production,F,730,,
100524 SCH Journey 4.0 Elliptical,In Production,F,"8006310 SERVICE KIT, ELLIPTICAL ADJ RAMP/ARM HARDWARE",32630,In Production,F,730,21,70
100524 SCH Journey 4.0 Elliptical,In Production,F,8004226 SRV KIT ELLIP ROLLER WHL DISK,32630,In Production,F,730,,
100524 SCH Journey 4.0 Elliptical,In Production,F,"004-8046 MEDIA CABLE 250 MM,STEREO 90 DEGREE PLUG(BOTH SIDES)",32630,In Production,F,365,218,
100524 SCH Journey 4.0 Elliptical,In Production,F,"8001563 SUB ASSY, FLYWHEEL ELLIPTICAL",32630,In Production,F,730,248,
100524 SCH Journey 4.0 Elliptical,In Production,F,8003823 SRV KIT PWR SPLY BRKT MY13 430,32630,In Production,F,730,93,
100524 SCH Journey 4.0 Elliptical,In Production,F,"8011476 SUB ASSY, LEFT LEG, MY16",32630,In Production,F,730,,
100524 SCH Journey 4.0 Elliptical,In Production,F,"8002471 8002471 SUB ASSY, SHROUD MAIN (R)",32630,In Production,F,730,393,
100524 SCH Journey 4.0 Elliptical,In Production,F,"8011307 SUB ASSY, DYNAMIC ARM LEFT, MY16",32630,In Production,F,730,,
100524 SCH Journey 4.0 Elliptical,In Production,F,"8002470 8002470 SUB ASSY, SHROUD MAIN (L)",32630,In Production,F,730,377,
100524 SCH Journey 4.0 Elliptical,In Production,F,"8011893 SUB ASSY, CONSOLE MAST, ELLIPTICAL, 300lb GWL",32630,In Production,F,730,,
100524 SCH Journey 4.0 Elliptical,In Production,F,"8011477 SUB ASSY, RIGHT LEG, MY16",32630,In Production,F,730,,
100524 SCH Journey 4.0 Elliptical,In Production,F,"8011308 SUB ASSY, DYNAMIC ARM RIGHT, MY16",32630,In Production,F,730,,
100524 SCH Journey 4.0 Elliptical,In Production,F,"8001458 SUB ASSY, FOOT PEDAL LINK RIGHT E1.0",32630,In Production,F,730,155,
100524 SCH Journey 4.0 Elliptical,In Production,F,004-5598 Power Plug Wire,32630,In Production,F,365,158,35
100524 SCH Journey 4.0 Elliptical,In Production,F,"8001457 SUB ASSY, FOOT PEDAL LEFT SCHWINN 430",32630,In Production,F,730,111,
100524 SCH Journey 4.0 Elliptical,In Production,F,8011182 CONSOLE ASSEMBLY 30 SERIES (MY16),32630,In Production,F,730,,
100524 SCH Journey 4.0 Elliptical,In Production,F,"8001146 SUB ASSY, CONSOLE MOUNT / STATIC HANDLEBARS",32630,In Production,F,730,116,
100524 SCH Journey 4.0 Elliptical,In Production,F,8001153 ENDCAP REAR FOOT SUPPORT,32630,In Production,F,730,88,
100524 SCH Journey 4.0 Elliptical,In Production,F,8001144 ENDCAP STATIC HANDLEBARS,32630,In Production,F,730,79,
100524 SCH Journey 4.0 Elliptical,In Production,F,"8001145 ENDCAP, STATIC TUBE",32630,In Production,F,730,193,
100524 SCH Journey 4.0 Elliptical,In Production,F,8003824 SRV KIT SHROUD HW MY13 ELLIP,32630,In Production,F,730,92,
100524 SCH Journey 4.0 Elliptical,In Production,F,8003825 SRV KIT SPEED SENSR MY13 ELLIP,32630,In Production,F,365,272,350
100524 SCH Journey 4.0 Elliptical,In Production,F,"8001100 BUSHING, ARM PIVOT",32630,In Production,F,730,369,
100524 SCH Journey 4.0 Elliptical,In Production,F,"8001083 SUB ASSY, RATCHET HANDLE",32630,In Production,F,730,38,
100524 SCH Journey 4.0 Elliptical,In Production,F,"8006401 FLANGE NUT, M10X1.25, M, ClrZ",32630,In Production,F,730,32,30
100524 SCH Journey 4.0 Elliptical,In Production,F,"8004225 SERVICE KIT, ELLIPTICAL WHEEL",32630,In Production,F,730,818,2000
100524 SCH Journey 4.0 Elliptical,In Production,F,8000697 WELDMENT CRANK 10 IN,32630,In Production,F,730,230,
100524 SCH Journey 4.0 Elliptical,In Production,F,"8006249 SILICONE LUBRICANT BOTTLE, 1000 CINESTOKE, 1 OZ.",32630,In Production,F,90,35,
100524 SCH Journey 4.0 Elliptical,In Production,F,8002693 POWER WIRE - 12P,32630,In Production,F,365,191,425
100524 SCH Journey 4.0 Elliptical,In Production,F,"8001110 END CAP, DYNAMIC ARM",32630,In Production,F,730,118,
100524 SCH Journey 4.0 Elliptical,In Production,F,8001129 MAST BOOT,32630,In Production,F,730,72,
100524 SCH Journey 4.0 Elliptical,In Production,F,8001999 J BELT 480J,32630,In Production,F,365,473,
100524 SCH Journey 4.0 Elliptical,In Production,F,8002697 UPPER CONSOLE WIRE,32630,In Production,F,365,177,50
100524 SCH Journey 4.0 Elliptical,In Production,F,8004263 SRV KIT ELLIPTICAL KNUCKLE HDW,32630,In Production,F,365,48,50
100524 SCH Journey 4.0 Elliptical,In Production,F,"8002325 SERVICE KIT, REAR FLOOR CAP, MY13 ELLIP",32630,In Production,F,730,260,
100524 SCH Journey 4.0 Elliptical,In Production,F,"8002326 SERVICE KIT, BOTTLE HOLDER, MY13 ELLIP",32630,In Production,F,730,30,15
100524 SCH Journey 4.0 Elliptical,In Production,F,"8002327 SERVICE KIT, FRNT TRNSPRT WHL, MY13 ELLIP",32630,In Production,F,42,43,125
100524 SCH Journey 4.0 Elliptical,In Production,F,"8001010 SUB ASSY, LOWER BAR RIGHT",32630,In Production,F,730,32,75
100524 SCH Journey 4.0 Elliptical,In Production,F,"8002336 SERVICE KIT, SERVO MOTOR, MY13",32630,In Production,F,365,310,600
100524 SCH Journey 4.0 Elliptical,In Production,F,"8001036 SUB ASSY, FRONT STABILIZER",32630,In Production,F,730,41,
100524 SCH Journey 4.0 Elliptical,In Production,F,"8002344 SERVICE KIT, EDDY BRAKE ASSY, MY13 ELLIP",32630,In Production,F,730,61,
100524 SCH Journey 4.0 Elliptical,In Production,F,8001038 ASSEMBLY HAND ADJUSTABLE FOOT,32630,In Production,F,730,130,
100524 SCH Journey 4.0 Elliptical,In Production,F,"8002345 SERVICE KIT, BELT TENSIONER, MY13 ELLIP",32630,In Production,F,730,33,45
100524 SCH Journey 4.0 Elliptical,In Production,F,"8001039 SHAFT, HANDLEBAR CONNECTION",32630,In Production,F,730,369,
100524 SCH Journey 4.0 Elliptical,In Production,F,"8002347 SERVICE KIT, PLASTIC RATCHET, MY13 ELLIP",32630,In Production,F,730,92,
100524 SCH Journey 4.0 Elliptical,In Production,F,"8001065 SUB ASSY, CRANK SPINDLE W/ PULLEY",32630,In Production,F,730,179,
100524 SCH Journey 4.0 Elliptical,In Production,F,8002361 MAIN SHROUD INSERTS,32630,In Production,F,730,96,
100524 SCH Journey 4.0 Elliptical,In Production,F,902-4162 NUT-THIN M10 - 1.5 G2 BlkZ,32630,In Production,F,730,78,25
100524 SCH Journey 4.0 Elliptical,In Production,F,"8002698 CABLE, CONSOLE CONNECTOR",32630,In Production,F,365,65,100
100524 SCH Journey 4.0 Elliptical,In Production,F,"8001002 SUB ASSY, LOWER BAR LEFT",32630,In Production,F,730,56,40
100524 SCH Journey 4.0 Elliptical,In Production,F,8002037 RETURN SPRING,32630,In Production,F,730,256,
100524 SCH Journey 4.0 Elliptical,In Production,F,SERVICE - WITH PARTS Technician Visit with product shipping,32630,,F,90,,
100520 SCH Journey 1.0 Upright Bike,In Production,F,903-0530 PAN HD PHILLIPS SCREW M2.9 x 9.5 CL8.8_BlkZ ST,32734,In Production,F,730,84,
100520 SCH Journey 1.0 Upright Bike,In Production,F,"8005831 8005831 SERVICE KIT, SERVO MOTOR, UPRIGHT",32734,In Production,F,365,282,250
100520 SCH Journey 1.0 Upright Bike,In Production,F,903-0540 PAN HD PHILLIPS SCREW M3.5 x 16 CL8.8_BlkZ ST,32734,,F,730,77,
100520 SCH Journey 1.0 Upright Bike,In Production,F,"8003165 CABLE ASSY,12-WIRE,MAST, 920MM",32734,In Production,F,365,296,325
100520 SCH Journey 1.0 Upright Bike,In Production,F,"8011888 SUB ASSY, CONSOLE MAST, UPRIGHT, 300lb GWL",32734,In Production,F,730,,
100520 SCH Journey 1.0 Upright Bike,In Production,F,"8000928 SUB ASSY, FRONT STABILIZER",32734,In Production,F,730,141,
100520 SCH Journey 1.0 Upright Bike,In Production,F,8011182 CONSOLE ASSEMBLY 30 SERIES (MY16),32734,In Production,F,365,,
100520 SCH Journey 1.0 Upright Bike,In Production,F,004-2899 POP PIN MECHANICAL ASSEMBLY,32734,In Production,F,730,170,35
100520 SCH Journey 1.0 Upright Bike,In Production,F,8001682 FRONT STABILIZER TRANSPORT WHEEL,32734,In Production,F,730,104,
100520 SCH Journey 1.0 Upright Bike,In Production,F,"8001675 ""T"" HANDLE",32734,In Production,F,730,64,
100520 SCH Journey 1.0 Upright Bike,In Production,F,"8002224 SERVICE KIT, MY13 BELT TENSION ASSY",32734,In Production,F,730,122,
100520 SCH Journey 1.0 Upright Bike,In Production,F,8001666 SUB-ASSY FOOT HEIGHT ADJUSTMENT,32734,In Production,F,730,114,
100520 SCH Journey 1.0 Upright Bike,In Production,F,"8001663 SUB ASSY, SEAT POST SCH-130",32734,In Production,F,730,59,
100520 SCH Journey 1.0 Upright Bike,In Production,F,"8001218 SUB ASSY, REAR STABILIZER",32734,In Production,F,730,48,75
100520 SCH Journey 1.0 Upright Bike,In Production,F,8001216 MAIN SHROUD SEAT POST,32734,In Production,F,730,110,
100520 SCH Journey 1.0 Upright Bike,In Production,F,8001210 SEAT SLIDE BUSHING,32734,In Production,F,730,77,
100520 SCH Journey 1.0 Upright Bike,In Production,F,8001242 MAST GASKET,32734,In Production,F,730,125,
100520 SCH Journey 1.0 Upright Bike,In Production,F,"8001654 SUB ASSY, HANDLEBAR SCH-130",32734,In Production,F,730,146,
100520 SCH Journey 1.0 Upright Bike,In Production,F,8001352 POWER PLUG,32734,In Production,F,365,246,
100520 SCH Journey 1.0 Upright Bike,In Production,F,"8007982 PWR ADAPTER 90-132VAC to 9VDC 5% 1500mA 50-60Hz, 6 FT CORD",32734,In Production,F,365,1189,3500
100520 SCH Journey 1.0 Upright Bike,In Production,F,8002002 WATER BOTTLE HOLDER,32734,In Production,F,730,72,
100520 SCH Journey 1.0 Upright Bike,In Production,F,"8002104 USER ASSY HARDWARE, SCH 130/170",32734,In Production,F,730,126,
100520 SCH Journey 1.0 Upright Bike,In Production,F,8001999 J BELT 480J,32734,In Production,F,730,473,
100520 SCH Journey 1.0 Upright Bike,In Production,F,8001253 SEAT ASSEMBLY,32734,In Production,F,730,144,
100520 SCH Journey 1.0 Upright Bike,In Production,F,"004-8046 MEDIA CABLE 250 MM,STEREO 90 DEGREE PLUG(BOTH SIDES)",32734,In Production,F,365,218,
100520 SCH Journey 1.0 Upright Bike,In Production,F,"8003323 PEDAL ASSY, LEFT, MY13 (SMALL)",32734,In Production,F,730,370,60
100520 SCH Journey 1.0 Upright Bike,In Production,F,"8003648 SRV KIT, SHROUD/DECAL UPR LH",32734,In Production,F,730,78,
100520 SCH Journey 1.0 Upright Bike,In Production,F,"8003324 PEDAL ASSY, RIGHT, MY13(SMALL)",32734,In Production,F,730,393,20
100520 SCH Journey 1.0 Upright Bike,In Production,F,"8002223 SERVICE KIT, MY13 FLYWHEEL",32734,In Production,F,730,304,
100520 SCH Journey 1.0 Upright Bike,In Production,F,"8002222 SERVICE KIT, MY13 SPEED SENSOR",32734,In Production,F,365,426,
100520 SCH Journey 1.0 Upright Bike,In Production,F,"8003649 SRV KIT, SHROUD/DECAL UPR RH",32734,In Production,F,730,79,
100520 SCH Journey 1.0 Upright Bike,In Production,F,8002037 RETURN SPRING,32734,In Production,F,730,256,
100520 SCH Journey 1.0 Upright Bike,In Production,F,SERVICE - WITH PARTS Technician Visit with product shipping,32734,,F,90,,
100520 SCH Journey 1.0 Upright Bike,In Production,F,8001702 MAGNET BANK SCH-130/170,32734,In Production,F,730,49,
100520 SCH Journey 1.0 Upright Bike,In Production,F,"8011007 MAIN SHROUD TOP, MY16",32734,In Production,F,730,,
100520 SCH Journey 1.0 Upright Bike,In Production,F,"8001693 SUB ASSY, ONE PIECE CRANK",32734,In Production,F,730,87,150
100520 SCH Journey 1.0 Upright Bike,In Production,F,8001684 HANDLEBAR SHROUD TOP,32734,In Production,F,730,42,
100493 NLS U618 UPRIGHT BIKE,In Production,F,8009140 SUB-ASSY SEAT POST,29175,In Production,F,1825,,
100352 SCH 130 Upright Litho,In Production,F,"8007982 PWR ADAPTER 90-132VAC to 9VDC 5% 1500mA 50-60Hz, 6 FT CORD",3968,In Production,F,365,1189,3500
100353 SCH 230 Recumbent Litho,In Production,F,8001357 CONNECTOR HR WIRE,3969,In Production,F,365,136,
100364 SCH JOURNEY 2.0 Recumbent Bike,In Production,F,"8007982 PWR ADAPTER 90-132VAC to 9VDC 5% 1500mA 50-60Hz, 6 FT CORD",3976,In Production,F,365,1189,3500
100448 SCH JOURNEY 2.0 RECUMBENT BIKE - CANADA,In Production,F,"8007982 PWR ADAPTER 90-132VAC to 9VDC 5% 1500mA 50-60Hz, 6 FT CORD",23330,In Production,F,365,1189,3500
100493 NLS U618 UPRIGHT BIKE,In Production,F,8009140 SUB-ASSY SEAT POST,29175,In Production,F,1825,,
