Treadclimber,CAM44497 dosg2esl1,,1/19/2015,1/19/2015,1,Online Search,Web
Treadclimber,CAM44497 dosg2esl1,,1/20/2015,1/19/2015,3,Online Search,Web
Treadclimber,CAM44497 dosg2esl1,,1/21/2015,1/19/2015,2,Online Search,Web
Treadclimber,CAM44497 dosg2esl1,,1/22/2015,1/19/2015,1,Online Search,Web
Treadclimber,CAM44497 dosg2esl1,,1/23/2015,1/19/2015,1,Online Search,Web
Treadclimber,CAM44497 dosg2esl1,,1/24/2015,1/19/2015,1,Online Search,Web
Treadclimber,CAM44497 dosg2esl1,,1/25/2015,1/19/2015,1,Online Search,Web
Treadclimber,CAM44520 dosbiegl1mx,,1/21/2015,1/19/2015,1,Online Search,Web
Treadclimber,CAM44520 dosbiegl1mx,,1/24/2015,1/19/2015,1,Online Search,Web
Treadclimber,CAM44520 dosbiegl1mx,,1/25/2015,1/19/2015,1,Online Search,Web
Treadclimber,CAM44952 dosbieml1,,1/20/2015,1/19/2015,1,Online Search,Web
Treadclimber,CAM45009 dosg2eml1,,1/23/2015,1/19/2015,2,Online Search,Web
Treadclimber,CAM45009 dosg2eml1,,1/25/2015,1/19/2015,1,Online Search,Web
Treadclimber,CAM45122 SAWDOSBIE_TRC,1/19/2015,1/19/2015,1/19/2015,1,Online Search,Call Center Internal
Treadclimber,CAM45730 DOSG2ESL7,,1/19/2015,1/19/2015,1,Online Search,Web
Treadclimber,CAM45852 DOSG2TSL32,1/19/2015,1/19/2015,1/19/2015,1,Online Search,Web
Treadclimber,CAM45852 DOSG2TSL32,1/21/2015,1/21/2015,1/19/2015,1,Online Search,Web
Treadclimber,CAM45852 DOSG2TSL32,1/23/2015,1/23/2015,1/19/2015,2,Online Search,Web
Treadclimber,CAM45852 DOSG2TSL32,1/24/2015,1/24/2015,1/19/2015,2,Online Search,Web
Treadclimber,CAM45852 DOSG2TSL32,1/25/2015,1/25/2015,1/19/2015,2,Online Search,Web
Treadclimber,CAM45853 DOSBITSL16,1/19/2015,1/19/2015,1/19/2015,1,Online Search,Web
Treadclimber,CAM45853 DOSBITSL16,1/21/2015,1/19/2015,1/19/2015,1,Online Search,Web
Treadclimber,CAM45853 DOSBITSL16,1/20/2015,1/20/2015,1/19/2015,1,Online Search,Web
Treadclimber,CAM45853 DOSBITSL16,1/22/2015,1/22/2015,1/19/2015,4,Online Search,Web
Treadclimber,CAM45853 DOSBITSL16,1/23/2015,1/23/2015,1/19/2015,1,Online Search,Web
Treadclimber,CAM45853 DOSBITSL16,1/25/2015,1/25/2015,1/19/2015,2,Online Search,Web
Treadclimber,CAM46146 DOSBITSL17,1/19/2015,1/19/2015,1/19/2015,20,Online Search,Web
Treadclimber,CAM46146 DOSBITSL17,,1/19/2015,1/19/2015,6,Online Search,Web
Treadclimber,CAM46146 DOSBITSL17,1/20/2015,1/20/2015,1/19/2015,21,Online Search,Web
Treadclimber,CAM46146 DOSBITSL17,,1/20/2015,1/19/2015,3,Online Search,Web
Treadclimber,CAM46146 DOSBITSL17,1/21/2015,1/21/2015,1/19/2015,18,Online Search,Web
Treadclimber,CAM46146 DOSBITSL17,,1/21/2015,1/19/2015,1,Online Search,Web
Treadclimber,CAM46146 DOSBITSL17,1/22/2015,1/22/2015,1/19/2015,19,Online Search,Web
Treadclimber,CAM46146 DOSBITSL17,,1/22/2015,1/19/2015,5,Online Search,Web
Treadclimber,CAM46146 DOSBITSL17,1/23/2015,1/23/2015,1/19/2015,20,Online Search,Web
Treadclimber,CAM46146 DOSBITSL17,1/24/2015,1/23/2015,1/19/2015,1,Online Search,Web
Treadclimber,CAM46146 DOSBITSL17,,1/23/2015,1/19/2015,4,Online Search,Web
Treadclimber,CAM46146 DOSBITSL17,1/24/2015,1/24/2015,1/19/2015,20,Online Search,Web
Treadclimber,CAM46146 DOSBITSL17,,1/24/2015,1/19/2015,4,Online Search,Web
Treadclimber,CAM46146 DOSBITSL17,1/25/2015,1/25/2015,1/19/2015,22,Online Search,Web
Treadclimber,CAM46146 DOSBITSL17,,1/25/2015,1/19/2015,6,Online Search,Web
Treadclimber,CAM32123 dofg2tfeed1,1/19/2015,1/19/2015,1/19/2015,18,Online Shopping,Web
Treadclimber,CAM32123 dofg2tfeed1,,1/19/2015,1/19/2015,9,Online Shopping,Web
Treadclimber,CAM32123 dofg2tfeed1,1/20/2015,1/20/2015,1/19/2015,14,Online Shopping,Web
Treadclimber,CAM32123 dofg2tfeed1,,1/20/2015,1/19/2015,9,Online Shopping,Web
Treadclimber,CAM32123 dofg2tfeed1,1/21/2015,1/21/2015,1/19/2015,15,Online Shopping,Web
Treadclimber,CAM32123 dofg2tfeed1,,1/21/2015,1/19/2015,8,Online Shopping,Web
Treadclimber,CAM32123 dofg2tfeed1,1/22/2015,1/22/2015,1/19/2015,7,Online Shopping,Web
Treadclimber,CAM32123 dofg2tfeed1,,1/22/2015,1/19/2015,15,Online Shopping,Web
Treadclimber,CAM32123 dofg2tfeed1,1/23/2015,1/23/2015,1/19/2015,19,Online Shopping,Web
Treadclimber,CAM32123 dofg2tfeed1,,1/23/2015,1/19/2015,13,Online Shopping,Web
Treadclimber,CAM32123 dofg2tfeed1,1/24/2015,1/24/2015,1/19/2015,16,Online Shopping,Web
Treadclimber,CAM32123 dofg2tfeed1,,1/24/2015,1/19/2015,15,Online Shopping,Web
Treadclimber,CAM32123 dofg2tfeed1,1/25/2015,1/25/2015,1/19/2015,17,Online Shopping,Web
Treadclimber,CAM32123 dofg2tfeed1,,1/25/2015,1/19/2015,12,Online Shopping,Web
Treadclimber,CAM32125 dofnexttfeed1,,1/19/2015,1/19/2015,1,Online Shopping,Web
Treadclimber,CAM32125 dofnexttfeed1,,1/20/2015,1/19/2015,1,Online Shopping,Web
Treadclimber,CAM32125 dofnexttfeed1,1/21/2015,1/21/2015,1/19/2015,1,Online Shopping,Web
Treadclimber,CAM32125 dofnexttfeed1,1/22/2015,1/22/2015,1/19/2015,2,Online Shopping,Web
Treadclimber,CAM32125 dofnexttfeed1,,1/23/2015,1/19/2015,2,Online Shopping,Web
Treadclimber,CAM32125 dofnexttfeed1,,1/24/2015,1/19/2015,1,Online Shopping,Web
Treadclimber,CAM32125 dofnexttfeed1,1/25/2015,1/25/2015,1/19/2015,1,Online Shopping,Web
Treadclimber,CAM32126 dofpgtfeed1,,1/19/2015,1/19/2015,1,Online Shopping,Web
Treadclimber,CAM32126 dofpgtfeed1,,1/21/2015,1/19/2015,1,Online Shopping,Web
Treadclimber,CAM32126 dofpgtfeed1,1/23/2015,1/23/2015,1/19/2015,1,Online Shopping,Web
Treadclimber,CAM32126 dofpgtfeed1,,1/23/2015,1/19/2015,1,Online Shopping,Web
Treadclimber,CAM32126 dofpgtfeed1,,1/24/2015,1/19/2015,1,Online Shopping,Web
Treadclimber,CAM33953 SAWDOFG2C,,1/19/2015,1/19/2015,1,Online Shopping,Call Center Internal
Treadclimber,CAM33953 SAWDOFG2C,,1/21/2015,1/19/2015,2,Online Shopping,Call Center Internal
Treadclimber,CAM33953 SAWDOFG2C,,1/25/2015,1/19/2015,2,Online Shopping,Call Center Internal
Treadclimber,CAM33966 dofg2cfeed1,,1/19/2015,1/19/2015,2,Online Shopping,Web
Treadclimber,CAM33966 dofg2cfeed1,,1/20/2015,1/19/2015,1,Online Shopping,Web
Treadclimber,CAM33966 dofg2cfeed1,,1/21/2015,1/19/2015,1,Online Shopping,Web
Treadclimber,CAM33966 dofg2cfeed1,,1/22/2015,1/19/2015,1,Online Shopping,Web
Treadclimber,CAM33966 dofg2cfeed1,,1/23/2015,1/19/2015,1,Online Shopping,Web
Treadclimber,CAM44482 dofcattfeed1,1/23/2015,1/23/2015,1/19/2015,1,Online Shopping,Web
Treadclimber,CAM44482 dofcattfeed1,1/24/2015,1/24/2015,1/19/2015,1,Online Shopping,Web
Treadclimber,CAM44887 dofg2efeed1,,1/20/2015,1/19/2015,1,Online Shopping,Web
Treadclimber,CAM44887 dofg2efeed1,,1/22/2015,1/19/2015,2,Online Shopping,Web
Treadclimber,CAM44887 dofg2efeed1,,1/23/2015,1/19/2015,3,Online Shopping,Web
Treadclimber,CAM44887 dofg2efeed1,,1/24/2015,1/19/2015,1,Online Shopping,Web
Treadclimber,CAM45043 SAWDOFG2E,,1/19/2015,1/19/2015,2,Online Shopping,Call Center Internal
Treadclimber,CAM45043 SAWDOFG2E,,1/20/2015,1/19/2015,1,Online Shopping,Call Center Internal
Treadclimber,CAM45043 SAWDOFG2E,,1/21/2015,1/19/2015,1,Online Shopping,Call Center Internal
Treadclimber,CAM45043 SAWDOFG2E,,1/22/2015,1/19/2015,1,Online Shopping,Call Center Internal
Treadclimber,CAM45043 SAWDOFG2E,,1/23/2015,1/19/2015,1,Online Shopping,Call Center Internal
Treadclimber,CAM45043 SAWDOFG2E,,1/21/2015,1/19/2015,1,Online Shopping,Third Party Call Center - Evolve
Treadclimber,CAM45043 SAWDOFG2E,,1/24/2015,1/19/2015,1,Online Shopping,Third Party Call Center - Evolve
Treadclimber,CAM37290 doohulutvl1,1/20/2015,1/20/2015,1/19/2015,2,Online Video,Web
Treadclimber,CAM37290 doohulutvl1,1/24/2015,1/24/2015,1/19/2015,3,Online Video,Web
Treadclimber,CAM37290 doohulutvl1,1/25/2015,1/25/2015,1/19/2015,1,Online Video,Web
Treadclimber,CAM45803 DOVHULUTVL3,1/19/2015,1/19/2015,1/19/2015,6,Online Video,Web
Treadclimber,CAM45803 DOVHULUTVL3,1/20/2015,1/20/2015,1/19/2015,5,Online Video,Web
Treadclimber,CAM45803 DOVHULUTVL3,1/21/2015,1/21/2015,1/19/2015,3,Online Video,Web
Treadclimber,CAM45803 DOVHULUTVL3,1/22/2015,1/22/2015,1/19/2015,4,Online Video,Web
Treadclimber,CAM45803 DOVHULUTVL3,1/23/2015,1/23/2015,1/19/2015,4,Online Video,Web
Treadclimber,CAM45803 DOVHULUTVL3,1/24/2015,1/24/2015,1/19/2015,5,Online Video,Web
Treadclimber,CAM45803 DOVHULUTVL3,,1/24/2015,1/19/2015,1,Online Video,Web
Treadclimber,CAM45803 DOVHULUTVL3,1/25/2015,1/25/2015,1/19/2015,7,Online Video,Web
Treadclimber,CAM46415 DOVPIXTVL1,1/24/2015,1/24/2015,1/19/2015,2,Online Video,Call Center Internal
Treadclimber,CAM46415 DOVPIXTVL1,1/21/2015,1/21/2015,1/19/2015,2,Online Video,Web
Treadclimber,CAM46415 DOVPIXTVL1,1/22/2015,1/22/2015,1/19/2015,2,Online Video,Web
Treadclimber,CAM46415 DOVPIXTVL1,1/23/2015,1/23/2015,1/19/2015,2,Online Video,Web
Treadclimber,CAM46415 DOVPIXTVL1,1/25/2015,1/25/2015,1/19/2015,2,Online Video,Web
Treadclimber,CAM46572 DOVPIXTVL3,1/19/2015,1/19/2015,1/19/2015,1,Online Video,Web
Treadclimber,CAM46572 DOVPIXTVL3,1/21/2015,1/21/2015,1/19/2015,2,Online Video,Web
Treadclimber,CAM46572 DOVPIXTVL3,1/22/2015,1/22/2015,1/19/2015,1,Online Video,Web
Treadclimber,CAM46572 DOVPIXTVL3,1/23/2015,1/23/2015,1/19/2015,2,Online Video,Web
Treadclimber,CAM46572 DOVPIXTVL3,1/24/2015,1/24/2015,1/19/2015,1,Online Video,Web
Treadclimber,CAM30938 SHOPTEXTWALK,1/20/2015,1/20/2015,1/19/2015,6,Other - Agency,Shoptext
Treadclimber,CAM30938 SHOPTEXTWALK,1/21/2015,1/21/2015,1/19/2015,2,Other - Agency,Shoptext
Treadclimber,CAM30938 SHOPTEXTWALK,1/23/2015,1/23/2015,1/19/2015,3,Other - Agency,Shoptext
Treadclimber,CAM30938 SHOPTEXTWALK,1/24/2015,1/24/2015,1/19/2015,1,Other - Agency,Shoptext
Treadclimber,CAM34858 SHOPTEXTSTEP,1/21/2015,1/21/2015,1/19/2015,2,Other - Agency,Shoptext
Treadclimber,CAM34858 SHOPTEXTSTEP,1/23/2015,1/23/2015,1/19/2015,3,Other - Agency,Shoptext
Treadclimber,CAM34858 SHOPTEXTSTEP,1/25/2015,1/25/2015,1/19/2015,2,Other - Agency,Shoptext
Treadclimber,CAM41285 deotshoptextstep,1/20/2015,1/20/2015,1/19/2015,3,Other - Agency,Web
Treadclimber,CAM41285 deotshoptextstep,1/21/2015,1/21/2015,1/19/2015,1,Other - Agency,Web
Treadclimber,CAM41285 deotshoptextstep,1/22/2015,1/22/2015,1/19/2015,2,Other - Agency,Web
Treadclimber,CAM41285 deotshoptextstep,1/24/2015,1/24/2015,1/19/2015,1,Other - Agency,Web
Treadclimber,CAM41285 deotshoptextstep,1/25/2015,1/25/2015,1/19/2015,2,Other - Agency,Web
Treadclimber,CAM41286 deotshoptextwalk,1/19/2015,1/19/2015,1/19/2015,1,Other - Agency,Web
Treadclimber,CAM41286 deotshoptextwalk,1/20/2015,1/20/2015,1/19/2015,3,Other - Agency,Web
Treadclimber,CAM41286 deotshoptextwalk,1/21/2015,1/21/2015,1/19/2015,2,Other - Agency,Web
Treadclimber,CAM41286 deotshoptextwalk,1/23/2015,1/23/2015,1/19/2015,3,Other - Agency,Web
Treadclimber,CAM41286 deotshoptextwalk,1/24/2015,1/24/2015,1/19/2015,1,Other - Agency,Web
Treadclimber,CAM41286 deotshoptextwalk,1/25/2015,1/25/2015,1/19/2015,3,Other - Agency,Web
Treadclimber,CAM34918 P0311WOMDYAPRIL,,1/25/2015,1/19/2015,1,Print,Call Center Internal
Treadclimber,CAM37546 P1112FITRXTC20,1/19/2015,1/19/2015,1/19/2015,1,Print,Call Center Internal
Treadclimber,CAM41335 P0114HLTHTC20B,1/21/2015,1/21/2015,1/19/2015,1,Print,Third Party Call Center - Evolve
Treadclimber,CAM43745 P0214WODAYTC20B,1/19/2015,1/19/2015,1/19/2015,1,Print,Third Party Call Center - Evolve
Treadclimber,CAM45013 P0614WEBMDTC20B,1/20/2015,1/20/2015,1/19/2015,1,Print,Call Center Internal
Treadclimber,CAM45013 P0614WEBMDTC20B,1/21/2015,1/21/2015,1/19/2015,3,Print,Call Center Internal
Treadclimber,CAM45013 P0614WEBMDTC20B,1/22/2015,1/22/2015,1/19/2015,1,Print,Call Center Internal
Treadclimber,CAM45013 P0614WEBMDTC20B,1/23/2015,1/23/2015,1/19/2015,1,Print,Call Center Internal
Treadclimber,CAM45013 P0614WEBMDTC20B,1/25/2015,1/25/2015,1/19/2015,2,Print,Call Center Internal
Treadclimber,CAM45869 P0115WEWATPURP,,1/19/2015,1/19/2015,1,Print,Call Center Internal
Treadclimber,CAM45869 P0115WEWATPURP,1/20/2015,1/20/2015,1/19/2015,2,Print,Call Center Internal
Treadclimber,CAM45869 P0115WEWATPURP,1/21/2015,1/21/2015,1/19/2015,1,Print,Call Center Internal
Treadclimber,CAM45869 P0115WEWATPURP,1/22/2015,1/22/2015,1/19/2015,1,Print,Call Center Internal
Treadclimber,CAM45871 P12141STWMNCOLL,1/19/2015,1/19/2015,1/19/2015,3,Print,Call Center Internal
Treadclimber,CAM45871 P12141STWMNCOLL,1/24/2015,1/24/2015,1/19/2015,1,Print,Call Center Internal
Treadclimber,CAM45872 P1114AARPCOLL,1/22/2015,1/22/2015,1/19/2015,1,Print,Call Center Internal
Treadclimber,CAM45874 P1114ADATCSCOLL,1/21/2015,1/20/2015,1/19/2015,1,Print,Third Party Call Center - Evolve
Treadclimber,CAM45875 P0115HEALTHTC20B,1/19/2015,1/19/2015,1/19/2015,1,Print,Call Center Internal
Treadclimber,CAM45875 P0115HEALTHTC20B,1/24/2015,1/24/2015,1/19/2015,1,Print,Call Center Internal
Treadclimber,CAM46855 P0115DISLFMGCOLL,1/22/2015,1/22/2015,1/19/2015,1,Print,Call Center Internal
Treadclimber,CAM46855 P0115DISLFMGCOLL,1/21/2015,1/21/2015,1/19/2015,1,Print,Third Party Call Center - Evolve
Treadclimber,CAM46856 P0115MENSFTNICK,1/24/2015,1/24/2015,1/19/2015,1,Print,Third Party Call Center - Evolve
Treadclimber,CAM46857 P0115PEOPLENICK,1/21/2015,1/21/2015,1/19/2015,1,Print,Call Center Internal
Treadclimber,CAM46857 P0115PEOPLENICK,1/22/2015,1/22/2015,1/19/2015,1,Print,Call Center Internal
Treadclimber,CAM46857 P0115PEOPLENICK,1/23/2015,1/23/2015,1/19/2015,1,Print,Call Center Internal
Treadclimber,CAM46857 P0115PEOPLENICK,1/19/2015,1/19/2015,1/19/2015,1,Print,Third Party Call Center - West
Treadclimber,CAM46858 P0115PEOPLETC20B,,1/21/2015,1/19/2015,1,Print,Call Center Internal
Treadclimber,CAM46858 P0115PEOPLETC20B,1/25/2015,1/25/2015,1/19/2015,1,Print,Call Center Internal
Treadclimber,CAM46858 P0115PEOPLETC20B,1/19/2015,1/19/2015,1/19/2015,1,Print,Third Party Call Center - Evolve
Treadclimber,CAM46858 P0115PEOPLETC20B,1/20/2015,1/20/2015,1/19/2015,1,Print,Third Party Call Center - Evolve
Treadclimber,CAM46877 P0215FAMCIRCOLL,1/19/2015,1/19/2015,1/19/2015,3,Print,Call Center Internal
Treadclimber,CAM46877 P0215FAMCIRCOLL,1/20/2015,1/20/2015,1/19/2015,4,Print,Call Center Internal
Treadclimber,CAM46877 P0215FAMCIRCOLL,1/21/2015,1/21/2015,1/19/2015,1,Print,Call Center Internal
Treadclimber,CAM46877 P0215FAMCIRCOLL,1/22/2015,1/22/2015,1/19/2015,1,Print,Call Center Internal
Treadclimber,CAM46877 P0215FAMCIRCOLL,1/23/2015,1/23/2015,1/19/2015,1,Print,Call Center Internal
Treadclimber,CAM46877 P0215FAMCIRCOLL,1/24/2015,1/24/2015,1/19/2015,1,Print,Call Center Internal
Treadclimber,CAM46877 P0215FAMCIRCOLL,1/25/2015,1/25/2015,1/19/2015,1,Print,Call Center Internal
Treadclimber,CAM46877 P0215FAMCIRCOLL,,1/19/2015,1/19/2015,1,Print,Third Party Call Center - Evolve
Treadclimber,CAM46877 P0215FAMCIRCOLL,,1/20/2015,1/19/2015,1,Print,Third Party Call Center - Evolve
Treadclimber,CAM46888 P0215WMNWRLDCOLL,1/23/2015,1/23/2015,1/19/2015,2,Print,Call Center Internal
Treadclimber,CAM46888 P0215WMNWRLDCOLL,1/24/2015,1/24/2015,1/19/2015,1,Print,Call Center Internal
Treadclimber,CAM46888 P0215WMNWRLDCOLL,1/25/2015,1/25/2015,1/19/2015,4,Print,Call Center Internal
Treadclimber,CAM46888 P0215WMNWRLDCOLL,1/23/2015,1/23/2015,1/19/2015,1,Print,Third Party Call Center - Evolve
Treadclimber,CAM46888 P0215WMNWRLDCOLL,1/24/2015,1/24/2015,1/19/2015,1,Print,Third Party Call Center - Evolve
Treadclimber,CAM46888 P0215WMNWRLDCOLL,1/24/2015,1/24/2015,1/19/2015,1,Print,Third Party Call Center - West
Treadclimber,CAM1 ****N5MNBWAP5***_TRC,1/22/2015,1/22/2015,1/19/2015,1,Short Form,Call Center Internal
Treadclimber,CAM2723 ION*N120SHREV***_TRC,1/19/2015,1/19/2015,1/19/2015,1,Short Form,Call Center Internal
Treadclimber,CAM2723 ION*N120SHREV***_TRC,1/23/2015,1/23/2015,1/19/2015,1,Short Form,Call Center Internal
Treadclimber,CAM2723 ION*N120SHREV***_TRC,1/24/2015,1/24/2015,1/19/2015,2,Short Form,Call Center Internal
Treadclimber,CAM35680 INTELEMEDIACA,1/19/2015,1/19/2015,1/19/2015,1,Short Form,Call Center Internal
Treadclimber,CAM35680 INTELEMEDIACA,,1/22/2015,1/19/2015,1,Short Form,Call Center Internal
Treadclimber,CAM35680 INTELEMEDIACA,1/24/2015,1/24/2015,1/19/2015,1,Short Form,Call Center Internal
Treadclimber,CAM35840 METVN120TSTOR***,1/23/2015,1/23/2015,1/19/2015,1,Short Form,Call Center Internal
Treadclimber,CAM37231 VEL*N120FLOOPTIC,1/24/2015,1/24/2015,1/19/2015,1,Short Form,Call Center Internal
Treadclimber,CAM37982 WILDP120FLOOPWST,1/25/2015,1/25/2015,1/19/2015,1,Short Form,Third Party Call Center - West
Treadclimber,CAM39703 GOSPN120FLFINTIC,1/25/2015,1/25/2015,1/19/2015,1,Short Form,Call Center Internal
Treadclimber,CAM41122 CLASP60*JRNEYWST,1/25/2015,1/25/2015,1/19/2015,1,Short Form,Third Party Call Center - West
Treadclimber,CAM44649 METVN60*GRT2HTIC,1/25/2015,1/25/2015,1/19/2015,1,Short Form,Call Center Internal
Treadclimber,CAM44825 CMGBP60*GRT2HWST,1/19/2015,1/19/2015,1/19/2015,1,Short Form,Third Party Call Center - West
Treadclimber,CAM44825 CMGBP60*GRT2HWST,1/23/2015,1/23/2015,1/19/2015,1,Short Form,Third Party Call Center - West
Treadclimber,CAM44826 CMGCP60*GRT2HWST,1/19/2015,1/19/2015,1/19/2015,3,Short Form,Third Party Call Center - West
Treadclimber,CAM44826 CMGCP60*GRT2HWST,1/20/2015,1/20/2015,1/19/2015,1,Short Form,Third Party Call Center - West
Treadclimber,CAM44826 CMGCP60*GRT2HWST,1/21/2015,1/21/2015,1/19/2015,1,Short Form,Third Party Call Center - West
Treadclimber,CAM44826 CMGCP60*GRT2HWST,1/22/2015,1/22/2015,1/19/2015,1,Short Form,Third Party Call Center - West
Treadclimber,CAM44826 CMGCP60*GRT2HWST,1/23/2015,1/23/2015,1/19/2015,1,Short Form,Third Party Call Center - West
Treadclimber,CAM44826 CMGCP60*GRT2HWST,1/25/2015,1/25/2015,1/19/2015,2,Short Form,Third Party Call Center - West
Treadclimber,CAM44833 CMGAP60*GRT2HWST,1/19/2015,1/19/2015,1/19/2015,1,Short Form,Third Party Call Center - West
Treadclimber,CAM44833 CMGAP60*GRT2HWST,1/20/2015,1/20/2015,1/19/2015,1,Short Form,Third Party Call Center - West
Treadclimber,CAM44833 CMGAP60*GRT2HWST,1/21/2015,1/21/2015,1/19/2015,1,Short Form,Third Party Call Center - West
Treadclimber,CAM44833 CMGAP60*GRT2HWST,1/22/2015,1/22/2015,1/19/2015,1,Short Form,Third Party Call Center - West
Treadclimber,CAM44833 CMGAP60*GRT2HWST,1/23/2015,1/23/2015,1/19/2015,2,Short Form,Third Party Call Center - West
Treadclimber,CAM44833 CMGAP60*GRT2HWST,1/25/2015,1/25/2015,1/19/2015,2,Short Form,Third Party Call Center - West
Treadclimber,CAM44939 HALMN120BOOMRTIC,1/20/2015,1/20/2015,1/19/2015,1,Short Form,Call Center Internal
Treadclimber,CAM44976 ION*N120GRT2HTIC,1/19/2015,1/19/2015,1/19/2015,1,Short Form,Call Center Internal
Treadclimber,CAM45005 OWN*N180GRT2HTIC,1/21/2015,1/21/2015,1/19/2015,1,Short Form,Call Center Internal
Treadclimber,CAM45349 METVN120BOOMRTIC,1/20/2015,1/20/2015,1/19/2015,1,Short Form,Call Center Internal
Treadclimber,CAM45349 METVN120BOOMRTIC,1/24/2015,1/24/2015,1/19/2015,1,Short Form,Call Center Internal
Treadclimber,CAM45543 FYI*N120GRT2HTIC,1/24/2015,1/24/2015,1/19/2015,1,Short Form,Call Center Internal
Treadclimber,CAM45957 FOX*NVODWALKATIC,1/19/2015,1/19/2015,1/19/2015,2,Short Form,Call Center Internal
Treadclimber,CAM45957 FOX*NVODWALKATIC,1/20/2015,1/20/2015,1/19/2015,3,Short Form,Call Center Internal
Treadclimber,CAM45957 FOX*NVODWALKATIC,1/21/2015,1/21/2015,1/19/2015,2,Short Form,Call Center Internal
Treadclimber,CAM45957 FOX*NVODWALKATIC,1/22/2015,1/22/2015,1/19/2015,2,Short Form,Call Center Internal
Treadclimber,CAM45957 FOX*NVODWALKATIC,1/23/2015,1/23/2015,1/19/2015,2,Short Form,Call Center Internal
Treadclimber,CAM45957 FOX*NVODWALKATIC,1/24/2015,1/24/2015,1/19/2015,4,Short Form,Call Center Internal
Treadclimber,CAM45957 FOX*NVODWALKATIC,1/25/2015,1/25/2015,1/19/2015,2,Short Form,Call Center Internal
Treadclimber,CAM45957 FOX*NVODWALKATIC,1/19/2015,1/19/2015,1/19/2015,1,Short Form,Third Party Call Center - Evolve
Treadclimber,CAM45957 FOX*NVODWALKATIC,1/20/2015,1/20/2015,1/19/2015,1,Short Form,Third Party Call Center - Evolve
Treadclimber,CAM45957 FOX*NVODWALKATIC,,1/20/2015,1/19/2015,1,Short Form,Third Party Call Center - Evolve
Treadclimber,CAM45957 FOX*NVODWALKATIC,1/21/2015,1/21/2015,1/19/2015,1,Short Form,Third Party Call Center - Evolve
Treadclimber,CAM45957 FOX*NVODWALKATIC,1/22/2015,1/22/2015,1/19/2015,1,Short Form,Third Party Call Center - Evolve
Treadclimber,CAM45957 FOX*NVODWALKATIC,1/23/2015,1/23/2015,1/19/2015,2,Short Form,Third Party Call Center - Evolve
Treadclimber,CAM45957 FOX*NVODWALKATIC,1/25/2015,1/25/2015,1/19/2015,1,Short Form,Third Party Call Center - Evolve
Treadclimber,CAM45962 TOONP60*GRT2HWST,1/19/2015,1/19/2015,1/19/2015,1,Short Form,Third Party Call Center - West
Treadclimber,CAM45965 NBA*P60*GRT2HWST,1/19/2015,1/19/2015,1/19/2015,1,Short Form,Third Party Call Center - West
Treadclimber,CAM45965 NBA*P60*GRT2HWST,1/20/2015,1/20/2015,1/19/2015,1,Short Form,Third Party Call Center - West
Treadclimber,CAM45965 NBA*P60*GRT2HWST,1/21/2015,1/21/2015,1/19/2015,1,Short Form,Third Party Call Center - West
Treadclimber,CAM45968 CORTP60*GRT2HWST,1/24/2015,1/24/2015,1/19/2015,1,Short Form,Third Party Call Center - West
Treadclimber,CAM45968 CORTP60*GRT2HWST,1/25/2015,1/25/2015,1/19/2015,3,Short Form,Third Party Call Center - West
Treadclimber,CAM46179 GMASN60*WLKMFTIC,1/19/2015,1/19/2015,1/19/2015,1,Short Form,Call Center Internal
Treadclimber,CAM46184 CMT*N120GNTMFTIC,1/22/2015,1/22/2015,1/19/2015,1,Short Form,Call Center Internal
Treadclimber,CAM46611 DISCN60*NYMAXTIC,,1/24/2015,1/19/2015,1,Short Form,Call Center Internal
Treadclimber,CAM46613 NBA*N120NYMAXTIC,,1/20/2015,1/19/2015,2,Short Form,Call Center Internal
Treadclimber,CAM46628 QUBON120WLKNYTIC,1/21/2015,1/21/2015,1/19/2015,2,Short Form,Call Center Internal
Treadclimber,CAM46628 QUBON120WLKNYTIC,1/22/2015,1/22/2015,1/19/2015,3,Short Form,Call Center Internal
Treadclimber,CAM46628 QUBON120WLKNYTIC,1/23/2015,1/23/2015,1/19/2015,1,Short Form,Call Center Internal
Treadclimber,CAM46628 QUBON120WLKNYTIC,1/24/2015,1/24/2015,1/19/2015,1,Short Form,Call Center Internal
Treadclimber,CAM46628 QUBON120WLKNYTIC,1/25/2015,1/25/2015,1/19/2015,3,Short Form,Call Center Internal
Treadclimber,CAM46628 QUBON120WLKNYTIC,1/21/2015,1/21/2015,1/19/2015,2,Short Form,Third Party Call Center - Evolve
Treadclimber,CAM46631 UPTVN120ALONYTIC,1/20/2015,1/20/2015,1/19/2015,2,Short Form,Call Center Internal
Treadclimber,CAM46631 UPTVN120ALONYTIC,1/21/2015,1/21/2015,1/19/2015,2,Short Form,Call Center Internal
Treadclimber,CAM46631 UPTVN120ALONYTIC,1/22/2015,1/22/2015,1/19/2015,3,Short Form,Call Center Internal
Treadclimber,CAM46631 UPTVN120ALONYTIC,1/25/2015,1/25/2015,1/19/2015,1,Short Form,Call Center Internal
Treadclimber,CAM46631 UPTVN120ALONYTIC,1/23/2015,1/23/2015,1/19/2015,1,Short Form,Third Party Call Center - Evolve
Treadclimber,CAM46632 HMM*N120ALONYTIC,1/19/2015,1/19/2015,1/19/2015,9,Short Form,Call Center Internal
Treadclimber,CAM46632 HMM*N120ALONYTIC,1/20/2015,1/20/2015,1/19/2015,19,Short Form,Call Center Internal
Treadclimber,CAM46632 HMM*N120ALONYTIC,1/21/2015,1/21/2015,1/19/2015,8,Short Form,Call Center Internal
Treadclimber,CAM46632 HMM*N120ALONYTIC,,1/21/2015,1/19/2015,1,Short Form,Call Center Internal
Treadclimber,CAM46632 HMM*N120ALONYTIC,1/23/2015,1/23/2015,1/19/2015,7,Short Form,Call Center Internal
Treadclimber,CAM46632 HMM*N120ALONYTIC,1/24/2015,1/24/2015,1/19/2015,16,Short Form,Call Center Internal
Treadclimber,CAM46632 HMM*N120ALONYTIC,1/25/2015,1/25/2015,1/19/2015,22,Short Form,Call Center Internal
Treadclimber,CAM46632 HMM*N120ALONYTIC,1/19/2015,1/19/2015,1/19/2015,2,Short Form,Third Party Call Center - Evolve
Treadclimber,CAM46632 HMM*N120ALONYTIC,1/20/2015,1/20/2015,1/19/2015,5,Short Form,Third Party Call Center - Evolve
Treadclimber,CAM46632 HMM*N120ALONYTIC,,1/20/2015,1/19/2015,1,Short Form,Third Party Call Center - Evolve
Treadclimber,CAM46632 HMM*N120ALONYTIC,1/21/2015,1/21/2015,1/19/2015,5,Short Form,Third Party Call Center - Evolve
Treadclimber,CAM46632 HMM*N120ALONYTIC,1/24/2015,1/24/2015,1/19/2015,8,Short Form,Third Party Call Center - Evolve
Treadclimber,CAM46632 HMM*N120ALONYTIC,,1/24/2015,1/19/2015,1,Short Form,Third Party Call Center - Evolve
Treadclimber,CAM46632 HMM*N120ALONYTIC,1/25/2015,1/25/2015,1/19/2015,5,Short Form,Third Party Call Center - Evolve
Treadclimber,CAM46632 HMM*N120ALONYTIC,1/20/2015,1/20/2015,1/19/2015,1,Short Form,Third Party Call Center - West
Treadclimber,CAM46632 HMM*N120ALONYTIC,1/24/2015,1/24/2015,1/19/2015,5,Short Form,Third Party Call Center - West
Treadclimber,CAM46633 ION*N120ALONYTIC,1/19/2015,1/19/2015,1/19/2015,38,Short Form,Call Center Internal
Treadclimber,CAM46633 ION*N120ALONYTIC,1/20/2015,1/20/2015,1/19/2015,21,Short Form,Call Center Internal
Treadclimber,CAM46633 ION*N120ALONYTIC,1/21/2015,1/21/2015,1/19/2015,6,Short Form,Call Center Internal
Treadclimber,CAM46633 ION*N120ALONYTIC,,1/21/2015,1/19/2015,1,Short Form,Call Center Internal
Treadclimber,CAM46633 ION*N120ALONYTIC,1/22/2015,1/22/2015,1/19/2015,32,Short Form,Call Center Internal
Treadclimber,CAM46633 ION*N120ALONYTIC,1/23/2015,1/23/2015,1/19/2015,9,Short Form,Call Center Internal
Treadclimber,CAM46633 ION*N120ALONYTIC,1/24/2015,1/24/2015,1/19/2015,26,Short Form,Call Center Internal
Treadclimber,CAM46633 ION*N120ALONYTIC,,1/24/2015,1/19/2015,1,Short Form,Call Center Internal
Treadclimber,CAM46633 ION*N120ALONYTIC,1/19/2015,1/19/2015,1/19/2015,8,Short Form,Third Party Call Center - Evolve
Treadclimber,CAM46633 ION*N120ALONYTIC,1/20/2015,1/20/2015,1/19/2015,2,Short Form,Third Party Call Center - Evolve
Treadclimber,CAM46633 ION*N120ALONYTIC,1/21/2015,1/21/2015,1/19/2015,3,Short Form,Third Party Call Center - Evolve
Treadclimber,CAM46633 ION*N120ALONYTIC,1/22/2015,1/22/2015,1/19/2015,5,Short Form,Third Party Call Center - Evolve
Treadclimber,CAM46633 ION*N120ALONYTIC,1/23/2015,1/23/2015,1/19/2015,4,Short Form,Third Party Call Center - Evolve
Treadclimber,CAM46633 ION*N120ALONYTIC,1/24/2015,1/24/2015,1/19/2015,8,Short Form,Third Party Call Center - Evolve
Treadclimber,CAM46633 ION*N120ALONYTIC,,1/24/2015,1/19/2015,3,Short Form,Third Party Call Center - Evolve
Treadclimber,CAM46633 ION*N120ALONYTIC,1/19/2015,1/19/2015,1/19/2015,8,Short Form,Third Party Call Center - West
Treadclimber,CAM46633 ION*N120ALONYTIC,1/20/2015,1/20/2015,1/19/2015,10,Short Form,Third Party Call Center - West
Treadclimber,CAM46633 ION*N120ALONYTIC,1/22/2015,1/22/2015,1/19/2015,3,Short Form,Third Party Call Center - West
Treadclimber,CAM46633 ION*N120ALONYTIC,1/23/2015,1/23/2015,1/19/2015,4,Short Form,Third Party Call Center - West
Treadclimber,CAM46633 ION*N120ALONYTIC,1/24/2015,1/24/2015,1/19/2015,10,Short Form,Third Party Call Center - West
Treadclimber,CAM46634 INSPN120ALONYTIC,1/19/2015,1/19/2015,1/19/2015,14,Short Form,Call Center Internal
Treadclimber,CAM46634 INSPN120ALONYTIC,1/20/2015,1/20/2015,1/19/2015,6,Short Form,Call Center Internal
Treadclimber,CAM46634 INSPN120ALONYTIC,1/21/2015,1/21/2015,1/19/2015,5,Short Form,Call Center Internal
Treadclimber,CAM46634 INSPN120ALONYTIC,1/22/2015,1/22/2015,1/19/2015,9,Short Form,Call Center Internal
Treadclimber,CAM46634 INSPN120ALONYTIC,,1/22/2015,1/19/2015,1,Short Form,Call Center Internal
Treadclimber,CAM46634 INSPN120ALONYTIC,1/23/2015,1/23/2015,1/19/2015,10,Short Form,Call Center Internal
Treadclimber,CAM46634 INSPN120ALONYTIC,1/24/2015,1/24/2015,1/19/2015,13,Short Form,Call Center Internal
Treadclimber,CAM46634 INSPN120ALONYTIC,1/25/2015,1/25/2015,1/19/2015,8,Short Form,Call Center Internal
Treadclimber,CAM46634 INSPN120ALONYTIC,1/19/2015,1/19/2015,1/19/2015,1,Short Form,Third Party Call Center - Evolve
Treadclimber,CAM46634 INSPN120ALONYTIC,1/20/2015,1/20/2015,1/19/2015,1,Short Form,Third Party Call Center - Evolve
Treadclimber,CAM46634 INSPN120ALONYTIC,1/21/2015,1/21/2015,1/19/2015,5,Short Form,Third Party Call Center - Evolve
Treadclimber,CAM46634 INSPN120ALONYTIC,,1/21/2015,1/19/2015,1,Short Form,Third Party Call Center - Evolve
Treadclimber,CAM46634 INSPN120ALONYTIC,,1/22/2015,1/19/2015,1,Short Form,Third Party Call Center - Evolve
Treadclimber,CAM46634 INSPN120ALONYTIC,1/23/2015,1/23/2015,1/19/2015,14,Short Form,Third Party Call Center - Evolve
Treadclimber,CAM46634 INSPN120ALONYTIC,,1/23/2015,1/19/2015,1,Short Form,Third Party Call Center - Evolve
Treadclimber,CAM46634 INSPN120ALONYTIC,1/24/2015,1/24/2015,1/19/2015,7,Short Form,Third Party Call Center - Evolve
Treadclimber,CAM46634 INSPN120ALONYTIC,,1/24/2015,1/19/2015,1,Short Form,Third Party Call Center - Evolve
Treadclimber,CAM46634 INSPN120ALONYTIC,1/25/2015,1/25/2015,1/19/2015,4,Short Form,Third Party Call Center - Evolve
Treadclimber,CAM46634 INSPN120ALONYTIC,,1/25/2015,1/19/2015,1,Short Form,Third Party Call Center - Evolve
Treadclimber,CAM46634 INSPN120ALONYTIC,1/19/2015,1/19/2015,1/19/2015,1,Short Form,Third Party Call Center - West
Treadclimber,CAM46634 INSPN120ALONYTIC,1/21/2015,1/21/2015,1/19/2015,2,Short Form,Third Party Call Center - West
Treadclimber,CAM46634 INSPN120ALONYTIC,1/23/2015,1/23/2015,1/19/2015,12,Short Form,Third Party Call Center - West
Treadclimber,CAM46634 INSPN120ALONYTIC,1/24/2015,1/24/2015,1/19/2015,4,Short Form,Third Party Call Center - West
Treadclimber,CAM46636 FOXNN120ALONYTIC,1/19/2015,1/19/2015,1/19/2015,1,Short Form,Call Center Internal
Treadclimber,CAM46636 FOXNN120ALONYTIC,,1/21/2015,1/19/2015,1,Short Form,Call Center Internal
Treadclimber,CAM46636 FOXNN120ALONYTIC,1/22/2015,1/22/2015,1/19/2015,1,Short Form,Call Center Internal
Treadclimber,CAM46636 FOXNN120ALONYTIC,1/25/2015,1/25/2015,1/19/2015,2,Short Form,Call Center Internal
Treadclimber,CAM46636 FOXNN120ALONYTIC,1/20/2015,1/20/2015,1/19/2015,4,Short Form,Third Party Call Center - Evolve
Treadclimber,CAM46636 FOXNN120ALONYTIC,1/21/2015,1/21/2015,1/19/2015,5,Short Form,Third Party Call Center - Evolve
Treadclimber,CAM46636 FOXNN120ALONYTIC,,1/21/2015,1/19/2015,1,Short Form,Third Party Call Center - Evolve
Treadclimber,CAM46636 FOXNN120ALONYTIC,1/22/2015,1/22/2015,1/19/2015,3,Short Form,Third Party Call Center - Evolve
Treadclimber,CAM46636 FOXNN120ALONYTIC,,1/22/2015,1/19/2015,2,Short Form,Third Party Call Center - Evolve
Treadclimber,CAM46636 FOXNN120ALONYTIC,1/23/2015,1/23/2015,1/19/2015,1,Short Form,Third Party Call Center - Evolve
Treadclimber,CAM46636 FOXNN120ALONYTIC,1/24/2015,1/24/2015,1/19/2015,5,Short Form,Third Party Call Center - Evolve
Treadclimber,CAM46636 FOXNN120ALONYTIC,1/25/2015,1/25/2015,1/19/2015,2,Short Form,Third Party Call Center - Evolve
Treadclimber,CAM46636 FOXNN120ALONYTIC,,1/25/2015,1/19/2015,1,Short Form,Third Party Call Center - Evolve
Treadclimber,CAM46636 FOXNN120ALONYTIC,1/20/2015,1/20/2015,1/19/2015,1,Short Form,Third Party Call Center - West
Treadclimber,CAM46636 FOXNN120ALONYTIC,1/21/2015,1/21/2015,1/19/2015,1,Short Form,Third Party Call Center - West
Treadclimber,CAM46636 FOXNN120ALONYTIC,1/23/2015,1/23/2015,1/19/2015,1,Short Form,Third Party Call Center - West
Treadclimber,CAM46637 METVN120ALONYTIC,1/19/2015,1/19/2015,1/19/2015,9,Short Form,Call Center Internal
Treadclimber,CAM46637 METVN120ALONYTIC,1/20/2015,1/20/2015,1/19/2015,10,Short Form,Call Center Internal
Treadclimber,CAM46637 METVN120ALONYTIC,1/21/2015,1/21/2015,1/19/2015,2,Short Form,Call Center Internal
Treadclimber,CAM46637 METVN120ALONYTIC,1/22/2015,1/22/2015,1/19/2015,36,Short Form,Call Center Internal
Treadclimber,CAM46637 METVN120ALONYTIC,1/23/2015,1/23/2015,1/19/2015,16,Short Form,Call Center Internal
Treadclimber,CAM46637 METVN120ALONYTIC,1/24/2015,1/24/2015,1/19/2015,20,Short Form,Call Center Internal
Treadclimber,CAM46637 METVN120ALONYTIC,1/25/2015,1/25/2015,1/19/2015,19,Short Form,Call Center Internal
Treadclimber,CAM46637 METVN120ALONYTIC,1/19/2015,1/19/2015,1/19/2015,3,Short Form,Third Party Call Center - Evolve
Treadclimber,CAM46637 METVN120ALONYTIC,,1/19/2015,1/19/2015,1,Short Form,Third Party Call Center - Evolve
Treadclimber,CAM46637 METVN120ALONYTIC,1/20/2015,1/20/2015,1/19/2015,1,Short Form,Third Party Call Center - Evolve
Treadclimber,CAM46637 METVN120ALONYTIC,1/21/2015,1/21/2015,1/19/2015,2,Short Form,Third Party Call Center - Evolve
Treadclimber,CAM46637 METVN120ALONYTIC,1/22/2015,1/22/2015,1/19/2015,1,Short Form,Third Party Call Center - Evolve
Treadclimber,CAM46637 METVN120ALONYTIC,,1/22/2015,1/19/2015,1,Short Form,Third Party Call Center - Evolve
Treadclimber,CAM46637 METVN120ALONYTIC,1/23/2015,1/23/2015,1/19/2015,8,Short Form,Third Party Call Center - Evolve
Treadclimber,CAM46637 METVN120ALONYTIC,1/24/2015,1/24/2015,1/19/2015,13,Short Form,Third Party Call Center - Evolve
Treadclimber,CAM46637 METVN120ALONYTIC,1/25/2015,1/25/2015,1/19/2015,6,Short Form,Third Party Call Center - Evolve
Treadclimber,CAM46637 METVN120ALONYTIC,1/19/2015,1/19/2015,1/19/2015,6,Short Form,Third Party Call Center - West
Treadclimber,CAM46637 METVN120ALONYTIC,1/20/2015,1/20/2015,1/19/2015,3,Short Form,Third Party Call Center - West
Treadclimber,CAM46637 METVN120ALONYTIC,1/23/2015,1/23/2015,1/19/2015,7,Short Form,Third Party Call Center - West
Treadclimber,CAM46637 METVN120ALONYTIC,1/24/2015,1/24/2015,1/19/2015,8,Short Form,Third Party Call Center - West
Treadclimber,CAM46637 METVN120ALONYTIC,1/25/2015,1/25/2015,1/19/2015,3,Short Form,Third Party Call Center - West
Treadclimber,CAM46638 CI**N120ALONYTIC,1/19/2015,1/19/2015,1/19/2015,1,Short Form,Call Center Internal
Treadclimber,CAM46638 CI**N120ALONYTIC,,1/19/2015,1/19/2015,1,Short Form,Call Center Internal
Treadclimber,CAM46638 CI**N120ALONYTIC,1/21/2015,1/21/2015,1/19/2015,1,Short Form,Call Center Internal
Treadclimber,CAM46638 CI**N120ALONYTIC,1/22/2015,1/22/2015,1/19/2015,4,Short Form,Call Center Internal
Treadclimber,CAM46638 CI**N120ALONYTIC,1/24/2015,1/24/2015,1/19/2015,5,Short Form,Call Center Internal
Treadclimber,CAM46638 CI**N120ALONYTIC,1/25/2015,1/25/2015,1/19/2015,1,Short Form,Call Center Internal
Treadclimber,CAM46638 CI**N120ALONYTIC,1/20/2015,1/20/2015,1/19/2015,1,Short Form,Third Party Call Center - Evolve
Treadclimber,CAM46638 CI**N120ALONYTIC,1/24/2015,1/24/2015,1/19/2015,1,Short Form,Third Party Call Center - Evolve
Treadclimber,CAM46638 CI**N120ALONYTIC,1/20/2015,1/20/2015,1/19/2015,1,Short Form,Third Party Call Center - West
Treadclimber,CAM46639 WE**N120ALONYTIC,1/19/2015,1/19/2015,1/19/2015,3,Short Form,Call Center Internal
Treadclimber,CAM46639 WE**N120ALONYTIC,1/20/2015,1/20/2015,1/19/2015,6,Short Form,Call Center Internal
Treadclimber,CAM46639 WE**N120ALONYTIC,1/21/2015,1/21/2015,1/19/2015,5,Short Form,Call Center Internal
Treadclimber,CAM46639 WE**N120ALONYTIC,1/23/2015,1/23/2015,1/19/2015,1,Short Form,Call Center Internal
Treadclimber,CAM46639 WE**N120ALONYTIC,1/21/2015,1/21/2015,1/19/2015,1,Short Form,Third Party Call Center - Evolve
Treadclimber,CAM46641 BRNGN120ALONYTIC,1/19/2015,1/19/2015,1/19/2015,2,Short Form,Call Center Internal
Treadclimber,CAM46641 BRNGN120ALONYTIC,1/20/2015,1/20/2015,1/19/2015,2,Short Form,Call Center Internal
Treadclimber,CAM46641 BRNGN120ALONYTIC,1/21/2015,1/21/2015,1/19/2015,2,Short Form,Call Center Internal
Treadclimber,CAM46641 BRNGN120ALONYTIC,1/22/2015,1/22/2015,1/19/2015,1,Short Form,Call Center Internal
Treadclimber,CAM46641 BRNGN120ALONYTIC,1/24/2015,1/24/2015,1/19/2015,1,Short Form,Call Center Internal
Treadclimber,CAM46641 BRNGN120ALONYTIC,1/25/2015,1/25/2015,1/19/2015,4,Short Form,Call Center Internal
Treadclimber,CAM46641 BRNGN120ALONYTIC,,1/25/2015,1/19/2015,1,Short Form,Call Center Internal
Treadclimber,CAM46641 BRNGN120ALONYTIC,1/19/2015,1/19/2015,1/19/2015,2,Short Form,Third Party Call Center - Evolve
Treadclimber,CAM46641 BRNGN120ALONYTIC,1/20/2015,1/20/2015,1/19/2015,5,Short Form,Third Party Call Center - Evolve
Treadclimber,CAM46641 BRNGN120ALONYTIC,,1/20/2015,1/19/2015,1,Short Form,Third Party Call Center - Evolve
Treadclimber,CAM46641 BRNGN120ALONYTIC,1/21/2015,1/21/2015,1/19/2015,1,Short Form,Third Party Call Center - Evolve
Treadclimber,CAM46641 BRNGN120ALONYTIC,,1/22/2015,1/19/2015,1,Short Form,Third Party Call Center - Evolve
Treadclimber,CAM46641 BRNGN120ALONYTIC,1/24/2015,1/24/2015,1/19/2015,5,Short Form,Third Party Call Center - Evolve
Treadclimber,CAM46641 BRNGN120ALONYTIC,,1/24/2015,1/19/2015,1,Short Form,Third Party Call Center - Evolve
Treadclimber,CAM46641 BRNGN120ALONYTIC,1/25/2015,1/25/2015,1/19/2015,1,Short Form,Third Party Call Center - Evolve
Treadclimber,CAM46641 BRNGN120ALONYTIC,,1/25/2015,1/19/2015,1,Short Form,Third Party Call Center - Evolve
Treadclimber,CAM46642 DFAMN120ALONYTIC,1/19/2015,1/19/2015,1/19/2015,2,Short Form,Call Center Internal
Treadclimber,CAM46642 DFAMN120ALONYTIC,1/20/2015,1/20/2015,1/19/2015,1,Short Form,Call Center Internal
Treadclimber,CAM46642 DFAMN120ALONYTIC,1/22/2015,1/22/2015,1/19/2015,1,Short Form,Call Center Internal
Treadclimber,CAM46642 DFAMN120ALONYTIC,1/24/2015,1/24/2015,1/19/2015,1,Short Form,Call Center Internal
Treadclimber,CAM46642 DFAMN120ALONYTIC,1/25/2015,1/25/2015,1/19/2015,2,Short Form,Call Center Internal
Treadclimber,CAM46642 DFAMN120ALONYTIC,1/19/2015,1/19/2015,1/19/2015,1,Short Form,Third Party Call Center - Evolve
Treadclimber,CAM46642 DFAMN120ALONYTIC,1/25/2015,1/25/2015,1/19/2015,2,Short Form,Third Party Call Center - Evolve
Treadclimber,CAM46644 FXLOL60*ALONYTIC,1/22/2015,1/22/2015,1/19/2015,1,Short Form,Call Center Internal
Treadclimber,CAM46644 FXLOL60*ALONYTIC,1/23/2015,1/23/2015,1/19/2015,1,Short Form,Third Party Call Center - Evolve
Treadclimber,CAM46645 FOODL60*ALONYTIC,1/19/2015,1/19/2015,1/19/2015,1,Short Form,Call Center Internal
Treadclimber,CAM46645 FOODL60*ALONYTIC,1/20/2015,1/20/2015,1/19/2015,2,Short Form,Call Center Internal
Treadclimber,CAM46645 FOODL60*ALONYTIC,1/22/2015,1/22/2015,1/19/2015,2,Short Form,Call Center Internal
Treadclimber,CAM46645 FOODL60*ALONYTIC,,1/22/2015,1/19/2015,1,Short Form,Call Center Internal
Treadclimber,CAM46645 FOODL60*ALONYTIC,1/25/2015,1/25/2015,1/19/2015,1,Short Form,Call Center Internal
Treadclimber,CAM46646 HGTVL60*ALONYTIC,1/20/2015,1/20/2015,1/19/2015,1,Short Form,Call Center Internal
Treadclimber,CAM46646 HGTVL60*ALONYTIC,1/25/2015,1/25/2015,1/19/2015,1,Short Form,Call Center Internal
Treadclimber,CAM46647 USALL60*ALONYTIC,1/19/2015,1/19/2015,1/19/2015,2,Short Form,Call Center Internal
Treadclimber,CAM46647 USALL60*ALONYTIC,1/23/2015,1/23/2015,1/19/2015,2,Short Form,Call Center Internal
Treadclimber,CAM46647 USALL60*ALONYTIC,1/25/2015,1/25/2015,1/19/2015,1,Short Form,Call Center Internal
Treadclimber,CAM46647 USALL60*ALONYTIC,1/20/2015,1/20/2015,1/19/2015,1,Short Form,Third Party Call Center - Evolve
Treadclimber,CAM46647 USALL60*ALONYTIC,,1/20/2015,1/19/2015,1,Short Form,Third Party Call Center - Evolve
Treadclimber,CAM46648 TNTLL60*ALONYTIC,1/20/2015,1/20/2015,1/19/2015,1,Short Form,Call Center Internal
Treadclimber,CAM46648 TNTLL60*ALONYTIC,1/21/2015,1/21/2015,1/19/2015,1,Short Form,Call Center Internal
Treadclimber,CAM46648 TNTLL60*ALONYTIC,1/20/2015,1/20/2015,1/19/2015,1,Short Form,Third Party Call Center - Evolve
Treadclimber,CAM46648 TNTLL60*ALONYTIC,1/23/2015,1/23/2015,1/19/2015,1,Short Form,Third Party Call Center - Evolve
Treadclimber,CAM46649 AMC*L60*ALONYTIC,1/23/2015,1/23/2015,1/19/2015,2,Short Form,Call Center Internal
Treadclimber,CAM46650 SPKEL60*ALONYTIC,1/19/2015,1/19/2015,1/19/2015,2,Short Form,Call Center Internal
Treadclimber,CAM46650 SPKEL60*ALONYTIC,1/21/2015,1/21/2015,1/19/2015,1,Short Form,Call Center Internal
Treadclimber,CAM46650 SPKEL60*ALONYTIC,1/22/2015,1/22/2015,1/19/2015,1,Short Form,Call Center Internal
Treadclimber,CAM46650 SPKEL60*ALONYTIC,1/24/2015,1/24/2015,1/19/2015,2,Short Form,Call Center Internal
Treadclimber,CAM46651 LIFLL60*ALONYTIC,1/24/2015,1/24/2015,1/19/2015,1,Short Form,Call Center Internal
Treadclimber,CAM46651 LIFLL60*ALONYTIC,1/25/2015,1/25/2015,1/19/2015,5,Short Form,Call Center Internal
Treadclimber,CAM46651 LIFLL60*ALONYTIC,1/21/2015,1/21/2015,1/19/2015,1,Short Form,Third Party Call Center - Evolve
Treadclimber,CAM46651 LIFLL60*ALONYTIC,1/24/2015,1/24/2015,1/19/2015,1,Short Form,Third Party Call Center - Evolve
Treadclimber,CAM46651 LIFLL60*ALONYTIC,1/24/2015,1/24/2015,1/19/2015,1,Short Form,Third Party Call Center - West
Treadclimber,CAM46652 ESPLL60*ALONYTIC,1/22/2015,1/22/2015,1/19/2015,1,Short Form,Call Center Internal
Treadclimber,CAM46652 ESPLL60*ALONYTIC,1/23/2015,1/23/2015,1/19/2015,1,Short Form,Call Center Internal
Treadclimber,CAM46653 VH1LL60*ALONYTIC,1/19/2015,1/19/2015,1/19/2015,1,Short Form,Call Center Internal
Treadclimber,CAM46653 VH1LL60*ALONYTIC,1/20/2015,1/20/2015,1/19/2015,1,Short Form,Call Center Internal
Treadclimber,CAM46653 VH1LL60*ALONYTIC,1/25/2015,1/25/2015,1/19/2015,2,Short Form,Call Center Internal
Treadclimber,CAM46654 ION*N60*ALONYTIC,1/20/2015,1/20/2015,1/19/2015,1,Short Form,Call Center Internal
Treadclimber,CAM46654 ION*N60*ALONYTIC,1/22/2015,1/22/2015,1/19/2015,1,Short Form,Call Center Internal
Treadclimber,CAM46654 ION*N60*ALONYTIC,1/23/2015,1/23/2015,1/19/2015,6,Short Form,Call Center Internal
Treadclimber,CAM46654 ION*N60*ALONYTIC,1/24/2015,1/24/2015,1/19/2015,3,Short Form,Call Center Internal
Treadclimber,CAM46654 ION*N60*ALONYTIC,1/25/2015,1/25/2015,1/19/2015,4,Short Form,Call Center Internal
Treadclimber,CAM46654 ION*N60*ALONYTIC,1/23/2015,1/23/2015,1/19/2015,1,Short Form,Third Party Call Center - Evolve
Treadclimber,CAM46654 ION*N60*ALONYTIC,,1/24/2015,1/19/2015,1,Short Form,Third Party Call Center - Evolve
Treadclimber,CAM46654 ION*N60*ALONYTIC,1/24/2015,1/24/2015,1/19/2015,1,Short Form,Third Party Call Center - West
Treadclimber,CAM46655 LMN*N60*ALONYTIC,1/19/2015,1/19/2015,1/19/2015,2,Short Form,Call Center Internal
Treadclimber,CAM46655 LMN*N60*ALONYTIC,1/22/2015,1/22/2015,1/19/2015,3,Short Form,Call Center Internal
Treadclimber,CAM46655 LMN*N60*ALONYTIC,1/24/2015,1/24/2015,1/19/2015,2,Short Form,Call Center Internal
Treadclimber,CAM46655 LMN*N60*ALONYTIC,1/19/2015,1/19/2015,1/19/2015,1,Short Form,Third Party Call Center - Evolve
Treadclimber,CAM46655 LMN*N60*ALONYTIC,1/24/2015,1/24/2015,1/19/2015,2,Short Form,Third Party Call Center - Evolve
Treadclimber,CAM46655 LMN*N60*ALONYTIC,,1/24/2015,1/19/2015,2,Short Form,Third Party Call Center - Evolve
Treadclimber,CAM46655 LMN*N60*ALONYTIC,1/19/2015,1/19/2015,1/19/2015,1,Short Form,Third Party Call Center - West
Treadclimber,CAM46655 LMN*N60*ALONYTIC,1/24/2015,1/24/2015,1/19/2015,3,Short Form,Third Party Call Center - West
Treadclimber,CAM46656 DISEN60*ALONYTIC,1/19/2015,1/19/2015,1/19/2015,1,Short Form,Call Center Internal
Treadclimber,CAM46656 DISEN60*ALONYTIC,1/20/2015,1/20/2015,1/19/2015,6,Short Form,Call Center Internal
Treadclimber,CAM46656 DISEN60*ALONYTIC,1/22/2015,1/22/2015,1/19/2015,2,Short Form,Call Center Internal
Treadclimber,CAM46656 DISEN60*ALONYTIC,1/23/2015,1/23/2015,1/19/2015,1,Short Form,Call Center Internal
Treadclimber,CAM46656 DISEN60*ALONYTIC,1/24/2015,1/24/2015,1/19/2015,1,Short Form,Call Center Internal
Treadclimber,CAM46656 DISEN60*ALONYTIC,,1/19/2015,1/19/2015,1,Short Form,Third Party Call Center - Evolve
Treadclimber,CAM46656 DISEN60*ALONYTIC,1/21/2015,1/21/2015,1/19/2015,1,Short Form,Third Party Call Center - Evolve
Treadclimber,CAM46656 DISEN60*ALONYTIC,1/19/2015,1/19/2015,1/19/2015,3,Short Form,Third Party Call Center - West
Treadclimber,CAM46657 DTVAN60*ALONYTIC,1/22/2015,1/22/2015,1/19/2015,5,Short Form,Call Center Internal
Treadclimber,CAM46657 DTVAN60*ALONYTIC,1/23/2015,1/23/2015,1/19/2015,1,Short Form,Call Center Internal
Treadclimber,CAM46657 DTVAN60*ALONYTIC,1/25/2015,1/25/2015,1/19/2015,7,Short Form,Call Center Internal
Treadclimber,CAM46658 DISAN60*ALONYTIC,1/19/2015,1/19/2015,1/19/2015,7,Short Form,Call Center Internal
Treadclimber,CAM46658 DISAN60*ALONYTIC,,1/19/2015,1/19/2015,1,Short Form,Call Center Internal
Treadclimber,CAM46658 DISAN60*ALONYTIC,1/20/2015,1/20/2015,1/19/2015,3,Short Form,Call Center Internal
Treadclimber,CAM46658 DISAN60*ALONYTIC,1/21/2015,1/21/2015,1/19/2015,1,Short Form,Call Center Internal
Treadclimber,CAM46658 DISAN60*ALONYTIC,1/22/2015,1/22/2015,1/19/2015,8,Short Form,Call Center Internal
Treadclimber,CAM46658 DISAN60*ALONYTIC,1/23/2015,1/23/2015,1/19/2015,3,Short Form,Call Center Internal
Treadclimber,CAM46658 DISAN60*ALONYTIC,1/22/2015,1/22/2015,1/19/2015,1,Short Form,Third Party Call Center - Evolve
Treadclimber,CAM46658 DISAN60*ALONYTIC,1/23/2015,1/23/2015,1/19/2015,1,Short Form,Third Party Call Center - Evolve
Treadclimber,CAM46658 DISAN60*ALONYTIC,,1/24/2015,1/19/2015,1,Short Form,Third Party Call Center - Evolve
Treadclimber,CAM46661 HGTVN60*ALONYTIC,1/19/2015,1/19/2015,1/19/2015,1,Short Form,Call Center Internal
Treadclimber,CAM46663 USA*N60*ALONYTIC,1/19/2015,1/19/2015,1/19/2015,2,Short Form,Call Center Internal
Treadclimber,CAM46663 USA*N60*ALONYTIC,1/22/2015,1/22/2015,1/19/2015,1,Short Form,Call Center Internal
Treadclimber,CAM46663 USA*N60*ALONYTIC,1/23/2015,1/23/2015,1/19/2015,2,Short Form,Call Center Internal
Treadclimber,CAM46663 USA*N60*ALONYTIC,1/19/2015,1/19/2015,1/19/2015,3,Short Form,Third Party Call Center - Evolve
Treadclimber,CAM46663 USA*N60*ALONYTIC,,1/19/2015,1/19/2015,1,Short Form,Third Party Call Center - Evolve
Treadclimber,CAM46663 USA*N60*ALONYTIC,1/23/2015,1/23/2015,1/19/2015,2,Short Form,Third Party Call Center - Evolve
Treadclimber,CAM46663 USA*N60*ALONYTIC,1/19/2015,1/19/2015,1/19/2015,2,Short Form,Third Party Call Center - West
Treadclimber,CAM46663 USA*N60*ALONYTIC,1/23/2015,1/23/2015,1/19/2015,1,Short Form,Third Party Call Center - West
Treadclimber,CAM46664 TNT*N60*ALONYTIC,1/20/2015,1/20/2015,1/19/2015,3,Short Form,Call Center Internal
Treadclimber,CAM46664 TNT*N60*ALONYTIC,1/21/2015,1/21/2015,1/19/2015,4,Short Form,Call Center Internal
Treadclimber,CAM46664 TNT*N60*ALONYTIC,1/24/2015,1/24/2015,1/19/2015,5,Short Form,Call Center Internal
Treadclimber,CAM46664 TNT*N60*ALONYTIC,1/24/2015,1/24/2015,1/19/2015,3,Short Form,Third Party Call Center - Evolve
Treadclimber,CAM46664 TNT*N60*ALONYTIC,1/24/2015,1/24/2015,1/19/2015,6,Short Form,Third Party Call Center - West
Treadclimber,CAM46666 ARTSN60*ALONYTIC,1/19/2015,1/19/2015,1/19/2015,5,Short Form,Call Center Internal
Treadclimber,CAM46666 ARTSN60*ALONYTIC,1/20/2015,1/20/2015,1/19/2015,2,Short Form,Call Center Internal
Treadclimber,CAM46666 ARTSN60*ALONYTIC,1/21/2015,1/21/2015,1/19/2015,4,Short Form,Call Center Internal
Treadclimber,CAM46666 ARTSN60*ALONYTIC,1/22/2015,1/22/2015,1/19/2015,4,Short Form,Call Center Internal
Treadclimber,CAM46666 ARTSN60*ALONYTIC,,1/23/2015,1/19/2015,1,Short Form,Call Center Internal
Treadclimber,CAM46666 ARTSN60*ALONYTIC,1/24/2015,1/24/2015,1/19/2015,6,Short Form,Call Center Internal
Treadclimber,CAM46666 ARTSN60*ALONYTIC,1/19/2015,1/19/2015,1/19/2015,1,Short Form,Third Party Call Center - Evolve
Treadclimber,CAM46666 ARTSN60*ALONYTIC,1/24/2015,1/24/2015,1/19/2015,1,Short Form,Third Party Call Center - Evolve
Treadclimber,CAM46666 ARTSN60*ALONYTIC,1/22/2015,1/22/2015,1/19/2015,2,Short Form,Third Party Call Center - West
Treadclimber,CAM46667 HALLN60*ALONYTIC,1/23/2015,1/23/2015,1/19/2015,5,Short Form,Call Center Internal
Treadclimber,CAM46667 HALLN60*ALONYTIC,1/24/2015,1/24/2015,1/19/2015,15,Short Form,Call Center Internal
Treadclimber,CAM46667 HALLN60*ALONYTIC,1/25/2015,1/25/2015,1/19/2015,5,Short Form,Call Center Internal
Treadclimber,CAM46667 HALLN60*ALONYTIC,1/20/2015,1/20/2015,1/19/2015,2,Short Form,Third Party Call Center - Evolve
Treadclimber,CAM46667 HALLN60*ALONYTIC,1/23/2015,1/23/2015,1/19/2015,2,Short Form,Third Party Call Center - Evolve
Treadclimber,CAM46667 HALLN60*ALONYTIC,1/24/2015,1/24/2015,1/19/2015,1,Short Form,Third Party Call Center - Evolve
Treadclimber,CAM46667 HALLN60*ALONYTIC,1/25/2015,1/25/2015,1/19/2015,2,Short Form,Third Party Call Center - Evolve
Treadclimber,CAM46667 HALLN60*ALONYTIC,1/19/2015,1/19/2015,1/19/2015,1,Short Form,Third Party Call Center - West
Treadclimber,CAM46667 HALLN60*ALONYTIC,1/21/2015,1/21/2015,1/19/2015,1,Short Form,Third Party Call Center - West
Treadclimber,CAM46667 HALLN60*ALONYTIC,1/24/2015,1/24/2015,1/19/2015,2,Short Form,Third Party Call Center - West
Treadclimber,CAM46673 DISCNVODWALKATIC,1/20/2015,1/20/2015,1/19/2015,2,Short Form,Call Center Internal
Treadclimber,CAM46673 DISCNVODWALKATIC,1/19/2015,1/19/2015,1/19/2015,1,Short Form,Third Party Call Center - Evolve
Treadclimber,CAM46673 DISCNVODWALKATIC,1/21/2015,1/21/2015,1/19/2015,1,Short Form,Third Party Call Center - Evolve
Treadclimber,CAM46674 ESQ*N120ALONYTIC,1/19/2015,1/19/2015,1/19/2015,1,Short Form,Call Center Internal
Treadclimber,CAM46674 ESQ*N120ALONYTIC,1/20/2015,1/20/2015,1/19/2015,13,Short Form,Call Center Internal
Treadclimber,CAM46674 ESQ*N120ALONYTIC,1/21/2015,1/21/2015,1/19/2015,1,Short Form,Call Center Internal
Treadclimber,CAM46674 ESQ*N120ALONYTIC,1/22/2015,1/22/2015,1/19/2015,2,Short Form,Call Center Internal
Treadclimber,CAM46674 ESQ*N120ALONYTIC,1/23/2015,1/23/2015,1/19/2015,9,Short Form,Call Center Internal
Treadclimber,CAM46674 ESQ*N120ALONYTIC,1/24/2015,1/24/2015,1/19/2015,1,Short Form,Call Center Internal
Treadclimber,CAM46674 ESQ*N120ALONYTIC,1/25/2015,1/25/2015,1/19/2015,3,Short Form,Call Center Internal
Treadclimber,CAM46674 ESQ*N120ALONYTIC,1/20/2015,1/20/2015,1/19/2015,1,Short Form,Third Party Call Center - Evolve
Treadclimber,CAM46674 ESQ*N120ALONYTIC,1/21/2015,1/21/2015,1/19/2015,1,Short Form,Third Party Call Center - Evolve
Treadclimber,CAM46674 ESQ*N120ALONYTIC,1/23/2015,1/23/2015,1/19/2015,3,Short Form,Third Party Call Center - Evolve
Treadclimber,CAM46674 ESQ*N120ALONYTIC,1/24/2015,1/24/2015,1/19/2015,1,Short Form,Third Party Call Center - Evolve
Treadclimber,CAM46674 ESQ*N120ALONYTIC,1/23/2015,1/23/2015,1/19/2015,2,Short Form,Third Party Call Center - West
Treadclimber,CAM46675 SPKEN120NYMAXTIC,,1/20/2015,1/19/2015,1,Short Form,Call Center Internal
Treadclimber,CAM46675 SPKEN120NYMAXTIC,,1/20/2015,1/19/2015,1,Short Form,Third Party Call Center - Evolve
Treadclimber,CAM46682 VEL*N120NYMAXTIC,,1/19/2015,1/19/2015,1,Short Form,Third Party Call Center - Evolve
Treadclimber,CAM46687 VEL*N180NYMAXTIC,,1/20/2015,1/19/2015,1,Short Form,Call Center Internal
Treadclimber,CAM46709 GMASN60*WALKATIC,1/19/2015,1/19/2015,1/19/2015,20,Short Form,Call Center Internal
Treadclimber,CAM46709 GMASN60*WALKATIC,,1/19/2015,1/19/2015,1,Short Form,Call Center Internal
Treadclimber,CAM46709 GMASN60*WALKATIC,1/20/2015,1/20/2015,1/19/2015,4,Short Form,Call Center Internal
Treadclimber,CAM46709 GMASN60*WALKATIC,1/21/2015,1/21/2015,1/19/2015,2,Short Form,Call Center Internal
Treadclimber,CAM46709 GMASN60*WALKATIC,1/22/2015,1/22/2015,1/19/2015,1,Short Form,Call Center Internal
Treadclimber,CAM46709 GMASN60*WALKATIC,1/19/2015,1/19/2015,1/19/2015,7,Short Form,Third Party Call Center - Evolve
Treadclimber,CAM46709 GMASN60*WALKATIC,1/20/2015,1/20/2015,1/19/2015,2,Short Form,Third Party Call Center - Evolve
Treadclimber,CAM46709 GMASN60*WALKATIC,1/22/2015,1/22/2015,1/19/2015,1,Short Form,Third Party Call Center - Evolve
Treadclimber,CAM46709 GMASN60*WALKATIC,1/24/2015,1/24/2015,1/19/2015,1,Short Form,Third Party Call Center - Evolve
Treadclimber,CAM46709 GMASN60*WALKATIC,1/19/2015,1/19/2015,1/19/2015,10,Short Form,Third Party Call Center - West
Treadclimber,CAM46710 HGTVN60*WLKNYTIC,1/23/2015,1/23/2015,1/19/2015,1,Short Form,Call Center Internal
Treadclimber,CAM46710 HGTVN60*WLKNYTIC,1/24/2015,1/24/2015,1/19/2015,1,Short Form,Call Center Internal
Treadclimber,CAM46711 FOODN60*WLKNYTIC,1/24/2015,1/24/2015,1/19/2015,1,Short Form,Third Party Call Center - Evolve
Treadclimber,CAM46712 USA*N60*WLKNYTIC,1/22/2015,1/22/2015,1/19/2015,7,Short Form,Call Center Internal
Treadclimber,CAM46712 USA*N60*WLKNYTIC,,1/22/2015,1/19/2015,1,Short Form,Call Center Internal
Treadclimber,CAM46712 USA*N60*WLKNYTIC,1/23/2015,1/23/2015,1/19/2015,1,Short Form,Call Center Internal
Treadclimber,CAM46712 USA*N60*WLKNYTIC,1/24/2015,1/24/2015,1/19/2015,2,Short Form,Call Center Internal
Treadclimber,CAM46712 USA*N60*WLKNYTIC,1/20/2015,1/20/2015,1/19/2015,3,Short Form,Third Party Call Center - Evolve
Treadclimber,CAM46712 USA*N60*WLKNYTIC,,1/20/2015,1/19/2015,1,Short Form,Third Party Call Center - Evolve
Treadclimber,CAM46713 TNT*N60*WLKNYTIC,1/19/2015,1/19/2015,1/19/2015,3,Short Form,Call Center Internal
Treadclimber,CAM46713 TNT*N60*WLKNYTIC,1/20/2015,1/20/2015,1/19/2015,4,Short Form,Call Center Internal
Treadclimber,CAM46713 TNT*N60*WLKNYTIC,1/23/2015,1/23/2015,1/19/2015,2,Short Form,Call Center Internal
Treadclimber,CAM46713 TNT*N60*WLKNYTIC,1/25/2015,1/25/2015,1/19/2015,4,Short Form,Call Center Internal
Treadclimber,CAM46713 TNT*N60*WLKNYTIC,,1/25/2015,1/19/2015,1,Short Form,Call Center Internal
Treadclimber,CAM46713 TNT*N60*WLKNYTIC,1/20/2015,1/20/2015,1/19/2015,1,Short Form,Third Party Call Center - Evolve
Treadclimber,CAM46713 TNT*N60*WLKNYTIC,1/25/2015,1/25/2015,1/19/2015,1,Short Form,Third Party Call Center - Evolve
Treadclimber,CAM46715 ARTSN60*WLKNYTIC,1/19/2015,1/19/2015,1/19/2015,3,Short Form,Call Center Internal
Treadclimber,CAM46715 ARTSN60*WLKNYTIC,1/20/2015,1/20/2015,1/19/2015,4,Short Form,Call Center Internal
Treadclimber,CAM46715 ARTSN60*WLKNYTIC,1/21/2015,1/21/2015,1/19/2015,6,Short Form,Call Center Internal
Treadclimber,CAM46715 ARTSN60*WLKNYTIC,1/22/2015,1/22/2015,1/19/2015,3,Short Form,Call Center Internal
Treadclimber,CAM46715 ARTSN60*WLKNYTIC,1/24/2015,1/24/2015,1/19/2015,2,Short Form,Call Center Internal
Treadclimber,CAM46715 ARTSN60*WLKNYTIC,1/19/2015,1/19/2015,1/19/2015,3,Short Form,Third Party Call Center - Evolve
Treadclimber,CAM46715 ARTSN60*WLKNYTIC,1/21/2015,1/21/2015,1/19/2015,1,Short Form,Third Party Call Center - Evolve
Treadclimber,CAM46715 ARTSN60*WLKNYTIC,1/24/2015,1/24/2015,1/19/2015,2,Short Form,Third Party Call Center - Evolve
Treadclimber,CAM46715 ARTSN60*WLKNYTIC,1/19/2015,1/19/2015,1/19/2015,4,Short Form,Third Party Call Center - West
Treadclimber,CAM46716 HALLN60*WLKNYTIC,1/19/2015,1/19/2015,1/19/2015,3,Short Form,Call Center Internal
Treadclimber,CAM46716 HALLN60*WLKNYTIC,1/20/2015,1/20/2015,1/19/2015,1,Short Form,Call Center Internal
Treadclimber,CAM46716 HALLN60*WLKNYTIC,1/21/2015,1/21/2015,1/19/2015,2,Short Form,Call Center Internal
Treadclimber,CAM46716 HALLN60*WLKNYTIC,1/23/2015,1/23/2015,1/19/2015,2,Short Form,Call Center Internal
Treadclimber,CAM46716 HALLN60*WLKNYTIC,1/24/2015,1/24/2015,1/19/2015,6,Short Form,Call Center Internal
Treadclimber,CAM46716 HALLN60*WLKNYTIC,1/25/2015,1/25/2015,1/19/2015,7,Short Form,Call Center Internal
Treadclimber,CAM46716 HALLN60*WLKNYTIC,1/19/2015,1/19/2015,1/19/2015,2,Short Form,Third Party Call Center - Evolve
Treadclimber,CAM46716 HALLN60*WLKNYTIC,1/20/2015,1/20/2015,1/19/2015,1,Short Form,Third Party Call Center - Evolve
Treadclimber,CAM46716 HALLN60*WLKNYTIC,1/24/2015,1/24/2015,1/19/2015,7,Short Form,Third Party Call Center - Evolve
Treadclimber,CAM46716 HALLN60*WLKNYTIC,1/25/2015,1/25/2015,1/19/2015,2,Short Form,Third Party Call Center - Evolve
Treadclimber,CAM46718 LIFEN60*WLKNYTIC,1/20/2015,1/20/2015,1/19/2015,1,Short Form,Call Center Internal
Treadclimber,CAM46720 ION*N60*WLKNYTIC,1/19/2015,1/19/2015,1/19/2015,2,Short Form,Third Party Call Center - Evolve
Treadclimber,CAM46720 ION*N60*WLKNYTIC,1/20/2015,1/20/2015,1/19/2015,2,Short Form,Third Party Call Center - Evolve
Treadclimber,CAM46720 ION*N60*WLKNYTIC,1/21/2015,1/21/2015,1/19/2015,5,Short Form,Third Party Call Center - Evolve
Treadclimber,CAM46720 ION*N60*WLKNYTIC,,1/21/2015,1/19/2015,1,Short Form,Third Party Call Center - Evolve
Treadclimber,CAM46720 ION*N60*WLKNYTIC,1/23/2015,1/23/2015,1/19/2015,7,Short Form,Third Party Call Center - Evolve
Treadclimber,CAM46720 ION*N60*WLKNYTIC,,1/23/2015,1/19/2015,1,Short Form,Third Party Call Center - Evolve
Treadclimber,CAM46720 ION*N60*WLKNYTIC,1/23/2015,1/23/2015,1/19/2015,1,Short Form,Third Party Call Center - West
Treadclimber,CAM46721 LMN*N60*WLKNYTIC,1/20/2015,1/20/2015,1/19/2015,1,Short Form,Call Center Internal
Treadclimber,CAM46721 LMN*N60*WLKNYTIC,1/21/2015,1/21/2015,1/19/2015,4,Short Form,Call Center Internal
Treadclimber,CAM46721 LMN*N60*WLKNYTIC,,1/21/2015,1/19/2015,1,Short Form,Call Center Internal
Treadclimber,CAM46721 LMN*N60*WLKNYTIC,1/23/2015,1/23/2015,1/19/2015,2,Short Form,Call Center Internal
Treadclimber,CAM46721 LMN*N60*WLKNYTIC,1/25/2015,1/25/2015,1/19/2015,6,Short Form,Call Center Internal
Treadclimber,CAM46721 LMN*N60*WLKNYTIC,1/21/2015,1/21/2015,1/19/2015,2,Short Form,Third Party Call Center - Evolve
Treadclimber,CAM46721 LMN*N60*WLKNYTIC,,1/21/2015,1/19/2015,1,Short Form,Third Party Call Center - Evolve
Treadclimber,CAM46721 LMN*N60*WLKNYTIC,1/25/2015,1/25/2015,1/19/2015,3,Short Form,Third Party Call Center - Evolve
Treadclimber,CAM46721 LMN*N60*WLKNYTIC,1/25/2015,1/25/2015,1/19/2015,4,Short Form,Third Party Call Center - West
Treadclimber,CAM46722 TVLDN60*WLKNYTIC,1/22/2015,1/22/2015,1/19/2015,1,Short Form,Call Center Internal
Treadclimber,CAM46723 DISEN60*WLKNYTIC,1/19/2015,1/19/2015,1/19/2015,7,Short Form,Call Center Internal
Treadclimber,CAM46723 DISEN60*WLKNYTIC,1/20/2015,1/20/2015,1/19/2015,4,Short Form,Call Center Internal
Treadclimber,CAM46723 DISEN60*WLKNYTIC,1/23/2015,1/23/2015,1/19/2015,2,Short Form,Call Center Internal
Treadclimber,CAM46723 DISEN60*WLKNYTIC,1/19/2015,1/19/2015,1/19/2015,1,Short Form,Third Party Call Center - Evolve
Treadclimber,CAM46723 DISEN60*WLKNYTIC,1/19/2015,1/19/2015,1/19/2015,1,Short Form,Third Party Call Center - West
Treadclimber,CAM46724 DTVAN60*WLKNYTIC,1/21/2015,1/21/2015,1/19/2015,7,Short Form,Call Center Internal
Treadclimber,CAM46724 DTVAN60*WLKNYTIC,1/24/2015,1/24/2015,1/19/2015,9,Short Form,Call Center Internal
Treadclimber,CAM46724 DTVAN60*WLKNYTIC,1/25/2015,1/25/2015,1/19/2015,5,Short Form,Call Center Internal
Treadclimber,CAM46724 DTVAN60*WLKNYTIC,,1/25/2015,1/19/2015,1,Short Form,Call Center Internal
Treadclimber,CAM46724 DTVAN60*WLKNYTIC,1/20/2015,1/20/2015,1/19/2015,1,Short Form,Third Party Call Center - Evolve
Treadclimber,CAM46724 DTVAN60*WLKNYTIC,,1/20/2015,1/19/2015,1,Short Form,Third Party Call Center - Evolve
Treadclimber,CAM46725 DISAN60*WLKNYTIC,1/19/2015,1/19/2015,1/19/2015,4,Short Form,Call Center Internal
Treadclimber,CAM46725 DISAN60*WLKNYTIC,,1/19/2015,1/19/2015,1,Short Form,Call Center Internal
Treadclimber,CAM46725 DISAN60*WLKNYTIC,1/20/2015,1/20/2015,1/19/2015,6,Short Form,Call Center Internal
Treadclimber,CAM46725 DISAN60*WLKNYTIC,1/21/2015,1/21/2015,1/19/2015,5,Short Form,Call Center Internal
Treadclimber,CAM46725 DISAN60*WLKNYTIC,1/22/2015,1/22/2015,1/19/2015,3,Short Form,Call Center Internal
Treadclimber,CAM46725 DISAN60*WLKNYTIC,1/23/2015,1/23/2015,1/19/2015,5,Short Form,Call Center Internal
Treadclimber,CAM46725 DISAN60*WLKNYTIC,,1/24/2015,1/19/2015,1,Short Form,Third Party Call Center - Evolve
Treadclimber,CAM46727 UPTVN120WLKNYTIC,1/25/2015,1/25/2015,1/19/2015,1,Short Form,Call Center Internal
Treadclimber,CAM46728 HMM*N120WLKNYTIC,,1/19/2015,1/19/2015,1,Short Form,Call Center Internal
Treadclimber,CAM46728 HMM*N120WLKNYTIC,1/20/2015,1/20/2015,1/19/2015,1,Short Form,Call Center Internal
Treadclimber,CAM46728 HMM*N120WLKNYTIC,1/23/2015,1/23/2015,1/19/2015,1,Short Form,Call Center Internal
Treadclimber,CAM46728 HMM*N120WLKNYTIC,1/24/2015,1/24/2015,1/19/2015,1,Short Form,Call Center Internal
Treadclimber,CAM46729 ION*N120WLKNYTIC,1/19/2015,1/19/2015,1/19/2015,2,Short Form,Third Party Call Center - Evolve
Treadclimber,CAM46729 ION*N120WLKNYTIC,1/21/2015,1/21/2015,1/19/2015,1,Short Form,Third Party Call Center - Evolve
Treadclimber,CAM46729 ION*N120WLKNYTIC,,1/22/2015,1/19/2015,1,Short Form,Third Party Call Center - Evolve
Treadclimber,CAM46730 INSPN120WLKNYTIC,1/19/2015,1/19/2015,1/19/2015,1,Short Form,Call Center Internal
Treadclimber,CAM46732 FOXNN120WLKNYTIC,1/19/2015,1/19/2015,1/19/2015,1,Short Form,Third Party Call Center - Evolve
Treadclimber,CAM46732 FOXNN120WLKNYTIC,,1/19/2015,1/19/2015,1,Short Form,Third Party Call Center - Evolve
Treadclimber,CAM46732 FOXNN120WLKNYTIC,1/21/2015,1/21/2015,1/19/2015,1,Short Form,Third Party Call Center - Evolve
Treadclimber,CAM46733 ESQ*N120WLKNYTIC,1/19/2015,1/19/2015,1/19/2015,1,Short Form,Call Center Internal
Treadclimber,CAM46734 METVN120WLKNYTIC,1/19/2015,1/19/2015,1/19/2015,1,Short Form,Call Center Internal
Treadclimber,CAM46734 METVN120WLKNYTIC,1/20/2015,1/20/2015,1/19/2015,1,Short Form,Call Center Internal
Treadclimber,CAM46734 METVN120WLKNYTIC,1/24/2015,1/24/2015,1/19/2015,1,Short Form,Call Center Internal
Treadclimber,CAM46734 METVN120WLKNYTIC,1/22/2015,1/22/2015,1/19/2015,1,Short Form,Third Party Call Center - Evolve
Treadclimber,CAM46734 METVN120WLKNYTIC,,1/23/2015,1/19/2015,1,Short Form,Third Party Call Center - Evolve
Treadclimber,CAM46734 METVN120WLKNYTIC,1/19/2015,1/19/2015,1/19/2015,1,Short Form,Third Party Call Center - West
Treadclimber,CAM46737 CMT*N120GNTNYTIC,1/19/2015,1/19/2015,1/19/2015,3,Short Form,Call Center Internal
Treadclimber,CAM46737 CMT*N120GNTNYTIC,1/20/2015,1/20/2015,1/19/2015,9,Short Form,Call Center Internal
Treadclimber,CAM46737 CMT*N120GNTNYTIC,1/21/2015,1/21/2015,1/19/2015,4,Short Form,Call Center Internal
Treadclimber,CAM46737 CMT*N120GNTNYTIC,1/22/2015,1/22/2015,1/19/2015,5,Short Form,Call Center Internal
Treadclimber,CAM46737 CMT*N120GNTNYTIC,1/23/2015,1/23/2015,1/19/2015,1,Short Form,Call Center Internal
Treadclimber,CAM46737 CMT*N120GNTNYTIC,1/24/2015,1/24/2015,1/19/2015,1,Short Form,Call Center Internal
Treadclimber,CAM46737 CMT*N120GNTNYTIC,1/22/2015,1/22/2015,1/19/2015,2,Short Form,Third Party Call Center - Evolve
Treadclimber,CAM46737 CMT*N120GNTNYTIC,1/23/2015,1/23/2015,1/19/2015,3,Short Form,Third Party Call Center - Evolve
Treadclimber,CAM46737 CMT*N120GNTNYTIC,1/23/2015,1/23/2015,1/19/2015,1,Short Form,Third Party Call Center - West
Treadclimber,CAM46738 SPKEN120GNTNYTIC,1/19/2015,1/19/2015,1/19/2015,8,Short Form,Call Center Internal
Treadclimber,CAM46738 SPKEN120GNTNYTIC,1/20/2015,1/20/2015,1/19/2015,4,Short Form,Call Center Internal
Treadclimber,CAM46738 SPKEN120GNTNYTIC,1/21/2015,1/21/2015,1/19/2015,16,Short Form,Call Center Internal
Treadclimber,CAM46738 SPKEN120GNTNYTIC,1/22/2015,1/22/2015,1/19/2015,7,Short Form,Call Center Internal
Treadclimber,CAM46738 SPKEN120GNTNYTIC,1/23/2015,1/23/2015,1/19/2015,6,Short Form,Call Center Internal
Treadclimber,CAM46738 SPKEN120GNTNYTIC,1/25/2015,1/25/2015,1/19/2015,5,Short Form,Call Center Internal
Treadclimber,CAM46738 SPKEN120GNTNYTIC,1/19/2015,1/19/2015,1/19/2015,2,Short Form,Third Party Call Center - Evolve
Treadclimber,CAM46738 SPKEN120GNTNYTIC,1/21/2015,1/21/2015,1/19/2015,2,Short Form,Third Party Call Center - Evolve
Treadclimber,CAM46738 SPKEN120GNTNYTIC,1/25/2015,1/25/2015,1/19/2015,1,Short Form,Third Party Call Center - Evolve
Treadclimber,CAM46738 SPKEN120GNTNYTIC,1/21/2015,1/21/2015,1/19/2015,2,Short Form,Third Party Call Center - West
Treadclimber,CAM46739 PALLN120GNTNYTIC,1/23/2015,1/23/2015,1/19/2015,2,Short Form,Call Center Internal
Treadclimber,CAM46739 PALLN120GNTNYTIC,1/25/2015,1/25/2015,1/19/2015,1,Short Form,Call Center Internal
Treadclimber,CAM46740 SUNDN120GNTNYTIC,1/19/2015,1/19/2015,1/19/2015,4,Short Form,Call Center Internal
Treadclimber,CAM46740 SUNDN120GNTNYTIC,1/22/2015,1/22/2015,1/19/2015,3,Short Form,Call Center Internal
Treadclimber,CAM46740 SUNDN120GNTNYTIC,1/24/2015,1/24/2015,1/19/2015,3,Short Form,Call Center Internal
Treadclimber,CAM46740 SUNDN120GNTNYTIC,1/25/2015,1/25/2015,1/19/2015,3,Short Form,Call Center Internal
Treadclimber,CAM46740 SUNDN120GNTNYTIC,1/21/2015,1/21/2015,1/19/2015,1,Short Form,Third Party Call Center - Evolve
Treadclimber,CAM46740 SUNDN120GNTNYTIC,1/22/2015,1/22/2015,1/19/2015,1,Short Form,Third Party Call Center - Evolve
Treadclimber,CAM46740 SUNDN120GNTNYTIC,1/24/2015,1/24/2015,1/19/2015,1,Short Form,Third Party Call Center - Evolve
Treadclimber,CAM46741 INSPN180WLKNYTIC,1/19/2015,1/19/2015,1/19/2015,7,Short Form,Call Center Internal
Treadclimber,CAM46741 INSPN180WLKNYTIC,1/20/2015,1/20/2015,1/19/2015,11,Short Form,Call Center Internal
Treadclimber,CAM46741 INSPN180WLKNYTIC,,1/20/2015,1/19/2015,1,Short Form,Call Center Internal
Treadclimber,CAM46741 INSPN180WLKNYTIC,1/21/2015,1/21/2015,1/19/2015,6,Short Form,Call Center Internal
Treadclimber,CAM46741 INSPN180WLKNYTIC,1/22/2015,1/22/2015,1/19/2015,7,Short Form,Call Center Internal
Treadclimber,CAM46741 INSPN180WLKNYTIC,,1/22/2015,1/19/2015,1,Short Form,Call Center Internal
Treadclimber,CAM46741 INSPN180WLKNYTIC,1/23/2015,1/23/2015,1/19/2015,9,Short Form,Call Center Internal
Treadclimber,CAM46741 INSPN180WLKNYTIC,1/24/2015,1/24/2015,1/19/2015,10,Short Form,Call Center Internal
Treadclimber,CAM46741 INSPN180WLKNYTIC,1/25/2015,1/25/2015,1/19/2015,6,Short Form,Call Center Internal
Treadclimber,CAM46741 INSPN180WLKNYTIC,1/20/2015,1/20/2015,1/19/2015,2,Short Form,Third Party Call Center - Evolve
Treadclimber,CAM46741 INSPN180WLKNYTIC,1/21/2015,1/21/2015,1/19/2015,6,Short Form,Third Party Call Center - Evolve
Treadclimber,CAM46741 INSPN180WLKNYTIC,1/22/2015,1/22/2015,1/19/2015,3,Short Form,Third Party Call Center - Evolve
Treadclimber,CAM46741 INSPN180WLKNYTIC,1/23/2015,1/23/2015,1/19/2015,7,Short Form,Third Party Call Center - Evolve
Treadclimber,CAM46741 INSPN180WLKNYTIC,1/24/2015,1/24/2015,1/19/2015,4,Short Form,Third Party Call Center - Evolve
Treadclimber,CAM46741 INSPN180WLKNYTIC,1/25/2015,1/25/2015,1/19/2015,1,Short Form,Third Party Call Center - Evolve
Treadclimber,CAM46741 INSPN180WLKNYTIC,1/21/2015,1/21/2015,1/19/2015,2,Short Form,Third Party Call Center - West
Treadclimber,CAM46741 INSPN180WLKNYTIC,1/24/2015,1/24/2015,1/19/2015,11,Short Form,Third Party Call Center - West
Treadclimber,CAM46741 INSPN180WLKNYTIC,1/25/2015,1/25/2015,1/19/2015,3,Short Form,Third Party Call Center - West
Treadclimber,CAM46742 OWN*N180WLKNYTIC,1/19/2015,1/19/2015,1/19/2015,28,Short Form,Call Center Internal
Treadclimber,CAM46742 OWN*N180WLKNYTIC,,1/19/2015,1/19/2015,2,Short Form,Call Center Internal
Treadclimber,CAM46742 OWN*N180WLKNYTIC,1/21/2015,1/21/2015,1/19/2015,1,Short Form,Call Center Internal
Treadclimber,CAM46742 OWN*N180WLKNYTIC,1/22/2015,1/22/2015,1/19/2015,10,Short Form,Call Center Internal
Treadclimber,CAM46742 OWN*N180WLKNYTIC,,1/24/2015,1/19/2015,1,Short Form,Call Center Internal
Treadclimber,CAM46742 OWN*N180WLKNYTIC,1/19/2015,1/19/2015,1/19/2015,11,Short Form,Third Party Call Center - Evolve
Treadclimber,CAM46742 OWN*N180WLKNYTIC,,1/19/2015,1/19/2015,1,Short Form,Third Party Call Center - Evolve
Treadclimber,CAM46742 OWN*N180WLKNYTIC,1/19/2015,1/19/2015,1/19/2015,1,Short Form,Third Party Call Center - West
Treadclimber,CAM46743 HIS2N180WLKNYTIC,1/20/2015,1/20/2015,1/19/2015,1,Short Form,Call Center Internal
Treadclimber,CAM46744 IONLN180WLKNYTIC,1/19/2015,1/19/2015,1/19/2015,2,Short Form,Call Center Internal
Treadclimber,CAM46744 IONLN180WLKNYTIC,1/21/2015,1/21/2015,1/19/2015,1,Short Form,Call Center Internal
Treadclimber,CAM46744 IONLN180WLKNYTIC,1/22/2015,1/22/2015,1/19/2015,2,Short Form,Call Center Internal
Treadclimber,CAM46744 IONLN180WLKNYTIC,1/23/2015,1/23/2015,1/19/2015,2,Short Form,Call Center Internal
Treadclimber,CAM46744 IONLN180WLKNYTIC,1/24/2015,1/24/2015,1/19/2015,2,Short Form,Call Center Internal
Treadclimber,CAM46744 IONLN180WLKNYTIC,1/25/2015,1/25/2015,1/19/2015,10,Short Form,Call Center Internal
Treadclimber,CAM46744 IONLN180WLKNYTIC,1/23/2015,1/23/2015,1/19/2015,1,Short Form,Third Party Call Center - Evolve
Treadclimber,CAM46745 PUREN180WLKNYTIC,1/19/2015,1/19/2015,1/19/2015,1,Short Form,Call Center Internal
Treadclimber,CAM46745 PUREN180WLKNYTIC,1/20/2015,1/20/2015,1/19/2015,1,Short Form,Call Center Internal
Treadclimber,CAM46745 PUREN180WLKNYTIC,1/21/2015,1/21/2015,1/19/2015,1,Short Form,Call Center Internal
Treadclimber,CAM46745 PUREN180WLKNYTIC,1/23/2015,1/23/2015,1/19/2015,1,Short Form,Call Center Internal
Treadclimber,CAM46745 PUREN180WLKNYTIC,1/24/2015,1/24/2015,1/19/2015,1,Short Form,Call Center Internal
Treadclimber,CAM46750 USALL60*WLKNYTIC,1/19/2015,1/19/2015,1/19/2015,1,Short Form,Call Center Internal
Treadclimber,CAM46750 USALL60*WLKNYTIC,1/22/2015,1/22/2015,1/19/2015,1,Short Form,Call Center Internal
Treadclimber,CAM46750 USALL60*WLKNYTIC,1/25/2015,1/25/2015,1/19/2015,1,Short Form,Third Party Call Center - Evolve
Treadclimber,CAM46754 LIFLL60*WLKNYTIC,1/21/2015,1/21/2015,1/19/2015,1,Short Form,Call Center Internal
Treadclimber,CAM46822 COSMC120ALONYKST,1/24/2015,1/24/2015,1/19/2015,1,Short Form,Third Party Call Center - West
Treadclimber,CAM46836 FOODC60*WLKNYKST,1/21/2015,1/21/2015,1/19/2015,1,Short Form,Call Center Internal
Treadclimber,CAM46868 DLFEN120ALONYTIC,1/22/2015,1/22/2015,1/19/2015,4,Short Form,Call Center Internal
Treadclimber,CAM46868 DLFEN120ALONYTIC,1/23/2015,1/23/2015,1/19/2015,10,Short Form,Call Center Internal
Treadclimber,CAM46868 DLFEN120ALONYTIC,,1/23/2015,1/19/2015,1,Short Form,Call Center Internal
Treadclimber,CAM46868 DLFEN120ALONYTIC,1/24/2015,1/24/2015,1/19/2015,5,Short Form,Call Center Internal
Treadclimber,CAM46868 DLFEN120ALONYTIC,1/25/2015,1/25/2015,1/19/2015,1,Short Form,Call Center Internal
Treadclimber,CAM46868 DLFEN120ALONYTIC,1/23/2015,1/23/2015,1/19/2015,1,Short Form,Third Party Call Center - Evolve
Treadclimber,CAM46868 DLFEN120ALONYTIC,,1/23/2015,1/19/2015,1,Short Form,Third Party Call Center - Evolve
Treadclimber,CAM46870 COOKN120ALONYTIC,1/19/2015,1/19/2015,1/19/2015,3,Short Form,Call Center Internal
Treadclimber,CAM46870 COOKN120ALONYTIC,1/20/2015,1/20/2015,1/19/2015,4,Short Form,Call Center Internal
Treadclimber,CAM46870 COOKN120ALONYTIC,1/21/2015,1/21/2015,1/19/2015,4,Short Form,Call Center Internal
Treadclimber,CAM46870 COOKN120ALONYTIC,1/24/2015,1/24/2015,1/19/2015,2,Short Form,Call Center Internal
Treadclimber,CAM46870 COOKN120ALONYTIC,1/25/2015,1/25/2015,1/19/2015,4,Short Form,Call Center Internal
Treadclimber,CAM46870 COOKN120ALONYTIC,1/19/2015,1/19/2015,1/19/2015,2,Short Form,Third Party Call Center - Evolve
Treadclimber,CAM46870 COOKN120ALONYTIC,1/24/2015,1/24/2015,1/19/2015,1,Short Form,Third Party Call Center - Evolve
Treadclimber,CAM46870 COOKN120ALONYTIC,1/19/2015,1/19/2015,1/19/2015,1,Short Form,Third Party Call Center - West
Treadclimber,CAM46871 CMT*N120ALONYTIC,1/19/2015,1/19/2015,1/19/2015,4,Short Form,Call Center Internal
Treadclimber,CAM46871 CMT*N120ALONYTIC,1/20/2015,1/20/2015,1/19/2015,6,Short Form,Call Center Internal
Treadclimber,CAM46871 CMT*N120ALONYTIC,1/21/2015,1/21/2015,1/19/2015,6,Short Form,Call Center Internal
Treadclimber,CAM46871 CMT*N120ALONYTIC,1/23/2015,1/23/2015,1/19/2015,3,Short Form,Call Center Internal
Treadclimber,CAM46871 CMT*N120ALONYTIC,1/21/2015,1/21/2015,1/19/2015,4,Short Form,Third Party Call Center - Evolve
Treadclimber,CAM46871 CMT*N120ALONYTIC,1/23/2015,1/23/2015,1/19/2015,1,Short Form,Third Party Call Center - Evolve
Treadclimber,CAM46871 CMT*N120ALONYTIC,1/21/2015,1/21/2015,1/19/2015,1,Short Form,Third Party Call Center - West
Treadclimber,CAM46871 CMT*N120ALONYTIC,1/23/2015,1/23/2015,1/19/2015,1,Short Form,Third Party Call Center - West
Treadclimber,CAM46872 PALLN120ALONYTIC,1/19/2015,1/19/2015,1/19/2015,3,Short Form,Call Center Internal
Treadclimber,CAM46872 PALLN120ALONYTIC,1/21/2015,1/21/2015,1/19/2015,1,Short Form,Call Center Internal
Treadclimber,CAM46872 PALLN120ALONYTIC,1/23/2015,1/23/2015,1/19/2015,1,Short Form,Call Center Internal
Treadclimber,CAM46872 PALLN120ALONYTIC,1/24/2015,1/24/2015,1/19/2015,1,Short Form,Call Center Internal
Treadclimber,CAM46872 PALLN120ALONYTIC,1/25/2015,1/25/2015,1/19/2015,2,Short Form,Call Center Internal
Treadclimber,CAM46872 PALLN120ALONYTIC,1/23/2015,1/23/2015,1/19/2015,1,Short Form,Third Party Call Center - Evolve
Treadclimber,CAM46873 SPKEN120ALONYTIC,1/19/2015,1/19/2015,1/19/2015,8,Short Form,Call Center Internal
Treadclimber,CAM46873 SPKEN120ALONYTIC,1/20/2015,1/20/2015,1/19/2015,6,Short Form,Call Center Internal
Treadclimber,CAM46873 SPKEN120ALONYTIC,1/21/2015,1/21/2015,1/19/2015,7,Short Form,Call Center Internal
Treadclimber,CAM46873 SPKEN120ALONYTIC,1/22/2015,1/22/2015,1/19/2015,6,Short Form,Call Center Internal
Treadclimber,CAM46873 SPKEN120ALONYTIC,1/23/2015,1/23/2015,1/19/2015,9,Short Form,Call Center Internal
Treadclimber,CAM46873 SPKEN120ALONYTIC,,1/23/2015,1/19/2015,1,Short Form,Call Center Internal
Treadclimber,CAM46873 SPKEN120ALONYTIC,1/19/2015,1/19/2015,1/19/2015,2,Short Form,Third Party Call Center - Evolve
Treadclimber,CAM46873 SPKEN120ALONYTIC,1/23/2015,1/23/2015,1/19/2015,6,Short Form,Third Party Call Center - Evolve
Treadclimber,CAM46873 SPKEN120ALONYTIC,1/23/2015,1/23/2015,1/19/2015,1,Short Form,Third Party Call Center - West
Treadclimber,CAM46874 SUNDN120ALONYTIC,1/19/2015,1/19/2015,1/19/2015,3,Short Form,Call Center Internal
Treadclimber,CAM46874 SUNDN120ALONYTIC,1/20/2015,1/20/2015,1/19/2015,2,Short Form,Call Center Internal
Treadclimber,CAM46874 SUNDN120ALONYTIC,1/21/2015,1/21/2015,1/19/2015,2,Short Form,Call Center Internal
Treadclimber,CAM46874 SUNDN120ALONYTIC,1/22/2015,1/22/2015,1/19/2015,4,Short Form,Call Center Internal
Treadclimber,CAM46874 SUNDN120ALONYTIC,1/24/2015,1/24/2015,1/19/2015,2,Short Form,Call Center Internal
Treadclimber,CAM46874 SUNDN120ALONYTIC,1/25/2015,1/25/2015,1/19/2015,5,Short Form,Call Center Internal
Treadclimber,CAM46874 SUNDN120ALONYTIC,1/19/2015,1/19/2015,1/19/2015,1,Short Form,Third Party Call Center - Evolve
Treadclimber,CAM46874 SUNDN120ALONYTIC,1/20/2015,1/20/2015,1/19/2015,1,Short Form,Third Party Call Center - Evolve
Treadclimber,CAM46874 SUNDN120ALONYTIC,1/25/2015,1/25/2015,1/19/2015,2,Short Form,Third Party Call Center - Evolve
Treadclimber,CAM46874 SUNDN120ALONYTIC,1/20/2015,1/20/2015,1/19/2015,6,Short Form,Third Party Call Center - West
Treadclimber,CAM46874 SUNDN120ALONYTIC,1/21/2015,1/21/2015,1/19/2015,1,Short Form,Third Party Call Center - West
Treadclimber,CAM46874 SUNDN120ALONYTIC,1/25/2015,1/25/2015,1/19/2015,3,Short Form,Third Party Call Center - West
Treadclimber,CAM28157 SALESFOLLOWUP,,1/19/2015,1/19/2015,2,Un-Sourced,Call Center Internal
Treadclimber,CAM28157 SALESFOLLOWUP,,1/20/2015,1/19/2015,4,Un-Sourced,Call Center Internal
Treadclimber,CAM28157 SALESFOLLOWUP,,1/22/2015,1/19/2015,2,Un-Sourced,Call Center Internal
Treadclimber,CAM28157 SALESFOLLOWUP,,1/23/2015,1/19/2015,3,Un-Sourced,Call Center Internal
Treadclimber,CAM28157 SALESFOLLOWUP,,1/24/2015,1/19/2015,1,Un-Sourced,Call Center Internal
Treadclimber,CAM40821 1800BOWFLEX,,1/22/2015,1/19/2015,1,Un-Sourced,Call Center Internal
Treadclimber,CAM40821 1800BOWFLEX,,1/20/2015,1/19/2015,1,Un-Sourced,Third Party Call Center - Evolve
Treadclimber,CAM40825 1800TREADCLIMBER,1/19/2015,1/19/2015,1/19/2015,3,Un-Sourced,Call Center Internal
Treadclimber,CAM40825 1800TREADCLIMBER,,1/19/2015,1/19/2015,8,Un-Sourced,Call Center Internal
Treadclimber,CAM40825 1800TREADCLIMBER,1/20/2015,1/20/2015,1/19/2015,1,Un-Sourced,Call Center Internal
Treadclimber,CAM40825 1800TREADCLIMBER,,1/20/2015,1/19/2015,4,Un-Sourced,Call Center Internal
Treadclimber,CAM40825 1800TREADCLIMBER,1/21/2015,1/21/2015,1/19/2015,3,Un-Sourced,Call Center Internal
Treadclimber,CAM40825 1800TREADCLIMBER,,1/21/2015,1/19/2015,7,Un-Sourced,Call Center Internal
Treadclimber,CAM40825 1800TREADCLIMBER,1/22/2015,1/22/2015,1/19/2015,2,Un-Sourced,Call Center Internal
Treadclimber,CAM40825 1800TREADCLIMBER,1/23/2015,1/23/2015,1/19/2015,1,Un-Sourced,Call Center Internal
Treadclimber,CAM40825 1800TREADCLIMBER,,1/25/2015,1/19/2015,3,Un-Sourced,Call Center Internal
Treadclimber,CAM40825 1800TREADCLIMBER,,1/20/2015,1/19/2015,1,Un-Sourced,Third Party Call Center - Evolve
Treadclimber,CAM40825 1800TREADCLIMBER,,1/21/2015,1/19/2015,1,Un-Sourced,Third Party Call Center - Evolve
Treadclimber,CAM40825 1800TREADCLIMBER,,1/22/2015,1/19/2015,2,Un-Sourced,Third Party Call Center - Evolve
Treadclimber,CAM45327 1800MAXTRAINER,,1/19/2015,1/19/2015,4,Un-Sourced,Call Center Internal
Treadclimber,CAM45327 1800MAXTRAINER,,1/20/2015,1/19/2015,6,Un-Sourced,Call Center Internal
Treadclimber,CAM45327 1800MAXTRAINER,,1/21/2015,1/19/2015,4,Un-Sourced,Call Center Internal
Treadclimber,CAM45327 1800MAXTRAINER,,1/22/2015,1/19/2015,2,Un-Sourced,Call Center Internal
Treadclimber,CAM45327 1800MAXTRAINER,,1/23/2015,1/19/2015,3,Un-Sourced,Call Center Internal
Treadclimber,CAM45327 1800MAXTRAINER,,1/24/2015,1/19/2015,1,Un-Sourced,Call Center Internal
Treadclimber,CAM45327 1800MAXTRAINER,,1/20/2015,1/19/2015,1,Un-Sourced,Third Party Call Center - Evolve
Treadclimber,CAM46083 1800BOWFLEXBODY,,1/20/2015,1/19/2015,1,Un-Sourced,Call Center Internal
Treadclimber,CAM36075 dsetsf11a,1/26/2015,1/26/2015,1/26/2015,2,Electronic - Short Form,Web
Treadclimber,CAM36608 dsetsf12a,1/26/2015,1/26/2015,1/26/2015,6,Electronic - Short Form,Web
Treadclimber,CAM36608 dsetsf12a,,1/26/2015,1/26/2015,2,Electronic - Short Form,Web
Treadclimber,CAM45802 DSETSF14A,1/26/2015,1/26/2015,1/26/2015,1,Electronic - Short Form,Web
Treadclimber,CAM16414 DEGBFTRC,1/26/2015,1/26/2015,1/26/2015,3,Electronic - UnSourced,Web
Treadclimber,CAM16414 DEGBFTRC,,1/26/2015,1/26/2015,4,Electronic - UnSourced,Web
Treadclimber,CAM46552 DODNETTDL7,1/26/2015,1/26/2015,1/26/2015,2,Online Display,Web
Treadclimber,CAM37440 dosg2tsl21,1/26/2015,1/26/2015,1/26/2015,1,Online Search,Web
Treadclimber,CAM37440 dosg2tsl21,,1/26/2015,1/26/2015,4,Online Search,Web
Treadclimber,CAM37442 dosg2tsl23,1/26/2015,1/26/2015,1/26/2015,1,Online Search,Web
Treadclimber,CAM37655 dosbitsl10,,1/26/2015,1/26/2015,1,Online Search,Web
Treadclimber,CAM43666 dosg2tmobile4,1/26/2015,1/26/2015,1/26/2015,2,Online Search,Web
Treadclimber,CAM43666 dosg2tmobile4,,1/26/2015,1/26/2015,1,Online Search,Web
Treadclimber,CAM46146 DOSBITSL17,,1/26/2015,1/26/2015,2,Online Search,Web
Treadclimber,CAM32123 dofg2tfeed1,1/26/2015,1/26/2015,1/26/2015,1,Online Shopping,Web
Treadclimber,CAM45897 DOXFBTRESPONSE,1/26/2015,1/26/2015,1/26/2015,1,Online Social,Web
Treadclimber,CAM45803 DOVHULUTVL3,1/26/2015,1/26/2015,1/26/2015,1,Online Video,Web
Treadclimber,CAM46636 FOXNN120ALONYTIC,1/26/2015,1/26/2015,1/26/2015,2,Short Form,Third Party Call Center - Evolve
Treadclimber,CAM46636 FOXNN120ALONYTIC,,1/26/2015,1/26/2015,1,Short Form,Third Party Call Center - Evolve
