Treadclimber,CAM30971 icastsf09buytc,12/20/2014,12/20/2014,12/15/2014,46,Electronic - Short Form,Web
Treadclimber,CAM30971 icastsf09buytc,12/26/2014,12/20/2014,12/15/2014,1,Electronic - Short Form,Web
Treadclimber,CAM30971 icastsf09buytc,12/21/2014,12/21/2014,12/15/2014,77,Electronic - Short Form,Web
Treadclimber,CAM36732 icastsf12a,12/15/2014,12/15/2014,12/15/2014,24,Electronic - Short Form,Web
Treadclimber,CAM36732 icastsf12a,12/16/2014,12/16/2014,12/15/2014,2,Electronic - Short Form,Web
Treadclimber,CAM36732 icastsf12a,12/17/2014,12/17/2014,12/15/2014,2,Electronic - Short Form,Web
Treadclimber,CAM36732 icastsf12a,12/18/2014,12/18/2014,12/15/2014,2,Electronic - Short Form,Web
Treadclimber,CAM36732 icastsf12a,12/19/2014,12/19/2014,12/15/2014,4,Electronic - Short Form,Web
Treadclimber,CAM36732 icastsf12a,12/20/2014,12/20/2014,12/15/2014,4,Electronic - Short Form,Web
Treadclimber,CAM36732 icastsf12a,12/21/2014,12/21/2014,12/15/2014,4,Electronic - Short Form,Web
Treadclimber,CAM37204 icastsf12b,12/15/2014,12/15/2014,12/15/2014,2,Electronic - Short Form,Web
Treadclimber,CAM37204 icastsf12b,12/16/2014,12/16/2014,12/15/2014,2,Electronic - Short Form,Web
Treadclimber,CAM37204 icastsf12b,12/17/2014,12/17/2014,12/15/2014,1,Electronic - Short Form,Web
Treadclimber,CAM37204 icastsf12b,12/20/2014,12/20/2014,12/15/2014,1,Electronic - Short Form,Web
Treadclimber,CAM37204 icastsf12b,12/21/2014,12/21/2014,12/15/2014,1,Electronic - Short Form,Web
Treadclimber,CAM4173 SAWGETATCCA_TRC,12/15/2014,12/15/2014,12/15/2014,1,Electronic - Short Form,Call Center Internal
Treadclimber,CAM45693 ICASESF14A,,12/18/2014,12/15/2014,1,Electronic - Short Form,Call Center Internal
Treadclimber,CAM45693 ICASESF14A,,12/15/2014,12/15/2014,1,Electronic - Short Form,Web
Treadclimber,CAM127 1800BOWFLEX_BFC,,12/20/2014,12/15/2014,1,Electronic - UnSourced,Call Center Internal
Treadclimber,CAM132 1800BOWFLEX_CAT,12/18/2014,12/18/2014,12/15/2014,1,Electronic - UnSourced,Call Center Internal
Treadclimber,CAM132 1800BOWFLEX_CAT,,12/19/2014,12/15/2014,1,Electronic - UnSourced,Call Center Internal
Treadclimber,CAM132 1800BOWFLEX_CAT,,12/20/2014,12/15/2014,1,Electronic - UnSourced,Call Center Internal
Treadclimber,CAM133 1800BOWFLEX_TRC,,12/16/2014,12/15/2014,1,Electronic - UnSourced,Call Center Internal
Treadclimber,CAM133 1800BOWFLEX_TRC,,12/18/2014,12/15/2014,1,Electronic - UnSourced,Call Center Internal
Treadclimber,CAM133 1800BOWFLEX_TRC,,12/20/2014,12/15/2014,1,Electronic - UnSourced,Call Center Internal
Treadclimber,CAM28491 icat1sitecat,,12/15/2014,12/15/2014,1,Electronic - UnSourced,Web
Treadclimber,CAM28491 icat1sitecat,12/17/2014,12/17/2014,12/15/2014,1,Electronic - UnSourced,Web
Treadclimber,CAM28491 icat1sitecat,12/18/2014,12/18/2014,12/15/2014,2,Electronic - UnSourced,Web
Treadclimber,CAM28491 icat1sitecat,,12/18/2014,12/15/2014,1,Electronic - UnSourced,Web
Treadclimber,CAM28491 icat1sitecat,,12/19/2014,12/15/2014,1,Electronic - UnSourced,Web
Treadclimber,CAM28491 icat1sitecat,12/21/2014,12/21/2014,12/15/2014,1,Electronic - UnSourced,Web
Treadclimber,CAM40760 ICATHOME,,12/19/2014,12/15/2014,1,Electronic - UnSourced,Call Center Internal
Treadclimber,CAM40760 ICATHOME,12/15/2014,12/15/2014,12/15/2014,35,Electronic - UnSourced,Web
Treadclimber,CAM40760 ICATHOME,,12/15/2014,12/15/2014,6,Electronic - UnSourced,Web
Treadclimber,CAM40760 ICATHOME,12/16/2014,12/16/2014,12/15/2014,12,Electronic - UnSourced,Web
Treadclimber,CAM40760 ICATHOME,,12/16/2014,12/15/2014,1,Electronic - UnSourced,Web
Treadclimber,CAM40760 ICATHOME,12/17/2014,12/17/2014,12/15/2014,3,Electronic - UnSourced,Web
Treadclimber,CAM40760 ICATHOME,,12/17/2014,12/15/2014,2,Electronic - UnSourced,Web
Treadclimber,CAM40760 ICATHOME,12/18/2014,12/18/2014,12/15/2014,4,Electronic - UnSourced,Web
Treadclimber,CAM40760 ICATHOME,12/22/2014,12/18/2014,12/15/2014,1,Electronic - UnSourced,Web
Treadclimber,CAM40760 ICATHOME,,12/18/2014,12/15/2014,2,Electronic - UnSourced,Web
Treadclimber,CAM40760 ICATHOME,12/19/2014,12/19/2014,12/15/2014,13,Electronic - UnSourced,Web
Treadclimber,CAM40760 ICATHOME,,12/19/2014,12/15/2014,3,Electronic - UnSourced,Web
Treadclimber,CAM40760 ICATHOME,12/20/2014,12/20/2014,12/15/2014,10,Electronic - UnSourced,Web
Treadclimber,CAM40760 ICATHOME,,12/20/2014,12/15/2014,2,Electronic - UnSourced,Web
Treadclimber,CAM40760 ICATHOME,12/21/2014,12/21/2014,12/15/2014,11,Electronic - UnSourced,Web
Treadclimber,CAM40760 ICATHOME,,12/21/2014,12/15/2014,1,Electronic - UnSourced,Web
Treadclimber,CAM44236 SAWMAX,,12/20/2014,12/15/2014,1,Electronic - UnSourced,Call Center Internal
Treadclimber,CAM44626 1800BOWFLEX_BMT,,12/15/2014,12/15/2014,1,Electronic - UnSourced,Call Center Internal
Treadclimber,CAM45632 ICAEE1SITECMT,,12/20/2014,12/15/2014,1,Electronic - UnSourced,Call Center Internal
Treadclimber,CAM45699 SAWICAEEMAX,,12/18/2014,12/15/2014,1,Electronic - UnSourced,Call Center Internal
Treadclimber,CAM45699 SAWICAEEMAX,,12/21/2014,12/15/2014,1,Electronic - UnSourced,Call Center Internal
Treadclimber,CAM41254 icaodaktdl4,12/15/2014,12/15/2014,12/15/2014,4,Online Display,Web
Treadclimber,CAM41254 icaodaktdl4,,12/15/2014,12/15/2014,2,Online Display,Web
Treadclimber,CAM41254 icaodaktdl4,12/16/2014,12/16/2014,12/15/2014,1,Online Display,Web
Treadclimber,CAM41254 icaodaktdl4,12/17/2014,12/17/2014,12/15/2014,2,Online Display,Web
Treadclimber,CAM41254 icaodaktdl4,12/19/2014,12/19/2014,12/15/2014,2,Online Display,Web
Treadclimber,CAM41254 icaodaktdl4,,12/19/2014,12/15/2014,1,Online Display,Web
Treadclimber,CAM41254 icaodaktdl4,12/20/2014,12/20/2014,12/15/2014,1,Online Display,Web
Treadclimber,CAM41254 icaodaktdl4,12/21/2014,12/21/2014,12/15/2014,2,Online Display,Web
Treadclimber,CAM41254 icaodaktdl4,,12/21/2014,12/15/2014,1,Online Display,Web
Treadclimber,CAM30840 icaosgctsl1,,12/20/2014,12/15/2014,1,Online Search,Web
Treadclimber,CAM30841 icaosgctsl2,,12/19/2014,12/15/2014,1,Online Search,Call Center Internal
Treadclimber,CAM30841 icaosgctsl2,12/15/2014,12/15/2014,12/15/2014,23,Online Search,Web
Treadclimber,CAM30841 icaosgctsl2,12/23/2014,12/15/2014,12/15/2014,1,Online Search,Web
Treadclimber,CAM30841 icaosgctsl2,,12/15/2014,12/15/2014,2,Online Search,Web
Treadclimber,CAM30841 icaosgctsl2,12/16/2014,12/16/2014,12/15/2014,6,Online Search,Web
Treadclimber,CAM30841 icaosgctsl2,,12/16/2014,12/15/2014,5,Online Search,Web
Treadclimber,CAM30841 icaosgctsl2,12/17/2014,12/17/2014,12/15/2014,2,Online Search,Web
Treadclimber,CAM30841 icaosgctsl2,,12/17/2014,12/15/2014,3,Online Search,Web
Treadclimber,CAM30841 icaosgctsl2,12/18/2014,12/18/2014,12/15/2014,8,Online Search,Web
Treadclimber,CAM30841 icaosgctsl2,,12/18/2014,12/15/2014,2,Online Search,Web
Treadclimber,CAM30841 icaosgctsl2,12/19/2014,12/19/2014,12/15/2014,16,Online Search,Web
Treadclimber,CAM30841 icaosgctsl2,,12/19/2014,12/15/2014,1,Online Search,Web
Treadclimber,CAM30841 icaosgctsl2,12/20/2014,12/20/2014,12/15/2014,10,Online Search,Web
Treadclimber,CAM30841 icaosgctsl2,,12/20/2014,12/15/2014,3,Online Search,Web
Treadclimber,CAM30841 icaosgctsl2,12/21/2014,12/21/2014,12/15/2014,5,Online Search,Web
Treadclimber,CAM30841 icaosgctsl2,,12/21/2014,12/15/2014,2,Online Search,Web
Treadclimber,CAM30842 icaosgctsl3,12/15/2014,12/15/2014,12/15/2014,3,Online Search,Web
Treadclimber,CAM30842 icaosgctsl3,12/16/2014,12/16/2014,12/15/2014,1,Online Search,Web
Treadclimber,CAM30842 icaosgctsl3,12/18/2014,12/18/2014,12/15/2014,1,Online Search,Web
Treadclimber,CAM30842 icaosgctsl3,12/19/2014,12/19/2014,12/15/2014,2,Online Search,Web
Treadclimber,CAM30842 icaosgctsl3,12/20/2014,12/20/2014,12/15/2014,1,Online Search,Web
Treadclimber,CAM30891 SAWICAOSGCW,,12/19/2014,12/15/2014,1,Online Search,Call Center Internal
Treadclimber,CAM30896 SAWICAOSGCT,,12/15/2014,12/15/2014,1,Online Search,Call Center Internal
Treadclimber,CAM30896 SAWICAOSGCT,12/16/2014,12/16/2014,12/15/2014,1,Online Search,Call Center Internal
Treadclimber,CAM30896 SAWICAOSGCT,,12/18/2014,12/15/2014,1,Online Search,Call Center Internal
Treadclimber,CAM30896 SAWICAOSGCT,,12/20/2014,12/15/2014,1,Online Search,Call Center Internal
Treadclimber,CAM30897 SAWICAOSMCT,,12/16/2014,12/15/2014,1,Online Search,Call Center Internal
Treadclimber,CAM33017 SAWCAOSGCTMOBILE,12/15/2014,12/15/2014,12/15/2014,1,Online Search,Call Center Internal
Treadclimber,CAM36695 icaosgctgl1cat,12/15/2014,12/15/2014,12/15/2014,4,Online Search,Web
Treadclimber,CAM36695 icaosgctgl1cat,12/16/2014,12/16/2014,12/15/2014,3,Online Search,Web
Treadclimber,CAM36695 icaosgctgl1cat,,12/16/2014,12/15/2014,2,Online Search,Web
Treadclimber,CAM36695 icaosgctgl1cat,12/17/2014,12/17/2014,12/15/2014,1,Online Search,Web
Treadclimber,CAM36695 icaosgctgl1cat,12/19/2014,12/19/2014,12/15/2014,1,Online Search,Web
Treadclimber,CAM36695 icaosgctgl1cat,,12/19/2014,12/15/2014,1,Online Search,Web
Treadclimber,CAM36695 icaosgctgl1cat,12/20/2014,12/20/2014,12/15/2014,1,Online Search,Web
Treadclimber,CAM36695 icaosgctgl1cat,12/21/2014,12/21/2014,12/15/2014,3,Online Search,Web
Treadclimber,CAM36695 icaosgctgl1cat,,12/21/2014,12/15/2014,2,Online Search,Web
Treadclimber,CAM37608 SAWICAOSBCT,,12/17/2014,12/15/2014,1,Online Search,Call Center Internal
Treadclimber,CAM37661 icaosgctsl5,12/15/2014,12/15/2014,12/15/2014,1,Online Search,Web
Treadclimber,CAM37865 icaosgctsl7,12/15/2014,12/15/2014,12/15/2014,1,Online Search,Web
Treadclimber,CAM37865 icaosgctsl7,12/16/2014,12/16/2014,12/15/2014,1,Online Search,Web
Treadclimber,CAM37865 icaosgctsl7,12/18/2014,12/18/2014,12/15/2014,2,Online Search,Web
Treadclimber,CAM37865 icaosgctsl7,12/20/2014,12/20/2014,12/15/2014,1,Online Search,Web
Treadclimber,CAM37865 icaosgctsl7,12/21/2014,12/21/2014,12/15/2014,3,Online Search,Web
Treadclimber,CAM39467 icaosbctsl1,12/15/2014,12/15/2014,12/15/2014,1,Online Search,Web
Treadclimber,CAM39467 icaosbctsl1,,12/15/2014,12/15/2014,2,Online Search,Web
Treadclimber,CAM39467 icaosbctsl1,12/16/2014,12/16/2014,12/15/2014,2,Online Search,Web
Treadclimber,CAM39467 icaosbctsl1,12/17/2014,12/17/2014,12/15/2014,2,Online Search,Web
Treadclimber,CAM39467 icaosbctsl1,12/20/2014,12/20/2014,12/15/2014,1,Online Search,Web
Treadclimber,CAM39467 icaosbctsl1,12/21/2014,12/21/2014,12/15/2014,1,Online Search,Web
Treadclimber,CAM40996 icaosbctgl1cat,12/15/2014,12/15/2014,12/15/2014,1,Online Search,Web
Treadclimber,CAM40996 icaosbctgl1cat,12/16/2014,12/16/2014,12/15/2014,1,Online Search,Web
Treadclimber,CAM40996 icaosbctgl1cat,12/17/2014,12/17/2014,12/15/2014,1,Online Search,Web
Treadclimber,CAM40996 icaosbctgl1cat,12/19/2014,12/19/2014,12/15/2014,1,Online Search,Web
Treadclimber,CAM40997 icaosbctsl6,12/16/2014,12/16/2014,12/15/2014,1,Online Search,Web
Treadclimber,CAM40997 icaosbctsl6,12/17/2014,12/17/2014,12/15/2014,1,Online Search,Web
Treadclimber,CAM41072 icaosbctsl10,12/15/2014,12/15/2014,12/15/2014,2,Online Search,Web
Treadclimber,CAM41072 icaosbctsl10,12/16/2014,12/16/2014,12/15/2014,1,Online Search,Web
Treadclimber,CAM41072 icaosbctsl10,12/17/2014,12/17/2014,12/15/2014,1,Online Search,Web
Treadclimber,CAM41072 icaosbctsl10,12/18/2014,12/18/2014,12/15/2014,1,Online Search,Web
Treadclimber,CAM41072 icaosbctsl10,12/19/2014,12/19/2014,12/15/2014,5,Online Search,Web
Treadclimber,CAM4190 SAWICAOSGCT_TRC,,12/20/2014,12/15/2014,1,Online Search,Call Center Internal
Treadclimber,CAM44489 icaosgctml2,12/15/2014,12/15/2014,12/15/2014,12,Online Search,Web
Treadclimber,CAM44489 icaosgctml2,12/16/2014,12/16/2014,12/15/2014,1,Online Search,Web
Treadclimber,CAM44489 icaosgctml2,12/18/2014,12/18/2014,12/15/2014,2,Online Search,Web
Treadclimber,CAM44489 icaosgctml2,12/19/2014,12/19/2014,12/15/2014,3,Online Search,Web
Treadclimber,CAM44489 icaosgctml2,12/20/2014,12/20/2014,12/15/2014,3,Online Search,Web
Treadclimber,CAM44489 icaosgctml2,1/2/2015,12/20/2014,12/15/2014,1,Online Search,Web
Treadclimber,CAM44489 icaosgctml2,12/21/2014,12/21/2014,12/15/2014,5,Online Search,Web
Treadclimber,CAM44966 icaosbctml1,12/15/2014,12/15/2014,12/15/2014,7,Online Search,Web
Treadclimber,CAM44966 icaosbctml1,12/17/2014,12/17/2014,12/15/2014,1,Online Search,Web
Treadclimber,CAM44966 icaosbctml1,,12/18/2014,12/15/2014,1,Online Search,Web
Treadclimber,CAM44966 icaosbctml1,12/19/2014,12/19/2014,12/15/2014,3,Online Search,Web
Treadclimber,CAM44966 icaosbctml1,12/20/2014,12/20/2014,12/15/2014,2,Online Search,Web
Treadclimber,CAM44966 icaosbctml1,12/21/2014,12/21/2014,12/15/2014,1,Online Search,Web
Treadclimber,CAM45624 ICAOSGCESL2,,12/15/2014,12/15/2014,2,Online Search,Web
Treadclimber,CAM45624 ICAOSGCESL2,,12/18/2014,12/15/2014,1,Online Search,Web
Treadclimber,CAM45624 ICAOSGCESL2,,12/21/2014,12/15/2014,1,Online Search,Web
Treadclimber,CAM45633 ICAOSGCEGL1CMT,,12/15/2014,12/15/2014,1,Online Search,Call Center Internal
Treadclimber,CAM45633 ICAOSGCEGL1CMT,,12/19/2014,12/15/2014,1,Online Search,Web
Treadclimber,CAM45690 SAWICAOSGCE,,12/17/2014,12/15/2014,2,Online Search,Call Center Internal
Treadclimber,CAM45690 SAWICAOSGCE,,12/21/2014,12/15/2014,1,Online Search,Call Center Internal
Treadclimber,CAM45692 SAWICAOFG2E,,12/15/2014,12/15/2014,1,Online Search,Call Center Internal
Treadclimber,CAM45437 ICAOFG2TFEED1,12/15/2014,12/15/2014,12/15/2014,2,Online Shopping,Web
Treadclimber,CAM45437 ICAOFG2TFEED1,,12/15/2014,12/15/2014,1,Online Shopping,Web
Treadclimber,CAM45437 ICAOFG2TFEED1,12/16/2014,12/16/2014,12/15/2014,1,Online Shopping,Web
Treadclimber,CAM45437 ICAOFG2TFEED1,12/17/2014,12/17/2014,12/15/2014,2,Online Shopping,Web
Treadclimber,CAM45437 ICAOFG2TFEED1,12/19/2014,12/19/2014,12/15/2014,1,Online Shopping,Web
Treadclimber,CAM45437 ICAOFG2TFEED1,12/20/2014,12/20/2014,12/15/2014,2,Online Shopping,Web
Treadclimber,CAM45437 ICAOFG2TFEED1,12/21/2014,12/21/2014,12/15/2014,1,Online Shopping,Web
Treadclimber,CAM20176 TRC12moSAC,12/15/2014,12/15/2014,12/15/2014,1,Print,Call Center Internal
Treadclimber,CAM25 001BFX6wkSAT_TRC,,12/21/2014,12/15/2014,1,Print,Call Center Internal
Treadclimber,CAM41203 PCCTIS0002,,12/16/2014,12/15/2014,1,Print,Call Center Internal
Treadclimber,CAM35680 INTELEMEDIACA,12/15/2014,12/15/2014,12/15/2014,1,Short Form,Call Center Internal
Treadclimber,CAM35680 INTELEMEDIACA,,12/15/2014,12/15/2014,1,Short Form,Call Center Internal
Treadclimber,CAM35680 INTELEMEDIACA,,12/16/2014,12/15/2014,2,Short Form,Call Center Internal
Treadclimber,CAM35680 INTELEMEDIACA,,12/19/2014,12/15/2014,1,Short Form,Call Center Internal
Treadclimber,CAM35680 INTELEMEDIACA,12/20/2014,12/20/2014,12/15/2014,1,Short Form,Call Center Internal
Treadclimber,CAM45767 SPRKC120WALKAKST,12/15/2014,12/15/2014,12/15/2014,2,Short Form,Third Party Call Center - West
Treadclimber,CAM45767 SPRKC120WALKAKST,12/21/2014,12/21/2014,12/15/2014,1,Short Form,Third Party Call Center - West
Treadclimber,CAM45775 MOVIC120WALKAKST,12/15/2014,12/15/2014,12/15/2014,1,Short Form,Third Party Call Center - West
Treadclimber,CAM45785 WNCAC120WALKAKST,12/19/2014,12/19/2014,12/15/2014,1,Short Form,Third Party Call Center - West
Treadclimber,CAM46264 SPRKC120WLKMFKST,12/15/2014,12/15/2014,12/15/2014,1,Short Form,Call Center Internal
Treadclimber,CAM46264 SPRKC120WLKMFKST,,12/15/2014,12/15/2014,1,Short Form,Call Center Internal
Treadclimber,CAM46264 SPRKC120WLKMFKST,12/17/2014,12/17/2014,12/15/2014,1,Short Form,Call Center Internal
Treadclimber,CAM46264 SPRKC120WLKMFKST,12/19/2014,12/19/2014,12/15/2014,2,Short Form,Call Center Internal
Treadclimber,CAM46265 APTNC120WLKMFKST,12/15/2014,12/15/2014,12/15/2014,1,Short Form,Call Center Internal
Treadclimber,CAM46271 LIFEC120WLKMFKST,12/19/2014,12/19/2014,12/15/2014,2,Short Form,Call Center Internal
Treadclimber,CAM46272 MOVIC120WLKMFKST,12/18/2014,12/18/2014,12/15/2014,1,Short Form,Call Center Internal
Treadclimber,CAM46276 OWN*C120WLKMFKST,12/16/2014,12/16/2014,12/15/2014,1,Short Form,Call Center Internal
Treadclimber,CAM46277 TRETC120WLKMFKST,12/15/2014,12/15/2014,12/15/2014,1,Short Form,Call Center Internal
Treadclimber,CAM46277 TRETC120WLKMFKST,12/16/2014,12/16/2014,12/15/2014,1,Short Form,Call Center Internal
Treadclimber,CAM46281 WEATC120WLKMFKST,12/16/2014,12/16/2014,12/15/2014,2,Short Form,Call Center Internal
Treadclimber,CAM46281 WEATC120WLKMFKST,12/20/2014,12/20/2014,12/15/2014,1,Short Form,Call Center Internal
Treadclimber,CAM46282 WNCAC120WLKMFKST,12/18/2014,12/18/2014,12/15/2014,3,Short Form,Call Center Internal
Treadclimber,CAM46282 WNCAC120WLKMFKST,,12/18/2014,12/15/2014,1,Short Form,Call Center Internal
Treadclimber,CAM46282 WNCAC120WLKMFKST,12/19/2014,12/19/2014,12/15/2014,6,Short Form,Call Center Internal
Treadclimber,CAM46288 VISNC120WLKMFKST,12/15/2014,12/15/2014,12/15/2014,1,Short Form,Call Center Internal
Treadclimber,CAM46288 VISNC120WLKMFKST,12/17/2014,12/17/2014,12/15/2014,1,Short Form,Call Center Internal
Treadclimber,CAM46319 HGTVC60*WLKMFKST,,12/16/2014,12/15/2014,1,Short Form,Call Center Internal
Treadclimber,CAM46576 GAMCC120NYMAXKST,,12/20/2014,12/15/2014,1,Short Form,Call Center Internal
Treadclimber,CAM46762 SPRKC120WLKNYKST,12/20/2014,12/20/2014,12/15/2014,2,Short Form,Call Center Internal
Treadclimber,CAM46763 APTNC120WLKNYKST,12/20/2014,12/20/2014,12/15/2014,1,Short Form,Call Center Internal
Treadclimber,CAM28157 SALESFOLLOWUP,,12/20/2014,12/15/2014,1,Un-Sourced,Call Center Internal
Treadclimber,CAM40825 1800TREADCLIMBER,,12/15/2014,12/15/2014,2,Un-Sourced,Call Center Internal
Treadclimber,CAM40825 1800TREADCLIMBER,,12/16/2014,12/15/2014,2,Un-Sourced,Call Center Internal
Treadclimber,CAM40825 1800TREADCLIMBER,,12/18/2014,12/15/2014,4,Un-Sourced,Call Center Internal
Treadclimber,CAM40825 1800TREADCLIMBER,,12/19/2014,12/15/2014,1,Un-Sourced,Warranty
Treadclimber,CAM45327 1800MAXTRAINER,,12/15/2014,12/15/2014,4,Un-Sourced,Call Center Internal
Treadclimber,CAM45327 1800MAXTRAINER,,12/16/2014,12/15/2014,1,Un-Sourced,Call Center Internal
Treadclimber,CAM45327 1800MAXTRAINER,,12/18/2014,12/15/2014,1,Un-Sourced,Call Center Internal
Treadclimber,CAM45327 1800MAXTRAINER,,12/20/2014,12/15/2014,2,Un-Sourced,Call Center Internal
Treadclimber,CAM30462 SAWGETATCCA,12/24/2014,12/24/2014,12/22/2014,1,Electronic - Short Form,Call Center Internal
Treadclimber,CAM30462 SAWGETATCCA,,12/24/2014,12/22/2014,1,Electronic - Short Form,Call Center Internal
Treadclimber,CAM30971 icastsf09buytc,12/22/2014,12/22/2014,12/22/2014,16,Electronic - Short Form,Web
Treadclimber,CAM30971 icastsf09buytc,12/23/2014,12/23/2014,12/22/2014,27,Electronic - Short Form,Web
Treadclimber,CAM30971 icastsf09buytc,12/24/2014,12/23/2014,12/22/2014,1,Electronic - Short Form,Web
Treadclimber,CAM30971 icastsf09buytc,12/24/2014,12/24/2014,12/22/2014,50,Electronic - Short Form,Web
Treadclimber,CAM30971 icastsf09buytc,12/25/2014,12/25/2014,12/22/2014,90,Electronic - Short Form,Web
Treadclimber,CAM30971 icastsf09buytc,,12/25/2014,12/22/2014,1,Electronic - Short Form,Web
Treadclimber,CAM30971 icastsf09buytc,12/26/2014,12/26/2014,12/22/2014,85,Electronic - Short Form,Web
Treadclimber,CAM30971 icastsf09buytc,12/28/2014,12/26/2014,12/22/2014,1,Electronic - Short Form,Web
Treadclimber,CAM30971 icastsf09buytc,,12/26/2014,12/22/2014,1,Electronic - Short Form,Web
Treadclimber,CAM30971 icastsf09buytc,12/27/2014,12/27/2014,12/22/2014,29,Electronic - Short Form,Web
Treadclimber,CAM30971 icastsf09buytc,12/28/2014,12/28/2014,12/22/2014,115,Electronic - Short Form,Web
Treadclimber,CAM30971 icastsf09buytc,12/29/2014,12/28/2014,12/22/2014,2,Electronic - Short Form,Web
Treadclimber,CAM30971 icastsf09buytc,,12/28/2014,12/22/2014,3,Electronic - Short Form,Web
Treadclimber,CAM36732 icastsf12a,12/23/2014,12/23/2014,12/22/2014,4,Electronic - Short Form,Web
Treadclimber,CAM36732 icastsf12a,12/24/2014,12/24/2014,12/22/2014,6,Electronic - Short Form,Web
Treadclimber,CAM36732 icastsf12a,12/25/2014,12/25/2014,12/22/2014,7,Electronic - Short Form,Web
Treadclimber,CAM36732 icastsf12a,12/26/2014,12/26/2014,12/22/2014,21,Electronic - Short Form,Web
Treadclimber,CAM36732 icastsf12a,12/27/2014,12/27/2014,12/22/2014,5,Electronic - Short Form,Web
Treadclimber,CAM36732 icastsf12a,12/28/2014,12/28/2014,12/22/2014,6,Electronic - Short Form,Web
Treadclimber,CAM37199 SAWICASTSF12B,,12/22/2014,12/22/2014,1,Electronic - Short Form,Call Center Internal
Treadclimber,CAM37199 SAWICASTSF12B,12/26/2014,12/26/2014,12/22/2014,1,Electronic - Short Form,Call Center Internal
Treadclimber,CAM37199 SAWICASTSF12B,,12/26/2014,12/22/2014,1,Electronic - Short Form,Call Center Internal
Treadclimber,CAM37199 SAWICASTSF12B,,12/28/2014,12/22/2014,1,Electronic - Short Form,Call Center Internal
Treadclimber,CAM37204 icastsf12b,,12/26/2014,12/22/2014,1,Electronic - Short Form,Call Center Internal
Treadclimber,CAM37204 icastsf12b,12/27/2014,12/27/2014,12/22/2014,1,Electronic - Short Form,Call Center Internal
Treadclimber,CAM37204 icastsf12b,12/22/2014,12/22/2014,12/22/2014,13,Electronic - Short Form,Web
Treadclimber,CAM37204 icastsf12b,12/23/2014,12/23/2014,12/22/2014,11,Electronic - Short Form,Web
Treadclimber,CAM37204 icastsf12b,12/30/2014,12/23/2014,12/22/2014,1,Electronic - Short Form,Web
Treadclimber,CAM37204 icastsf12b,12/24/2014,12/24/2014,12/22/2014,31,Electronic - Short Form,Web
Treadclimber,CAM37204 icastsf12b,12/25/2014,12/25/2014,12/22/2014,78,Electronic - Short Form,Web
Treadclimber,CAM37204 icastsf12b,12/26/2014,12/26/2014,12/22/2014,120,Electronic - Short Form,Web
Treadclimber,CAM37204 icastsf12b,12/29/2014,12/26/2014,12/22/2014,1,Electronic - Short Form,Web
Treadclimber,CAM37204 icastsf12b,12/27/2014,12/27/2014,12/22/2014,19,Electronic - Short Form,Web
Treadclimber,CAM37204 icastsf12b,12/28/2014,12/27/2014,12/22/2014,2,Electronic - Short Form,Web
Treadclimber,CAM37204 icastsf12b,,12/27/2014,12/22/2014,2,Electronic - Short Form,Web
Treadclimber,CAM37204 icastsf12b,12/28/2014,12/28/2014,12/22/2014,94,Electronic - Short Form,Web
Treadclimber,CAM37204 icastsf12b,12/29/2014,12/28/2014,12/22/2014,2,Electronic - Short Form,Web
Treadclimber,CAM4193 SAWICASTSF12B_TRC,,12/26/2014,12/22/2014,1,Electronic - Short Form,Call Center Internal
Treadclimber,CAM45694 ICASESF14B,,12/22/2014,12/22/2014,1,Electronic - Short Form,Web
Treadclimber,CAM45694 ICASESF14B,,12/25/2014,12/22/2014,1,Electronic - Short Form,Web
Treadclimber,CAM127 1800BOWFLEX_BFC,,12/27/2014,12/22/2014,1,Electronic - UnSourced,Call Center Internal
Treadclimber,CAM128 1800BOWFLEX_CAB,,12/27/2014,12/22/2014,1,Electronic - UnSourced,Call Center Internal
Treadclimber,CAM132 1800BOWFLEX_CAT,,12/28/2014,12/22/2014,1,Electronic - UnSourced,Call Center Internal
Treadclimber,CAM133 1800BOWFLEX_TRC,,12/26/2014,12/22/2014,2,Electronic - UnSourced,Call Center Internal
Treadclimber,CAM133 1800BOWFLEX_TRC,,12/27/2014,12/22/2014,1,Electronic - UnSourced,Call Center Internal
Treadclimber,CAM133 1800BOWFLEX_TRC,,12/28/2014,12/22/2014,1,Electronic - UnSourced,Call Center Internal
Treadclimber,CAM2605 icathome_TRC,12/22/2014,12/22/2014,12/22/2014,1,Electronic - UnSourced,Call Center Internal
Treadclimber,CAM28357 icat1sitecar,,12/26/2014,12/22/2014,1,Electronic - UnSourced,Call Center Internal
Treadclimber,CAM28491 icat1sitecat,12/23/2014,12/23/2014,12/22/2014,1,Electronic - UnSourced,Call Center Internal
Treadclimber,CAM28491 icat1sitecat,12/22/2014,12/22/2014,12/22/2014,1,Electronic - UnSourced,Web
Treadclimber,CAM28491 icat1sitecat,12/25/2014,12/25/2014,12/22/2014,1,Electronic - UnSourced,Web
Treadclimber,CAM28491 icat1sitecat,12/26/2014,12/26/2014,12/22/2014,4,Electronic - UnSourced,Web
Treadclimber,CAM28491 icat1sitecat,,12/26/2014,12/22/2014,1,Electronic - UnSourced,Web
Treadclimber,CAM28491 icat1sitecat,12/27/2014,12/27/2014,12/22/2014,3,Electronic - UnSourced,Web
Treadclimber,CAM28491 icat1sitecat,12/28/2014,12/28/2014,12/22/2014,2,Electronic - UnSourced,Web
Treadclimber,CAM28491 icat1sitecat,,12/28/2014,12/22/2014,1,Electronic - UnSourced,Web
Treadclimber,CAM40760 ICATHOME,,12/24/2014,12/22/2014,1,Electronic - UnSourced,Call Center Internal
Treadclimber,CAM40760 ICATHOME,12/26/2014,12/26/2014,12/22/2014,1,Electronic - UnSourced,Call Center Internal
Treadclimber,CAM40760 ICATHOME,12/22/2014,12/22/2014,12/22/2014,12,Electronic - UnSourced,Web
Treadclimber,CAM40760 ICATHOME,,12/22/2014,12/22/2014,4,Electronic - UnSourced,Web
Treadclimber,CAM40760 ICATHOME,12/23/2014,12/23/2014,12/22/2014,10,Electronic - UnSourced,Web
Treadclimber,CAM40760 ICATHOME,,12/23/2014,12/22/2014,1,Electronic - UnSourced,Web
Treadclimber,CAM40760 ICATHOME,12/24/2014,12/24/2014,12/22/2014,18,Electronic - UnSourced,Web
Treadclimber,CAM40760 ICATHOME,12/25/2014,12/25/2014,12/22/2014,13,Electronic - UnSourced,Web
Treadclimber,CAM40760 ICATHOME,12/26/2014,12/25/2014,12/22/2014,1,Electronic - UnSourced,Web
Treadclimber,CAM40760 ICATHOME,,12/25/2014,12/22/2014,3,Electronic - UnSourced,Web
Treadclimber,CAM40760 ICATHOME,12/26/2014,12/26/2014,12/22/2014,23,Electronic - UnSourced,Web
Treadclimber,CAM40760 ICATHOME,,12/26/2014,12/22/2014,7,Electronic - UnSourced,Web
Treadclimber,CAM40760 ICATHOME,12/27/2014,12/27/2014,12/22/2014,3,Electronic - UnSourced,Web
Treadclimber,CAM40760 ICATHOME,,12/27/2014,12/22/2014,7,Electronic - UnSourced,Web
Treadclimber,CAM40760 ICATHOME,12/28/2014,12/28/2014,12/22/2014,31,Electronic - UnSourced,Web
Treadclimber,CAM40760 ICATHOME,12/29/2014,12/28/2014,12/22/2014,2,Electronic - UnSourced,Web
Treadclimber,CAM40760 ICATHOME,,12/28/2014,12/22/2014,8,Electronic - UnSourced,Web
Treadclimber,CAM44626 1800BOWFLEX_BMT,,12/23/2014,12/22/2014,1,Electronic - UnSourced,Call Center Internal
Treadclimber,CAM44626 1800BOWFLEX_BMT,,12/26/2014,12/22/2014,2,Electronic - UnSourced,Call Center Internal
Treadclimber,CAM45632 ICAEE1SITECMT,,12/23/2014,12/22/2014,1,Electronic - UnSourced,Web
Treadclimber,CAM45632 ICAEE1SITECMT,,12/28/2014,12/22/2014,1,Electronic - UnSourced,Web
Treadclimber,CAM37531 SAWICAODAKT,,12/24/2014,12/22/2014,1,Online Display,Call Center Internal
Treadclimber,CAM41254 icaodaktdl4,12/22/2014,12/22/2014,12/22/2014,3,Online Display,Web
Treadclimber,CAM41254 icaodaktdl4,12/23/2014,12/23/2014,12/22/2014,1,Online Display,Web
Treadclimber,CAM41254 icaodaktdl4,12/24/2014,12/24/2014,12/22/2014,1,Online Display,Web
Treadclimber,CAM41254 icaodaktdl4,12/25/2014,12/25/2014,12/22/2014,1,Online Display,Web
Treadclimber,CAM41254 icaodaktdl4,12/26/2014,12/26/2014,12/22/2014,2,Online Display,Web
Treadclimber,CAM41254 icaodaktdl4,,12/26/2014,12/22/2014,2,Online Display,Web
Treadclimber,CAM41254 icaodaktdl4,,12/27/2014,12/22/2014,4,Online Display,Web
Treadclimber,CAM41254 icaodaktdl4,12/28/2014,12/28/2014,12/22/2014,5,Online Display,Web
Treadclimber,CAM41254 icaodaktdl4,,12/28/2014,12/22/2014,1,Online Display,Web
Treadclimber,CAM30840 icaosgctsl1,12/26/2014,12/26/2014,12/22/2014,1,Online Search,Web
Treadclimber,CAM30841 icaosgctsl2,12/23/2014,12/23/2014,12/22/2014,1,Online Search,Call Center Internal
Treadclimber,CAM30841 icaosgctsl2,12/22/2014,12/22/2014,12/22/2014,2,Online Search,Web
Treadclimber,CAM30841 icaosgctsl2,,12/22/2014,12/22/2014,5,Online Search,Web
Treadclimber,CAM30841 icaosgctsl2,12/23/2014,12/23/2014,12/22/2014,10,Online Search,Web
Treadclimber,CAM30841 icaosgctsl2,,12/23/2014,12/22/2014,4,Online Search,Web
Treadclimber,CAM30841 icaosgctsl2,12/24/2014,12/24/2014,12/22/2014,13,Online Search,Web
Treadclimber,CAM30841 icaosgctsl2,,12/24/2014,12/22/2014,2,Online Search,Web
Treadclimber,CAM30841 icaosgctsl2,12/25/2014,12/25/2014,12/22/2014,15,Online Search,Web
Treadclimber,CAM30841 icaosgctsl2,,12/25/2014,12/22/2014,3,Online Search,Web
Treadclimber,CAM30841 icaosgctsl2,12/26/2014,12/26/2014,12/22/2014,14,Online Search,Web
Treadclimber,CAM30841 icaosgctsl2,,12/26/2014,12/22/2014,11,Online Search,Web
Treadclimber,CAM30841 icaosgctsl2,12/27/2014,12/27/2014,12/22/2014,7,Online Search,Web
Treadclimber,CAM30841 icaosgctsl2,,12/27/2014,12/22/2014,8,Online Search,Web
Treadclimber,CAM30841 icaosgctsl2,12/28/2014,12/28/2014,12/22/2014,24,Online Search,Web
Treadclimber,CAM30841 icaosgctsl2,12/30/2014,12/28/2014,12/22/2014,1,Online Search,Web
Treadclimber,CAM30841 icaosgctsl2,,12/28/2014,12/22/2014,2,Online Search,Web
Treadclimber,CAM30842 icaosgctsl3,12/25/2014,12/25/2014,12/22/2014,1,Online Search,Web
Treadclimber,CAM30842 icaosgctsl3,12/26/2014,12/26/2014,12/22/2014,3,Online Search,Web
Treadclimber,CAM30842 icaosgctsl3,12/28/2014,12/28/2014,12/22/2014,3,Online Search,Web
Treadclimber,CAM30896 SAWICAOSGCT,,12/22/2014,12/22/2014,1,Online Search,Call Center Internal
Treadclimber,CAM30896 SAWICAOSGCT,12/23/2014,12/23/2014,12/22/2014,1,Online Search,Call Center Internal
Treadclimber,CAM30896 SAWICAOSGCT,,12/23/2014,12/22/2014,1,Online Search,Call Center Internal
Treadclimber,CAM30896 SAWICAOSGCT,,12/24/2014,12/22/2014,1,Online Search,Call Center Internal
Treadclimber,CAM30896 SAWICAOSGCT,,12/26/2014,12/22/2014,1,Online Search,Call Center Internal
Treadclimber,CAM30896 SAWICAOSGCT,,12/27/2014,12/22/2014,1,Online Search,Call Center Internal
Treadclimber,CAM30897 SAWICAOSMCT,,12/26/2014,12/22/2014,1,Online Search,Call Center Internal
Treadclimber,CAM33017 SAWCAOSGCTMOBILE,,12/27/2014,12/22/2014,1,Online Search,Call Center Internal
Treadclimber,CAM33017 SAWCAOSGCTMOBILE,,12/28/2014,12/22/2014,1,Online Search,Call Center Internal
Treadclimber,CAM36695 icaosgctgl1cat,12/22/2014,12/22/2014,12/22/2014,2,Online Search,Web
Treadclimber,CAM36695 icaosgctgl1cat,12/23/2014,12/23/2014,12/22/2014,1,Online Search,Web
Treadclimber,CAM36695 icaosgctgl1cat,12/24/2014,12/24/2014,12/22/2014,1,Online Search,Web
Treadclimber,CAM36695 icaosgctgl1cat,,12/24/2014,12/22/2014,2,Online Search,Web
Treadclimber,CAM36695 icaosgctgl1cat,12/25/2014,12/25/2014,12/22/2014,1,Online Search,Web
Treadclimber,CAM36695 icaosgctgl1cat,12/26/2014,12/26/2014,12/22/2014,4,Online Search,Web
Treadclimber,CAM36695 icaosgctgl1cat,,12/26/2014,12/22/2014,9,Online Search,Web
Treadclimber,CAM36695 icaosgctgl1cat,12/27/2014,12/27/2014,12/22/2014,1,Online Search,Web
Treadclimber,CAM36695 icaosgctgl1cat,,12/27/2014,12/22/2014,3,Online Search,Web
Treadclimber,CAM36695 icaosgctgl1cat,12/28/2014,12/28/2014,12/22/2014,6,Online Search,Web
Treadclimber,CAM36695 icaosgctgl1cat,,12/28/2014,12/22/2014,1,Online Search,Web
Treadclimber,CAM37608 SAWICAOSBCT,12/27/2014,12/27/2014,12/22/2014,1,Online Search,Call Center Internal
Treadclimber,CAM37608 SAWICAOSBCT,,12/28/2014,12/22/2014,1,Online Search,Call Center Internal
Treadclimber,CAM37660 icaosbctsl5,12/28/2014,12/28/2014,12/22/2014,1,Online Search,Web
Treadclimber,CAM37661 icaosgctsl5,,12/22/2014,12/22/2014,1,Online Search,Web
Treadclimber,CAM37865 icaosgctsl7,,12/23/2014,12/22/2014,1,Online Search,Web
Treadclimber,CAM37865 icaosgctsl7,12/26/2014,12/26/2014,12/22/2014,1,Online Search,Web
Treadclimber,CAM39467 icaosbctsl1,12/23/2014,12/23/2014,12/22/2014,1,Online Search,Call Center Internal
Treadclimber,CAM39467 icaosbctsl1,12/24/2014,12/24/2014,12/22/2014,1,Online Search,Web
Treadclimber,CAM39467 icaosbctsl1,,12/24/2014,12/22/2014,1,Online Search,Web
Treadclimber,CAM39467 icaosbctsl1,12/26/2014,12/26/2014,12/22/2014,2,Online Search,Web
Treadclimber,CAM39467 icaosbctsl1,,12/26/2014,12/22/2014,4,Online Search,Web
Treadclimber,CAM39467 icaosbctsl1,12/28/2014,12/28/2014,12/22/2014,2,Online Search,Web
Treadclimber,CAM40996 icaosbctgl1cat,12/22/2014,12/22/2014,12/22/2014,1,Online Search,Web
Treadclimber,CAM40996 icaosbctgl1cat,12/26/2014,12/26/2014,12/22/2014,1,Online Search,Web
Treadclimber,CAM40997 icaosbctsl6,12/23/2014,12/23/2014,12/22/2014,1,Online Search,Web
Treadclimber,CAM40997 icaosbctsl6,12/26/2014,12/26/2014,12/22/2014,2,Online Search,Web
Treadclimber,CAM41072 icaosbctsl10,12/27/2014,12/27/2014,12/22/2014,1,Online Search,Call Center Internal
Treadclimber,CAM41072 icaosbctsl10,12/23/2014,12/23/2014,12/22/2014,2,Online Search,Web
Treadclimber,CAM41072 icaosbctsl10,12/24/2014,12/24/2014,12/22/2014,2,Online Search,Web
Treadclimber,CAM41072 icaosbctsl10,12/25/2014,12/25/2014,12/22/2014,2,Online Search,Web
Treadclimber,CAM41072 icaosbctsl10,12/26/2014,12/26/2014,12/22/2014,3,Online Search,Web
Treadclimber,CAM41072 icaosbctsl10,1/5/2015,12/26/2014,12/22/2014,1,Online Search,Web
Treadclimber,CAM41072 icaosbctsl10,12/27/2014,12/27/2014,12/22/2014,2,Online Search,Web
Treadclimber,CAM41072 icaosbctsl10,12/28/2014,12/28/2014,12/22/2014,3,Online Search,Web
Treadclimber,CAM44489 icaosgctml2,12/22/2014,12/22/2014,12/22/2014,2,Online Search,Web
Treadclimber,CAM44489 icaosgctml2,12/24/2014,12/24/2014,12/22/2014,1,Online Search,Web
Treadclimber,CAM44489 icaosgctml2,12/25/2014,12/25/2014,12/22/2014,5,Online Search,Web
Treadclimber,CAM44489 icaosgctml2,12/26/2014,12/26/2014,12/22/2014,4,Online Search,Web
Treadclimber,CAM44489 icaosgctml2,12/27/2014,12/27/2014,12/22/2014,1,Online Search,Web
Treadclimber,CAM44489 icaosgctml2,12/28/2014,12/28/2014,12/22/2014,6,Online Search,Web
Treadclimber,CAM44966 icaosbctml1,12/22/2014,12/22/2014,12/22/2014,1,Online Search,Web
Treadclimber,CAM44966 icaosbctml1,12/24/2014,12/24/2014,12/22/2014,1,Online Search,Web
Treadclimber,CAM44966 icaosbctml1,12/25/2014,12/25/2014,12/22/2014,1,Online Search,Web
Treadclimber,CAM44966 icaosbctml1,12/26/2014,12/26/2014,12/22/2014,2,Online Search,Web
Treadclimber,CAM44966 icaosbctml1,12/27/2014,12/27/2014,12/22/2014,1,Online Search,Web
Treadclimber,CAM44966 icaosbctml1,12/28/2014,12/28/2014,12/22/2014,3,Online Search,Web
Treadclimber,CAM45624 ICAOSGCESL2,,12/22/2014,12/22/2014,1,Online Search,Web
Treadclimber,CAM45624 ICAOSGCESL2,,12/23/2014,12/22/2014,1,Online Search,Web
Treadclimber,CAM45624 ICAOSGCESL2,,12/25/2014,12/22/2014,1,Online Search,Web
Treadclimber,CAM45624 ICAOSGCESL2,,12/26/2014,12/22/2014,1,Online Search,Web
Treadclimber,CAM45624 ICAOSGCESL2,,12/27/2014,12/22/2014,2,Online Search,Web
Treadclimber,CAM45624 ICAOSGCESL2,,12/28/2014,12/22/2014,1,Online Search,Web
Treadclimber,CAM45628 ICAOSBCESL2,,12/23/2014,12/22/2014,1,Online Search,Web
Treadclimber,CAM45633 ICAOSGCEGL1CMT,,12/26/2014,12/22/2014,1,Online Search,Web
Treadclimber,CAM45633 ICAOSGCEGL1CMT,,12/27/2014,12/22/2014,1,Online Search,Web
Treadclimber,CAM45690 SAWICAOSGCE,,12/22/2014,12/22/2014,2,Online Search,Call Center Internal
Treadclimber,CAM45690 SAWICAOSGCE,,12/26/2014,12/22/2014,1,Online Search,Call Center Internal
Treadclimber,CAM45690 SAWICAOSGCE,,12/27/2014,12/22/2014,1,Online Search,Call Center Internal
Treadclimber,CAM45690 SAWICAOSGCE,,12/28/2014,12/22/2014,1,Online Search,Call Center Internal
Treadclimber,CAM45691 SAWICAOSBCE,,12/27/2014,12/22/2014,1,Online Search,Call Center Internal
Treadclimber,CAM45842 ICAOSGCESL9,,12/27/2014,12/22/2014,1,Online Search,Web
Treadclimber,CAM45842 ICAOSGCESL9,,12/28/2014,12/22/2014,1,Online Search,Web
Treadclimber,CAM45437 ICAOFG2TFEED1,12/27/2014,12/27/2014,12/22/2014,1,Online Shopping,Call Center Internal
Treadclimber,CAM45437 ICAOFG2TFEED1,12/22/2014,12/22/2014,12/22/2014,1,Online Shopping,Web
Treadclimber,CAM45437 ICAOFG2TFEED1,12/24/2014,12/24/2014,12/22/2014,2,Online Shopping,Web
Treadclimber,CAM45437 ICAOFG2TFEED1,12/25/2014,12/25/2014,12/22/2014,2,Online Shopping,Web
Treadclimber,CAM45437 ICAOFG2TFEED1,12/26/2014,12/26/2014,12/22/2014,3,Online Shopping,Web
Treadclimber,CAM45437 ICAOFG2TFEED1,12/28/2014,12/28/2014,12/22/2014,1,Online Shopping,Web
Treadclimber,CAM45437 ICAOFG2TFEED1,,12/28/2014,12/22/2014,2,Online Shopping,Web
Treadclimber,CAM45631 ICAOFG2EFEED1,,12/26/2014,12/22/2014,1,Online Shopping,Web
Treadclimber,CAM45631 ICAOFG2EFEED1,,12/28/2014,12/22/2014,1,Online Shopping,Web
Treadclimber,CAM45990 ICAOXFBTTHANKS14,,12/26/2014,12/22/2014,1,Online Social,Web
Treadclimber,CAM46567 ICAOXFBTBOXING14,,12/26/2014,12/22/2014,1,Online Social,Web
Treadclimber,CAM46567 ICAOXFBTBOXING14,12/28/2014,12/28/2014,12/22/2014,1,Online Social,Web
Treadclimber,CAM24151 MAXFITADDVAL,,12/26/2014,12/22/2014,2,Print,Call Center Internal
Treadclimber,CAM35680 INTELEMEDIACA,12/22/2014,12/22/2014,12/22/2014,2,Short Form,Call Center Internal
Treadclimber,CAM35680 INTELEMEDIACA,,12/22/2014,12/22/2014,1,Short Form,Call Center Internal
Treadclimber,CAM35680 INTELEMEDIACA,,12/23/2014,12/22/2014,2,Short Form,Call Center Internal
Treadclimber,CAM35680 INTELEMEDIACA,12/26/2014,12/26/2014,12/22/2014,1,Short Form,Call Center Internal
Treadclimber,CAM35680 INTELEMEDIACA,12/27/2014,12/27/2014,12/22/2014,2,Short Form,Call Center Internal
Treadclimber,CAM35680 INTELEMEDIACA,,12/28/2014,12/22/2014,1,Short Form,Call Center Internal
Treadclimber,CAM37537 TSN2C120STORCKST,12/26/2014,12/26/2014,12/22/2014,1,Short Form,Call Center Internal
Treadclimber,CAM46592 HIS2C120NYMAXKST,,12/23/2014,12/22/2014,1,Short Form,Call Center Internal
Treadclimber,CAM46715 ARTSN60*WLKNYTIC,12/24/2014,12/24/2014,12/22/2014,1,Short Form,Call Center Internal
Treadclimber,CAM46762 SPRKC120WLKNYKST,12/27/2014,12/27/2014,12/22/2014,1,Short Form,Call Center Internal
Treadclimber,CAM46763 APTNC120WLKNYKST,12/26/2014,12/26/2014,12/22/2014,1,Short Form,Call Center Internal
Treadclimber,CAM46763 APTNC120WLKNYKST,12/28/2014,12/28/2014,12/22/2014,1,Short Form,Call Center Internal
Treadclimber,CAM46768 GOL*C120WLKNYKST,12/28/2014,12/28/2014,12/22/2014,1,Short Form,Call Center Internal
Treadclimber,CAM46769 LIFEC120WLKNYKST,12/22/2014,12/22/2014,12/22/2014,1,Short Form,Call Center Internal
Treadclimber,CAM46772 NGW*C120WLKNYKST,12/22/2014,12/22/2014,12/22/2014,1,Short Form,Call Center Internal
Treadclimber,CAM46774 OWN*C120WLKNYKST,12/27/2014,12/27/2014,12/22/2014,1,Short Form,Call Center Internal
Treadclimber,CAM46774 OWN*C120WLKNYKST,12/28/2014,12/28/2014,12/22/2014,4,Short Form,Call Center Internal
Treadclimber,CAM46775 TRETC120WLKNYKST,12/22/2014,12/22/2014,12/22/2014,1,Short Form,Call Center Internal
Treadclimber,CAM46777 TSN*C120WLKNYKST,12/26/2014,12/26/2014,12/22/2014,1,Short Form,Call Center Internal
Treadclimber,CAM46777 TSN*C120WLKNYKST,,12/26/2014,12/22/2014,2,Short Form,Call Center Internal
Treadclimber,CAM46777 TSN*C120WLKNYKST,12/27/2014,12/27/2014,12/22/2014,2,Short Form,Call Center Internal
Treadclimber,CAM46778 TSN2C120WLKNYKST,12/22/2014,12/22/2014,12/22/2014,1,Short Form,Call Center Internal
Treadclimber,CAM46779 WEATC120WLKNYKST,12/28/2014,12/28/2014,12/22/2014,1,Short Form,Call Center Internal
Treadclimber,CAM46780 WNCAC120WLKNYKST,12/22/2014,12/22/2014,12/22/2014,1,Short Form,Call Center Internal
Treadclimber,CAM46780 WNCAC120WLKNYKST,12/28/2014,12/28/2014,12/22/2014,4,Short Form,Call Center Internal
Treadclimber,CAM46780 WNCAC120WLKNYKST,,12/28/2014,12/22/2014,1,Short Form,Call Center Internal
Treadclimber,CAM46781 CMT*C120WLKNYKST,12/24/2014,12/24/2014,12/22/2014,2,Short Form,Call Center Internal
Treadclimber,CAM46786 VISNC120WLKNYKST,12/26/2014,12/26/2014,12/22/2014,1,Short Form,Call Center Internal
Treadclimber,CAM46789 YES*C120WLKNYKST,12/23/2014,12/23/2014,12/22/2014,2,Short Form,Call Center Internal
Treadclimber,CAM46803 ENT*C120WLKNYKST,12/28/2014,12/28/2014,12/22/2014,1,Short Form,Call Center Internal
Treadclimber,CAM46804 SPRKC120ALONYKST,12/24/2014,12/24/2014,12/22/2014,1,Short Form,Call Center Internal
Treadclimber,CAM46804 SPRKC120ALONYKST,12/27/2014,12/27/2014,12/22/2014,2,Short Form,Call Center Internal
Treadclimber,CAM46805 APTNC120ALONYKST,12/24/2014,12/24/2014,12/22/2014,1,Short Form,Call Center Internal
Treadclimber,CAM46805 APTNC120ALONYKST,12/26/2014,12/26/2014,12/22/2014,1,Short Form,Call Center Internal
Treadclimber,CAM46806 CHCHC120ALONYKST,12/28/2014,12/28/2014,12/22/2014,1,Short Form,Call Center Internal
Treadclimber,CAM46809 LIFEC120ALONYKST,12/23/2014,12/23/2014,12/22/2014,2,Short Form,Call Center Internal
Treadclimber,CAM46811 NGEOC120ALONYKST,12/26/2014,12/26/2014,12/22/2014,2,Short Form,Call Center Internal
Treadclimber,CAM46813 CBCNC120ALONYKST,12/24/2014,12/24/2014,12/22/2014,2,Short Form,Call Center Internal
Treadclimber,CAM46814 OWN*C120ALONYKST,12/26/2014,12/26/2014,12/22/2014,1,Short Form,Call Center Internal
Treadclimber,CAM46814 OWN*C120ALONYKST,12/28/2014,12/28/2014,12/22/2014,1,Short Form,Call Center Internal
Treadclimber,CAM46815 TRETC120ALONYKST,12/27/2014,12/27/2014,12/22/2014,1,Short Form,Call Center Internal
Treadclimber,CAM46817 TSN*C120ALONYKST,12/27/2014,12/27/2014,12/22/2014,2,Short Form,Call Center Internal
Treadclimber,CAM46817 TSN*C120ALONYKST,12/28/2014,12/28/2014,12/22/2014,2,Short Form,Call Center Internal
Treadclimber,CAM46819 WEATC120ALONYKST,12/28/2014,12/28/2014,12/22/2014,1,Short Form,Call Center Internal
Treadclimber,CAM46820 WNCAC120ALONYKST,12/28/2014,12/28/2014,12/22/2014,5,Short Form,Call Center Internal
Treadclimber,CAM46825 YES*C120ALONYKST,12/26/2014,12/26/2014,12/22/2014,1,Short Form,Call Center Internal
Treadclimber,CAM46827 GAMCC120ALONYKST,,12/28/2014,12/22/2014,1,Short Form,Call Center Internal
Treadclimber,CAM46831 YTV*C120ALONYKST,12/27/2014,12/27/2014,12/22/2014,1,Short Form,Call Center Internal
Treadclimber,CAM46840 SHWCC60*WLKNYKST,12/26/2014,12/26/2014,12/22/2014,2,Short Form,Call Center Internal
Treadclimber,CAM46845 HGTVC60*ALONYKST,12/28/2014,12/28/2014,12/22/2014,1,Short Form,Call Center Internal
Treadclimber,CAM46846 SLICC60*ALONYKST,12/28/2014,12/28/2014,12/22/2014,1,Short Form,Call Center Internal
Treadclimber,CAM40825 1800TREADCLIMBER,12/22/2014,12/22/2014,12/22/2014,1,Un-Sourced,Call Center Internal
Treadclimber,CAM40825 1800TREADCLIMBER,12/24/2014,12/24/2014,12/22/2014,1,Un-Sourced,Call Center Internal
Treadclimber,CAM40825 1800TREADCLIMBER,,12/24/2014,12/22/2014,1,Un-Sourced,Call Center Internal
Treadclimber,CAM40825 1800TREADCLIMBER,,12/26/2014,12/22/2014,2,Un-Sourced,Call Center Internal
Treadclimber,CAM40825 1800TREADCLIMBER,,12/27/2014,12/22/2014,1,Un-Sourced,Call Center Internal
Treadclimber,CAM40825 1800TREADCLIMBER,12/28/2014,12/28/2014,12/22/2014,1,Un-Sourced,Call Center Internal
Treadclimber,CAM40825 1800TREADCLIMBER,,12/23/2014,12/22/2014,1,Un-Sourced,Warranty
Treadclimber,CAM45327 1800MAXTRAINER,,12/26/2014,12/22/2014,3,Un-Sourced,Call Center Internal
Treadclimber,CAM45327 1800MAXTRAINER,,12/27/2014,12/22/2014,1,Un-Sourced,Call Center Internal
Treadclimber,CAM27557 Bowflex Catalog,,1/3/2015,12/29/2014,1,Catalog,Call Center Internal
Treadclimber,CAM30462 SAWGETATCCA,,1/4/2015,12/29/2014,1,Electronic - Short Form,Call Center Internal
Treadclimber,CAM30971 icastsf09buytc,12/29/2014,12/29/2014,12/29/2014,171,Electronic - Short Form,Web
Treadclimber,CAM30971 icastsf09buytc,12/31/2014,12/29/2014,12/29/2014,1,Electronic - Short Form,Web
Treadclimber,CAM30971 icastsf09buytc,,12/29/2014,12/29/2014,1,Electronic - Short Form,Web
Treadclimber,CAM30971 icastsf09buytc,12/30/2014,12/30/2014,12/29/2014,49,Electronic - Short Form,Web
Treadclimber,CAM30971 icastsf09buytc,1/2/2015,12/30/2014,12/29/2014,1,Electronic - Short Form,Web
Treadclimber,CAM30971 icastsf09buytc,,12/30/2014,12/29/2014,2,Electronic - Short Form,Web
Treadclimber,CAM30971 icastsf09buytc,12/31/2014,12/31/2014,12/29/2014,172,Electronic - Short Form,Web
Treadclimber,CAM30971 icastsf09buytc,1/1/2015,1/1/2015,12/29/2014,8,Electronic - Short Form,Web
Treadclimber,CAM30971 icastsf09buytc,1/2/2015,1/2/2015,12/29/2014,138,Electronic - Short Form,Web
Treadclimber,CAM30971 icastsf09buytc,1/3/2015,1/3/2015,12/29/2014,146,Electronic - Short Form,Web
Treadclimber,CAM30971 icastsf09buytc,,1/3/2015,12/29/2014,2,Electronic - Short Form,Web
Treadclimber,CAM30971 icastsf09buytc,1/4/2015,1/4/2015,12/29/2014,30,Electronic - Short Form,Web
Treadclimber,CAM30971 icastsf09buytc,1/5/2015,1/4/2015,12/29/2014,1,Electronic - Short Form,Web
Treadclimber,CAM30971 icastsf09buytc,,1/4/2015,12/29/2014,1,Electronic - Short Form,Web
Treadclimber,CAM36732 icastsf12a,12/29/2014,12/29/2014,12/29/2014,22,Electronic - Short Form,Web
Treadclimber,CAM36732 icastsf12a,12/30/2014,12/30/2014,12/29/2014,11,Electronic - Short Form,Web
Treadclimber,CAM36732 icastsf12a,12/31/2014,12/31/2014,12/29/2014,12,Electronic - Short Form,Web
Treadclimber,CAM36732 icastsf12a,1/1/2015,1/1/2015,12/29/2014,1,Electronic - Short Form,Web
Treadclimber,CAM36732 icastsf12a,1/2/2015,1/2/2015,12/29/2014,21,Electronic - Short Form,Web
Treadclimber,CAM36732 icastsf12a,1/3/2015,1/3/2015,12/29/2014,8,Electronic - Short Form,Web
Treadclimber,CAM36732 icastsf12a,1/4/2015,1/4/2015,12/29/2014,1,Electronic - Short Form,Web
Treadclimber,CAM37199 SAWICASTSF12B,12/29/2014,12/29/2014,12/29/2014,1,Electronic - Short Form,Call Center Internal
Treadclimber,CAM37204 icastsf12b,12/29/2014,12/29/2014,12/29/2014,165,Electronic - Short Form,Web
Treadclimber,CAM37204 icastsf12b,1/5/2015,12/29/2014,12/29/2014,1,Electronic - Short Form,Web
Treadclimber,CAM37204 icastsf12b,12/30/2014,12/30/2014,12/29/2014,54,Electronic - Short Form,Web
Treadclimber,CAM37204 icastsf12b,12/31/2014,12/31/2014,12/29/2014,73,Electronic - Short Form,Web
Treadclimber,CAM37204 icastsf12b,1/1/2015,1/1/2015,12/29/2014,6,Electronic - Short Form,Web
Treadclimber,CAM37204 icastsf12b,1/3/2015,1/1/2015,12/29/2014,1,Electronic - Short Form,Web
Treadclimber,CAM37204 icastsf12b,,1/1/2015,12/29/2014,1,Electronic - Short Form,Web
Treadclimber,CAM37204 icastsf12b,1/2/2015,1/2/2015,12/29/2014,136,Electronic - Short Form,Web
Treadclimber,CAM37204 icastsf12b,1/3/2015,1/3/2015,12/29/2014,81,Electronic - Short Form,Web
Treadclimber,CAM37204 icastsf12b,,1/3/2015,12/29/2014,2,Electronic - Short Form,Web
Treadclimber,CAM37204 icastsf12b,1/4/2015,1/4/2015,12/29/2014,14,Electronic - Short Form,Web
Treadclimber,CAM37204 icastsf12b,1/5/2015,1/4/2015,12/29/2014,1,Electronic - Short Form,Web
Treadclimber,CAM4173 SAWGETATCCA_TRC,,12/31/2014,12/29/2014,1,Electronic - Short Form,Call Center Internal
Treadclimber,CAM45693 ICASESF14A,,12/31/2014,12/29/2014,1,Electronic - Short Form,Web
Treadclimber,CAM45694 ICASESF14B,,1/4/2015,12/29/2014,1,Electronic - Short Form,Web
Treadclimber,CAM45695 ICASESF14C,,12/31/2014,12/29/2014,1,Electronic - Short Form,Web
Treadclimber,CAM127 1800BOWFLEX_BFC,,12/29/2014,12/29/2014,1,Electronic - UnSourced,Call Center Internal
Treadclimber,CAM128 1800BOWFLEX_CAB,,1/2/2015,12/29/2014,1,Electronic - UnSourced,Call Center Internal
Treadclimber,CAM132 1800BOWFLEX_CAT,,12/29/2014,12/29/2014,5,Electronic - UnSourced,Call Center Internal
Treadclimber,CAM132 1800BOWFLEX_CAT,,12/30/2014,12/29/2014,2,Electronic - UnSourced,Call Center Internal
Treadclimber,CAM132 1800BOWFLEX_CAT,1/1/2015,1/1/2015,12/29/2014,1,Electronic - UnSourced,Call Center Internal
Treadclimber,CAM132 1800BOWFLEX_CAT,,1/1/2015,12/29/2014,2,Electronic - UnSourced,Call Center Internal
Treadclimber,CAM132 1800BOWFLEX_CAT,1/2/2015,1/2/2015,12/29/2014,2,Electronic - UnSourced,Call Center Internal
Treadclimber,CAM132 1800BOWFLEX_CAT,,1/2/2015,12/29/2014,3,Electronic - UnSourced,Call Center Internal
Treadclimber,CAM132 1800BOWFLEX_CAT,,1/3/2015,12/29/2014,1,Electronic - UnSourced,Call Center Internal
Treadclimber,CAM132 1800BOWFLEX_CAT,1/4/2015,1/4/2015,12/29/2014,1,Electronic - UnSourced,Call Center Internal
Treadclimber,CAM132 1800BOWFLEX_CAT,,1/4/2015,12/29/2014,1,Electronic - UnSourced,Call Center Internal
Treadclimber,CAM133 1800BOWFLEX_TRC,,12/29/2014,12/29/2014,3,Electronic - UnSourced,Call Center Internal
Treadclimber,CAM133 1800BOWFLEX_TRC,,12/30/2014,12/29/2014,1,Electronic - UnSourced,Call Center Internal
Treadclimber,CAM133 1800BOWFLEX_TRC,12/31/2014,12/31/2014,12/29/2014,1,Electronic - UnSourced,Call Center Internal
Treadclimber,CAM133 1800BOWFLEX_TRC,,1/2/2015,12/29/2014,3,Electronic - UnSourced,Call Center Internal
Treadclimber,CAM133 1800BOWFLEX_TRC,,1/3/2015,12/29/2014,3,Electronic - UnSourced,Call Center Internal
Treadclimber,CAM28491 icat1sitecat,12/29/2014,12/29/2014,12/29/2014,1,Electronic - UnSourced,Web
Treadclimber,CAM28491 icat1sitecat,,12/29/2014,12/29/2014,1,Electronic - UnSourced,Web
Treadclimber,CAM28491 icat1sitecat,12/30/2014,12/30/2014,12/29/2014,1,Electronic - UnSourced,Web
Treadclimber,CAM28491 icat1sitecat,,12/30/2014,12/29/2014,1,Electronic - UnSourced,Web
Treadclimber,CAM28491 icat1sitecat,12/31/2014,12/31/2014,12/29/2014,2,Electronic - UnSourced,Web
Treadclimber,CAM28491 icat1sitecat,1/1/2015,1/1/2015,12/29/2014,1,Electronic - UnSourced,Web
Treadclimber,CAM28491 icat1sitecat,,1/1/2015,12/29/2014,1,Electronic - UnSourced,Web
Treadclimber,CAM28491 icat1sitecat,1/3/2015,1/3/2015,12/29/2014,1,Electronic - UnSourced,Web
Treadclimber,CAM28491 icat1sitecat,,1/4/2015,12/29/2014,2,Electronic - UnSourced,Web
Treadclimber,CAM40760 ICATHOME,12/29/2014,12/29/2014,12/29/2014,40,Electronic - UnSourced,Web
Treadclimber,CAM40760 ICATHOME,1/3/2015,12/29/2014,12/29/2014,1,Electronic - UnSourced,Web
Treadclimber,CAM40760 ICATHOME,,12/29/2014,12/29/2014,6,Electronic - UnSourced,Web
Treadclimber,CAM40760 ICATHOME,12/30/2014,12/30/2014,12/29/2014,26,Electronic - UnSourced,Web
Treadclimber,CAM40760 ICATHOME,,12/30/2014,12/29/2014,5,Electronic - UnSourced,Web
Treadclimber,CAM40760 ICATHOME,12/31/2014,12/31/2014,12/29/2014,26,Electronic - UnSourced,Web
Treadclimber,CAM40760 ICATHOME,,12/31/2014,12/29/2014,4,Electronic - UnSourced,Web
Treadclimber,CAM40760 ICATHOME,1/1/2015,1/1/2015,12/29/2014,3,Electronic - UnSourced,Web
Treadclimber,CAM40760 ICATHOME,,1/1/2015,12/29/2014,3,Electronic - UnSourced,Web
Treadclimber,CAM40760 ICATHOME,1/2/2015,1/2/2015,12/29/2014,33,Electronic - UnSourced,Web
Treadclimber,CAM40760 ICATHOME,,1/2/2015,12/29/2014,7,Electronic - UnSourced,Web
Treadclimber,CAM40760 ICATHOME,1/3/2015,1/3/2015,12/29/2014,37,Electronic - UnSourced,Web
Treadclimber,CAM40760 ICATHOME,1/5/2015,1/3/2015,12/29/2014,1,Electronic - UnSourced,Web
Treadclimber,CAM40760 ICATHOME,,1/3/2015,12/29/2014,4,Electronic - UnSourced,Web
Treadclimber,CAM40760 ICATHOME,1/4/2015,1/4/2015,12/29/2014,6,Electronic - UnSourced,Web
Treadclimber,CAM40760 ICATHOME,,1/4/2015,12/29/2014,9,Electronic - UnSourced,Web
Treadclimber,CAM44236 SAWMAX,,12/31/2014,12/29/2014,2,Electronic - UnSourced,Call Center Internal
Treadclimber,CAM44236 SAWMAX,,1/4/2015,12/29/2014,1,Electronic - UnSourced,Call Center Internal
Treadclimber,CAM44626 1800BOWFLEX_BMT,,12/30/2014,12/29/2014,1,Electronic - UnSourced,Call Center Internal
Treadclimber,CAM45632 ICAEE1SITECMT,,12/30/2014,12/29/2014,2,Electronic - UnSourced,Web
Treadclimber,CAM45632 ICAEE1SITECMT,,12/31/2014,12/29/2014,2,Electronic - UnSourced,Web
Treadclimber,CAM45632 ICAEE1SITECMT,,1/1/2015,12/29/2014,1,Electronic - UnSourced,Web
Treadclimber,CAM45632 ICAEE1SITECMT,,1/2/2015,12/29/2014,1,Electronic - UnSourced,Web
Treadclimber,CAM45632 ICAEE1SITECMT,,1/4/2015,12/29/2014,1,Electronic - UnSourced,Web
Treadclimber,CAM45635 ICAEEDIGIKBUY,,1/3/2015,12/29/2014,1,Electronic - UnSourced,Web
Treadclimber,CAM45699 SAWICAEEMAX,,12/29/2014,12/29/2014,1,Electronic - UnSourced,Call Center Internal
Treadclimber,CAM45699 SAWICAEEMAX,,12/30/2014,12/29/2014,2,Electronic - UnSourced,Call Center Internal
Treadclimber,CAM45699 SAWICAEEMAX,,1/2/2015,12/29/2014,1,Electronic - UnSourced,Call Center Internal
Treadclimber,CAM37531 SAWICAODAKT,,12/29/2014,12/29/2014,1,Online Display,Call Center Internal
Treadclimber,CAM41254 icaodaktdl4,12/29/2014,12/29/2014,12/29/2014,4,Online Display,Web
Treadclimber,CAM41254 icaodaktdl4,,12/29/2014,12/29/2014,2,Online Display,Web
Treadclimber,CAM41254 icaodaktdl4,12/30/2014,12/30/2014,12/29/2014,1,Online Display,Web
Treadclimber,CAM41254 icaodaktdl4,,12/30/2014,12/29/2014,1,Online Display,Web
Treadclimber,CAM41254 icaodaktdl4,12/31/2014,12/31/2014,12/29/2014,2,Online Display,Web
Treadclimber,CAM41254 icaodaktdl4,,1/2/2015,12/29/2014,1,Online Display,Web
Treadclimber,CAM46541 ICAODAKTDL7,1/1/2015,1/1/2015,12/29/2014,2,Online Display,Web
Treadclimber,CAM46541 ICAODAKTDL7,,1/1/2015,12/29/2014,1,Online Display,Web
Treadclimber,CAM46541 ICAODAKTDL7,1/2/2015,1/2/2015,12/29/2014,1,Online Display,Web
Treadclimber,CAM46541 ICAODAKTDL7,1/3/2015,1/3/2015,12/29/2014,1,Online Display,Web
Treadclimber,CAM46541 ICAODAKTDL7,,1/3/2015,12/29/2014,2,Online Display,Web
Treadclimber,CAM46541 ICAODAKTDL7,1/4/2015,1/4/2015,12/29/2014,3,Online Display,Web
Treadclimber,CAM46541 ICAODAKTDL7,,1/4/2015,12/29/2014,3,Online Display,Web
Treadclimber,CAM30841 icaosgctsl2,,12/30/2014,12/29/2014,2,Online Search,Call Center Internal
Treadclimber,CAM30841 icaosgctsl2,,1/2/2015,12/29/2014,1,Online Search,Call Center Internal
Treadclimber,CAM30841 icaosgctsl2,12/29/2014,12/29/2014,12/29/2014,26,Online Search,Web
Treadclimber,CAM30841 icaosgctsl2,12/30/2014,12/29/2014,12/29/2014,1,Online Search,Web
Treadclimber,CAM30841 icaosgctsl2,,12/29/2014,12/29/2014,12,Online Search,Web
Treadclimber,CAM30841 icaosgctsl2,12/30/2014,12/30/2014,12/29/2014,20,Online Search,Web
Treadclimber,CAM30841 icaosgctsl2,,12/30/2014,12/29/2014,8,Online Search,Web
Treadclimber,CAM30841 icaosgctsl2,12/31/2014,12/31/2014,12/29/2014,33,Online Search,Web
Treadclimber,CAM30841 icaosgctsl2,,12/31/2014,12/29/2014,8,Online Search,Web
Treadclimber,CAM30841 icaosgctsl2,1/1/2015,1/1/2015,12/29/2014,6,Online Search,Web
Treadclimber,CAM30841 icaosgctsl2,1/2/2015,1/1/2015,12/29/2014,1,Online Search,Web
Treadclimber,CAM30841 icaosgctsl2,,1/1/2015,12/29/2014,7,Online Search,Web
Treadclimber,CAM30841 icaosgctsl2,1/2/2015,1/2/2015,12/29/2014,26,Online Search,Web
Treadclimber,CAM30841 icaosgctsl2,,1/2/2015,12/29/2014,7,Online Search,Web
Treadclimber,CAM30841 icaosgctsl2,1/3/2015,1/3/2015,12/29/2014,32,Online Search,Web
Treadclimber,CAM30841 icaosgctsl2,,1/3/2015,12/29/2014,6,Online Search,Web
Treadclimber,CAM30841 icaosgctsl2,1/4/2015,1/4/2015,12/29/2014,9,Online Search,Web
Treadclimber,CAM30841 icaosgctsl2,,1/4/2015,12/29/2014,7,Online Search,Web
Treadclimber,CAM30842 icaosgctsl3,12/29/2014,12/29/2014,12/29/2014,7,Online Search,Web
Treadclimber,CAM30842 icaosgctsl3,12/30/2014,12/30/2014,12/29/2014,4,Online Search,Web
Treadclimber,CAM30842 icaosgctsl3,12/31/2014,12/31/2014,12/29/2014,2,Online Search,Web
Treadclimber,CAM30842 icaosgctsl3,1/2/2015,1/2/2015,12/29/2014,6,Online Search,Web
Treadclimber,CAM30842 icaosgctsl3,1/3/2015,1/3/2015,12/29/2014,4,Online Search,Web
Treadclimber,CAM30891 SAWICAOSGCW,,1/4/2015,12/29/2014,1,Online Search,Call Center Internal
Treadclimber,CAM30896 SAWICAOSGCT,,12/29/2014,12/29/2014,3,Online Search,Call Center Internal
Treadclimber,CAM30896 SAWICAOSGCT,,12/30/2014,12/29/2014,2,Online Search,Call Center Internal
Treadclimber,CAM30896 SAWICAOSGCT,1/2/2015,1/2/2015,12/29/2014,2,Online Search,Call Center Internal
Treadclimber,CAM30896 SAWICAOSGCT,1/4/2015,1/4/2015,12/29/2014,1,Online Search,Call Center Internal
Treadclimber,CAM36695 icaosgctgl1cat,12/29/2014,12/29/2014,12/29/2014,7,Online Search,Web
Treadclimber,CAM36695 icaosgctgl1cat,12/30/2014,12/30/2014,12/29/2014,8,Online Search,Web
Treadclimber,CAM36695 icaosgctgl1cat,12/31/2014,12/31/2014,12/29/2014,3,Online Search,Web
Treadclimber,CAM36695 icaosgctgl1cat,,12/31/2014,12/29/2014,2,Online Search,Web
Treadclimber,CAM36695 icaosgctgl1cat,1/2/2015,1/2/2015,12/29/2014,2,Online Search,Web
Treadclimber,CAM36695 icaosgctgl1cat,,1/2/2015,12/29/2014,1,Online Search,Web
Treadclimber,CAM36695 icaosgctgl1cat,1/3/2015,1/3/2015,12/29/2014,2,Online Search,Web
Treadclimber,CAM36695 icaosgctgl1cat,1/4/2015,1/4/2015,12/29/2014,1,Online Search,Web
Treadclimber,CAM36695 icaosgctgl1cat,,1/4/2015,12/29/2014,1,Online Search,Web
Treadclimber,CAM37608 SAWICAOSBCT,,12/31/2014,12/29/2014,1,Online Search,Call Center Internal
Treadclimber,CAM37660 icaosbctsl5,12/29/2014,12/29/2014,12/29/2014,1,Online Search,Web
Treadclimber,CAM37660 icaosbctsl5,1/3/2015,1/3/2015,12/29/2014,1,Online Search,Web
Treadclimber,CAM37660 icaosbctsl5,,1/4/2015,12/29/2014,1,Online Search,Web
Treadclimber,CAM37661 icaosgctsl5,12/30/2014,12/30/2014,12/29/2014,1,Online Search,Web
Treadclimber,CAM37661 icaosgctsl5,12/31/2014,12/31/2014,12/29/2014,2,Online Search,Web
Treadclimber,CAM37864 icaosgctsl6,,1/2/2015,12/29/2014,1,Online Search,Call Center Internal
Treadclimber,CAM37864 icaosgctsl6,1/2/2015,1/2/2015,12/29/2014,1,Online Search,Web
Treadclimber,CAM37865 icaosgctsl7,12/29/2014,12/29/2014,12/29/2014,3,Online Search,Web
Treadclimber,CAM37865 icaosgctsl7,,12/29/2014,12/29/2014,1,Online Search,Web
Treadclimber,CAM37865 icaosgctsl7,12/31/2014,12/31/2014,12/29/2014,1,Online Search,Web
Treadclimber,CAM37865 icaosgctsl7,,1/1/2015,12/29/2014,1,Online Search,Web
Treadclimber,CAM37865 icaosgctsl7,,1/2/2015,12/29/2014,1,Online Search,Web
Treadclimber,CAM37865 icaosgctsl7,1/3/2015,1/3/2015,12/29/2014,2,Online Search,Web
Treadclimber,CAM37865 icaosgctsl7,,1/3/2015,12/29/2014,1,Online Search,Web
Treadclimber,CAM37865 icaosgctsl7,,1/4/2015,12/29/2014,1,Online Search,Web
Treadclimber,CAM39467 icaosbctsl1,12/29/2014,12/29/2014,12/29/2014,4,Online Search,Web
Treadclimber,CAM39467 icaosbctsl1,12/30/2014,12/30/2014,12/29/2014,1,Online Search,Web
Treadclimber,CAM39467 icaosbctsl1,12/31/2014,12/31/2014,12/29/2014,5,Online Search,Web
Treadclimber,CAM39467 icaosbctsl1,,12/31/2014,12/29/2014,1,Online Search,Web
Treadclimber,CAM39467 icaosbctsl1,,1/1/2015,12/29/2014,2,Online Search,Web
Treadclimber,CAM39467 icaosbctsl1,1/2/2015,1/2/2015,12/29/2014,1,Online Search,Web
Treadclimber,CAM39467 icaosbctsl1,1/3/2015,1/2/2015,12/29/2014,1,Online Search,Web
Treadclimber,CAM39467 icaosbctsl1,1/3/2015,1/3/2015,12/29/2014,2,Online Search,Web
Treadclimber,CAM39467 icaosbctsl1,,1/3/2015,12/29/2014,1,Online Search,Web
Treadclimber,CAM39467 icaosbctsl1,,1/4/2015,12/29/2014,2,Online Search,Web
Treadclimber,CAM40996 icaosbctgl1cat,12/29/2014,12/29/2014,12/29/2014,1,Online Search,Web
Treadclimber,CAM40996 icaosbctgl1cat,,12/29/2014,12/29/2014,1,Online Search,Web
Treadclimber,CAM40996 icaosbctgl1cat,12/30/2014,12/30/2014,12/29/2014,1,Online Search,Web
Treadclimber,CAM40996 icaosbctgl1cat,12/31/2014,12/31/2014,12/29/2014,1,Online Search,Web
Treadclimber,CAM40996 icaosbctgl1cat,,1/1/2015,12/29/2014,2,Online Search,Web
Treadclimber,CAM40996 icaosbctgl1cat,1/2/2015,1/2/2015,12/29/2014,1,Online Search,Web
Treadclimber,CAM40997 icaosbctsl6,12/29/2014,12/29/2014,12/29/2014,1,Online Search,Web
Treadclimber,CAM40997 icaosbctsl6,1/2/2015,1/2/2015,12/29/2014,1,Online Search,Web
Treadclimber,CAM40997 icaosbctsl6,1/3/2015,1/3/2015,12/29/2014,1,Online Search,Web
Treadclimber,CAM40998 icaosbctsl7,12/30/2014,12/30/2014,12/29/2014,1,Online Search,Web
Treadclimber,CAM41072 icaosbctsl10,12/29/2014,12/29/2014,12/29/2014,5,Online Search,Web
Treadclimber,CAM41072 icaosbctsl10,12/30/2014,12/30/2014,12/29/2014,1,Online Search,Web
Treadclimber,CAM41072 icaosbctsl10,,12/30/2014,12/29/2014,1,Online Search,Web
Treadclimber,CAM41072 icaosbctsl10,12/31/2014,12/31/2014,12/29/2014,2,Online Search,Web
Treadclimber,CAM41072 icaosbctsl10,1/2/2015,1/2/2015,12/29/2014,2,Online Search,Web
Treadclimber,CAM41072 icaosbctsl10,1/4/2015,1/4/2015,12/29/2014,2,Online Search,Web
Treadclimber,CAM41072 icaosbctsl10,1/5/2015,1/4/2015,12/29/2014,1,Online Search,Web
Treadclimber,CAM4190 SAWICAOSGCT_TRC,,12/29/2014,12/29/2014,1,Online Search,Call Center Internal
Treadclimber,CAM44489 icaosgctml2,12/29/2014,12/29/2014,12/29/2014,8,Online Search,Web
Treadclimber,CAM44489 icaosgctml2,12/30/2014,12/30/2014,12/29/2014,2,Online Search,Web
Treadclimber,CAM44489 icaosgctml2,12/31/2014,12/31/2014,12/29/2014,8,Online Search,Web
Treadclimber,CAM44489 icaosgctml2,1/2/2015,1/2/2015,12/29/2014,3,Online Search,Web
Treadclimber,CAM44489 icaosgctml2,1/3/2015,1/3/2015,12/29/2014,9,Online Search,Web
Treadclimber,CAM44489 icaosgctml2,1/4/2015,1/4/2015,12/29/2014,2,Online Search,Web
Treadclimber,CAM44966 icaosbctml1,12/29/2014,12/29/2014,12/29/2014,5,Online Search,Web
Treadclimber,CAM44966 icaosbctml1,12/30/2014,12/30/2014,12/29/2014,2,Online Search,Web
Treadclimber,CAM44966 icaosbctml1,12/31/2014,12/31/2014,12/29/2014,3,Online Search,Web
Treadclimber,CAM44966 icaosbctml1,1/1/2015,1/1/2015,12/29/2014,1,Online Search,Web
Treadclimber,CAM44966 icaosbctml1,1/2/2015,1/2/2015,12/29/2014,4,Online Search,Web
Treadclimber,CAM44966 icaosbctml1,1/3/2015,1/3/2015,12/29/2014,3,Online Search,Web
Treadclimber,CAM44966 icaosbctml1,1/4/2015,1/4/2015,12/29/2014,1,Online Search,Web
Treadclimber,CAM45624 ICAOSGCESL2,,12/29/2014,12/29/2014,1,Online Search,Call Center Internal
Treadclimber,CAM45624 ICAOSGCESL2,,12/30/2014,12/29/2014,1,Online Search,Call Center Internal
Treadclimber,CAM45624 ICAOSGCESL2,,1/3/2015,12/29/2014,1,Online Search,Call Center Internal
Treadclimber,CAM45624 ICAOSGCESL2,,1/4/2015,12/29/2014,1,Online Search,Call Center Internal
Treadclimber,CAM45624 ICAOSGCESL2,,12/29/2014,12/29/2014,1,Online Search,Web
Treadclimber,CAM45624 ICAOSGCESL2,,12/30/2014,12/29/2014,2,Online Search,Web
Treadclimber,CAM45624 ICAOSGCESL2,,1/1/2015,12/29/2014,1,Online Search,Web
Treadclimber,CAM45624 ICAOSGCESL2,,1/3/2015,12/29/2014,1,Online Search,Web
Treadclimber,CAM45624 ICAOSGCESL2,,1/4/2015,12/29/2014,1,Online Search,Web
Treadclimber,CAM45633 ICAOSGCEGL1CMT,,12/31/2014,12/29/2014,1,Online Search,Web
Treadclimber,CAM45633 ICAOSGCEGL1CMT,,1/1/2015,12/29/2014,1,Online Search,Web
Treadclimber,CAM45690 SAWICAOSGCE,,12/29/2014,12/29/2014,1,Online Search,Call Center Internal
Treadclimber,CAM45690 SAWICAOSGCE,,12/30/2014,12/29/2014,4,Online Search,Call Center Internal
Treadclimber,CAM45690 SAWICAOSGCE,,1/3/2015,12/29/2014,1,Online Search,Call Center Internal
Treadclimber,CAM45840 ICAOSGCESL7,,12/29/2014,12/29/2014,1,Online Search,Web
Treadclimber,CAM45840 ICAOSGCESL7,,1/4/2015,12/29/2014,1,Online Search,Web
Treadclimber,CAM36008 SAWICAOFG2G,,1/4/2015,12/29/2014,1,Online Shopping,Call Center Internal
Treadclimber,CAM45437 ICAOFG2TFEED1,12/29/2014,12/29/2014,12/29/2014,1,Online Shopping,Web
Treadclimber,CAM45437 ICAOFG2TFEED1,12/30/2014,12/30/2014,12/29/2014,2,Online Shopping,Web
Treadclimber,CAM45437 ICAOFG2TFEED1,,12/30/2014,12/29/2014,1,Online Shopping,Web
Treadclimber,CAM45437 ICAOFG2TFEED1,12/31/2014,12/31/2014,12/29/2014,4,Online Shopping,Web
Treadclimber,CAM45437 ICAOFG2TFEED1,1/3/2015,12/31/2014,12/29/2014,1,Online Shopping,Web
Treadclimber,CAM45437 ICAOFG2TFEED1,,12/31/2014,12/29/2014,1,Online Shopping,Web
Treadclimber,CAM45437 ICAOFG2TFEED1,1/2/2015,1/2/2015,12/29/2014,4,Online Shopping,Web
Treadclimber,CAM45437 ICAOFG2TFEED1,1/3/2015,1/3/2015,12/29/2014,3,Online Shopping,Web
Treadclimber,CAM45437 ICAOFG2TFEED1,,1/3/2015,12/29/2014,1,Online Shopping,Web
Treadclimber,CAM45437 ICAOFG2TFEED1,1/4/2015,1/4/2015,12/29/2014,1,Online Shopping,Web
Treadclimber,CAM45631 ICAOFG2EFEED1,,12/30/2014,12/29/2014,1,Online Shopping,Web
Treadclimber,CAM35680 INTELEMEDIACA,12/29/2014,12/29/2014,12/29/2014,3,Short Form,Call Center Internal
Treadclimber,CAM35680 INTELEMEDIACA,,12/29/2014,12/29/2014,2,Short Form,Call Center Internal
Treadclimber,CAM35680 INTELEMEDIACA,,12/30/2014,12/29/2014,3,Short Form,Call Center Internal
Treadclimber,CAM35680 INTELEMEDIACA,,12/31/2014,12/29/2014,3,Short Form,Call Center Internal
Treadclimber,CAM35680 INTELEMEDIACA,,1/1/2015,12/29/2014,1,Short Form,Call Center Internal
Treadclimber,CAM35680 INTELEMEDIACA,1/2/2015,1/2/2015,12/29/2014,4,Short Form,Call Center Internal
Treadclimber,CAM35680 INTELEMEDIACA,,1/2/2015,12/29/2014,1,Short Form,Call Center Internal
Treadclimber,CAM35680 INTELEMEDIACA,1/3/2015,1/3/2015,12/29/2014,2,Short Form,Call Center Internal
Treadclimber,CAM35680 INTELEMEDIACA,,1/3/2015,12/29/2014,4,Short Form,Call Center Internal
Treadclimber,CAM35680 INTELEMEDIACA,1/4/2015,1/4/2015,12/29/2014,1,Short Form,Call Center Internal
Treadclimber,CAM35680 INTELEMEDIACA,,1/4/2015,12/29/2014,5,Short Form,Call Center Internal
Treadclimber,CAM45544 ZUUSN180GRT2HTIC,,12/31/2014,12/29/2014,1,Short Form,Call Center Internal
Treadclimber,CAM46588 CBCNC120NYMAXKST,,1/3/2015,12/29/2014,1,Short Form,Call Center Internal
Treadclimber,CAM46762 SPRKC120WLKNYKST,12/29/2014,12/29/2014,12/29/2014,1,Short Form,Call Center Internal
Treadclimber,CAM46762 SPRKC120WLKNYKST,12/30/2014,12/30/2014,12/29/2014,1,Short Form,Call Center Internal
Treadclimber,CAM46762 SPRKC120WLKNYKST,1/1/2015,1/1/2015,12/29/2014,1,Short Form,Call Center Internal
Treadclimber,CAM46762 SPRKC120WLKNYKST,1/2/2015,1/2/2015,12/29/2014,1,Short Form,Call Center Internal
Treadclimber,CAM46763 APTNC120WLKNYKST,12/30/2014,12/30/2014,12/29/2014,1,Short Form,Call Center Internal
Treadclimber,CAM46763 APTNC120WLKNYKST,1/3/2015,1/3/2015,12/29/2014,1,Short Form,Call Center Internal
Treadclimber,CAM46764 CHCHC120WLKNYKST,12/30/2014,12/30/2014,12/29/2014,1,Short Form,Call Center Internal
Treadclimber,CAM46773 CBCNC120WLKNYKST,12/31/2014,12/31/2014,12/29/2014,1,Short Form,Call Center Internal
Treadclimber,CAM46774 OWN*C120WLKNYKST,1/3/2015,1/3/2015,12/29/2014,1,Short Form,Call Center Internal
Treadclimber,CAM46777 TSN*C120WLKNYKST,1/1/2015,1/1/2015,12/29/2014,1,Short Form,Call Center Internal
Treadclimber,CAM46779 WEATC120WLKNYKST,12/31/2014,12/31/2014,12/29/2014,1,Short Form,Call Center Internal
Treadclimber,CAM46779 WEATC120WLKNYKST,1/3/2015,1/3/2015,12/29/2014,1,Short Form,Call Center Internal
Treadclimber,CAM46780 WNCAC120WLKNYKST,12/29/2014,12/29/2014,12/29/2014,1,Short Form,Call Center Internal
Treadclimber,CAM46780 WNCAC120WLKNYKST,,12/30/2014,12/29/2014,1,Short Form,Call Center Internal
Treadclimber,CAM46780 WNCAC120WLKNYKST,1/2/2015,1/2/2015,12/29/2014,3,Short Form,Call Center Internal
Treadclimber,CAM46780 WNCAC120WLKNYKST,1/3/2015,1/3/2015,12/29/2014,2,Short Form,Call Center Internal
Treadclimber,CAM46780 WNCAC120WLKNYKST,,1/3/2015,12/29/2014,1,Short Form,Call Center Internal
Treadclimber,CAM46780 WNCAC120WLKNYKST,1/4/2015,1/4/2015,12/29/2014,2,Short Form,Call Center Internal
Treadclimber,CAM46781 CMT*C120WLKNYKST,1/1/2015,1/1/2015,12/29/2014,1,Short Form,Call Center Internal
Treadclimber,CAM46781 CMT*C120WLKNYKST,1/4/2015,1/4/2015,12/29/2014,1,Short Form,Call Center Internal
Treadclimber,CAM46783 COSMC120WLKNYKST,1/1/2015,1/1/2015,12/29/2014,1,Short Form,Call Center Internal
Treadclimber,CAM46785 CHEKC120WLKNYKST,12/29/2014,12/29/2014,12/29/2014,1,Short Form,Call Center Internal
Treadclimber,CAM46785 CHEKC120WLKNYKST,1/4/2015,1/4/2015,12/29/2014,1,Short Form,Call Center Internal
Treadclimber,CAM46786 VISNC120WLKNYKST,12/29/2014,12/29/2014,12/29/2014,1,Short Form,Call Center Internal
Treadclimber,CAM46786 VISNC120WLKNYKST,1/2/2015,1/2/2015,12/29/2014,2,Short Form,Call Center Internal
Treadclimber,CAM46794 GAMCC120WLKNYKST,1/2/2015,1/2/2015,12/29/2014,1,Short Form,Call Center Internal
Treadclimber,CAM46799 CANCC120WLKNYKST,12/30/2014,12/30/2014,12/29/2014,1,Short Form,Call Center Internal
Treadclimber,CAM46799 CANCC120WLKNYKST,12/31/2014,12/31/2014,12/29/2014,2,Short Form,Call Center Internal
Treadclimber,CAM46802 YTV*C120WLKNYKST,1/2/2015,1/2/2015,12/29/2014,1,Short Form,Call Center Internal
Treadclimber,CAM46805 APTNC120ALONYKST,12/29/2014,12/29/2014,12/29/2014,1,Short Form,Call Center Internal
Treadclimber,CAM46805 APTNC120ALONYKST,12/30/2014,12/30/2014,12/29/2014,4,Short Form,Call Center Internal
Treadclimber,CAM46805 APTNC120ALONYKST,1/4/2015,1/4/2015,12/29/2014,1,Short Form,Call Center Internal
Treadclimber,CAM46809 LIFEC120ALONYKST,1/3/2015,1/3/2015,12/29/2014,2,Short Form,Call Center Internal
Treadclimber,CAM46809 LIFEC120ALONYKST,,1/4/2015,12/29/2014,1,Short Form,Call Center Internal
Treadclimber,CAM46812 NGW*C120ALONYKST,1/1/2015,1/1/2015,12/29/2014,1,Short Form,Call Center Internal
Treadclimber,CAM46815 TRETC120ALONYKST,,12/31/2014,12/29/2014,1,Short Form,Call Center Internal
Treadclimber,CAM46815 TRETC120ALONYKST,1/3/2015,1/3/2015,12/29/2014,1,Short Form,Call Center Internal
Treadclimber,CAM46817 TSN*C120ALONYKST,12/30/2014,12/30/2014,12/29/2014,1,Short Form,Call Center Internal
Treadclimber,CAM46820 WNCAC120ALONYKST,12/29/2014,12/29/2014,12/29/2014,1,Short Form,Call Center Internal
Treadclimber,CAM46820 WNCAC120ALONYKST,12/30/2014,12/30/2014,12/29/2014,1,Short Form,Call Center Internal
Treadclimber,CAM46820 WNCAC120ALONYKST,,1/2/2015,12/29/2014,1,Short Form,Call Center Internal
Treadclimber,CAM46820 WNCAC120ALONYKST,1/4/2015,1/4/2015,12/29/2014,2,Short Form,Call Center Internal
Treadclimber,CAM46821 CMT*C120ALONYKST,,12/31/2014,12/29/2014,1,Short Form,Call Center Internal
Treadclimber,CAM46821 CMT*C120ALONYKST,1/4/2015,1/4/2015,12/29/2014,1,Short Form,Call Center Internal
Treadclimber,CAM46822 COSMC120ALONYKST,1/1/2015,1/1/2015,12/29/2014,1,Short Form,Call Center Internal
Treadclimber,CAM46822 COSMC120ALONYKST,1/4/2015,1/4/2015,12/29/2014,1,Short Form,Call Center Internal
Treadclimber,CAM46824 VISNC120ALONYKST,12/29/2014,12/29/2014,12/29/2014,1,Short Form,Call Center Internal
Treadclimber,CAM46824 VISNC120ALONYKST,12/30/2014,12/30/2014,12/29/2014,1,Short Form,Call Center Internal
Treadclimber,CAM46824 VISNC120ALONYKST,12/31/2014,12/31/2014,12/29/2014,1,Short Form,Call Center Internal
Treadclimber,CAM46825 YES*C120ALONYKST,12/31/2014,12/31/2014,12/29/2014,1,Short Form,Call Center Internal
Treadclimber,CAM46825 YES*C120ALONYKST,1/2/2015,1/2/2015,12/29/2014,3,Short Form,Call Center Internal
Treadclimber,CAM46826 BIO*C120ALONYKST,,12/30/2014,12/29/2014,1,Short Form,Call Center Internal
Treadclimber,CAM46831 YTV*C120ALONYKST,1/2/2015,1/2/2015,12/29/2014,1,Short Form,Call Center Internal
Treadclimber,CAM46832 ENT*C120ALONYKST,12/30/2014,12/30/2014,12/29/2014,3,Short Form,Call Center Internal
Treadclimber,CAM40825 1800TREADCLIMBER,,12/29/2014,12/29/2014,1,Un-Sourced,Call Center Internal
Treadclimber,CAM40825 1800TREADCLIMBER,,12/30/2014,12/29/2014,2,Un-Sourced,Call Center Internal
Treadclimber,CAM40825 1800TREADCLIMBER,,12/31/2014,12/29/2014,2,Un-Sourced,Call Center Internal
Treadclimber,CAM40825 1800TREADCLIMBER,,1/3/2015,12/29/2014,4,Un-Sourced,Call Center Internal
Treadclimber,CAM40825 1800TREADCLIMBER,,1/4/2015,12/29/2014,2,Un-Sourced,Call Center Internal
Treadclimber,CAM40825 1800TREADCLIMBER,,1/2/2015,12/29/2014,1,Un-Sourced,Warranty
Treadclimber,CAM45327 1800MAXTRAINER,,12/29/2014,12/29/2014,2,Un-Sourced,Call Center Internal
Treadclimber,CAM45327 1800MAXTRAINER,,12/30/2014,12/29/2014,1,Un-Sourced,Call Center Internal
Treadclimber,CAM45327 1800MAXTRAINER,,1/1/2015,12/29/2014,2,Un-Sourced,Call Center Internal
Treadclimber,CAM30971 icastsf09buytc,1/5/2015,1/5/2015,1/5/2015,153,Electronic - Short Form,Web
Treadclimber,CAM36732 icastsf12a,1/5/2015,1/5/2015,1/5/2015,10,Electronic - Short Form,Web
Treadclimber,CAM37204 icastsf12b,1/5/2015,1/5/2015,1/5/2015,76,Electronic - Short Form,Web
Treadclimber,CAM45693 ICASESF14A,,1/5/2015,1/5/2015,1,Electronic - Short Form,Web
Treadclimber,CAM40760 ICATHOME,1/5/2015,1/5/2015,1/5/2015,26,Electronic - UnSourced,Web
Treadclimber,CAM30841 icaosgctsl2,1/5/2015,1/5/2015,1/5/2015,19,Online Search,Web
Treadclimber,CAM30842 icaosgctsl3,1/5/2015,1/5/2015,1/5/2015,4,Online Search,Web
Treadclimber,CAM36695 icaosgctgl1cat,1/5/2015,1/5/2015,1/5/2015,5,Online Search,Web
Treadclimber,CAM37865 icaosgctsl7,1/5/2015,1/5/2015,1/5/2015,1,Online Search,Web
Treadclimber,CAM39467 icaosbctsl1,1/5/2015,1/5/2015,1/5/2015,3,Online Search,Web
Treadclimber,CAM40997 icaosbctsl6,1/5/2015,1/5/2015,1/5/2015,1,Online Search,Web
Treadclimber,CAM41072 icaosbctsl10,1/5/2015,1/5/2015,1/5/2015,4,Online Search,Web
Treadclimber,CAM44489 icaosgctml2,1/5/2015,1/5/2015,1/5/2015,7,Online Search,Web
Treadclimber,CAM44966 icaosbctml1,1/5/2015,1/5/2015,1/5/2015,3,Online Search,Web
Treadclimber,CAM45437 ICAOFG2TFEED1,1/5/2015,1/5/2015,1/5/2015,2,Online Shopping,Web
