46863142,Bowflex Brand,Bowflex Max Trainer,Electronic - UnSourced,CAM16616 DEGBFBHG,Web,8/14/2017,8/15/2017,1,1449.00
46863349,Bowflex Max Trainer,Bowflex Max Trainer,Online Display,CAM50256 DODG2EDL1,Web,8/14/2017,8/15/2017,1,1549.00
46863661,Bowflex Brand,Bowflex HVT,Online Search,CAM31081 dosg2gl1,Web,8/14/2017,8/15/2017,1,1799.00
46863766,Treadclimber,Bowflex Max Trainer,Online Search,CAM37440 dosg2tsl21,Web,8/14/2017,8/15/2017,1,1099.00
46863866,Bowflex Max Trainer,Bowflex Max Trainer,Online Display,CAM50714 DODG2EDL3,Web,8/14/2017,8/15/2017,1,1549.00
46864067,Results Treadmill,Results Treadmill,Online Search,CAM50818 DOSG2BXTSL1,Call Center Internal,8/14/2017,8/15/2017,0,1799.00
46864068,Bowflex Brand,Bowflex Max Trainer,Un-Sourced,CAM49456 BCARECREDIT,Call Center Internal,8/14/2017,8/15/2017,1,1999.00
46864068,Bowflex Brand,Treadclimber,Un-Sourced,CAM49456 BCARECREDIT,Call Center Internal,8/14/2017,8/15/2017,0,.00
46864374,Bowflex Brand,Bowflex Home Gyms,Online Search,CAM37117 dosg2gsl27,Web,8/14/2017,8/15/2017,1,1399.00
46864374,Bowflex Brand,Bowflex Home Gyms,Online Search,CAM37117 dosg2gsl27,Web,8/14/2017,8/15/2017,0,.00
46864476,Bowflex Brand,Bowflex Max Trainer,Un-Sourced,CAM49456 BCARECREDIT,Call Center Internal,8/14/2017,8/15/2017,1,1549.00
46864476,Bowflex Brand,Bowflex Max Trainer,Un-Sourced,CAM49456 BCARECREDIT,Call Center Internal,8/14/2017,8/15/2017,0,179.00
46864477,Bowflex HVT,Bowflex HVT,Online Search,CAM50811 DOSBIHSL1,Web,8/14/2017,8/15/2017,1,1799.00
46864577,Bowflex Max Trainer,Bowflex Max Trainer,Short Form,CAM50353 NBA*N60*MX101TIC,Call Center Internal,8/14/2017,8/15/2017,1,1999.00
46864577,Bowflex Max Trainer,Treadclimber,Short Form,CAM50353 NBA*N60*MX101TIC,Call Center Internal,8/14/2017,8/15/2017,0,.00
46864577,Bowflex Max Trainer,Bowflex Max Trainer,Short Form,CAM50353 NBA*N60*MX101TIC,Call Center Internal,8/14/2017,8/15/2017,0,219.00
46864584,Bowflex Max Trainer,Bowflex Selecttech Dumbbells,Short Form,CAM50353 NBA*N60*MX101TIC,Call Center Internal,8/14/2017,8/15/2017,1,549.00
46864584,Bowflex Max Trainer,Bowflex Selecttech Dumbbells,Short Form,CAM50353 NBA*N60*MX101TIC,Call Center Internal,8/14/2017,8/15/2017,0,139.00
46864584,Bowflex Max Trainer,Bowflex Selecttech Dumbbells,Short Form,CAM50353 NBA*N60*MX101TIC,Call Center Internal,8/14/2017,8/15/2017,0,199.00
46864584,Bowflex Max Trainer,Bowflex Home Gyms,Short Form,CAM50353 NBA*N60*MX101TIC,Call Center Internal,8/14/2017,8/15/2017,0,99.00
46864584,Bowflex Max Trainer,Bowflex Selecttech Dumbbells,Short Form,CAM50353 NBA*N60*MX101TIC,Call Center Internal,8/14/2017,8/15/2017,0,69.00
46864726,Bowflex Max Trainer,Bowflex Max Trainer,Short Form,CAM50353 NBA*N60*MX101TIC,Call Center Internal,8/14/2017,8/15/2017,1,1415.00
46864839,Bowflex Catalog,Bowflex Selecttech Dumbbells,Electronic - UnSourced,CAM127 1800BOWFLEX_BFC,Call Center Internal,8/14/2017,8/15/2017,0,50.00
46864839,Bowflex Catalog,Bowflex Selecttech Dumbbells,Electronic - UnSourced,CAM127 1800BOWFLEX_BFC,Call Center Internal,8/14/2017,8/15/2017,0,50.00
46865040,Bowflex Max Trainer,Bowflex Max Trainer,Electronic - Short Form,CAM45798 DSEESF14H,Web,8/14/2017,8/15/2017,1,1449.00
46865040,Bowflex Max Trainer,Bowflex Max Trainer,Electronic - Short Form,CAM45798 DSEESF14H,Web,8/14/2017,8/15/2017,0,169.00
46865141,Bowflex Brand,Bowflex Max Trainer,Electronic - UnSourced,CAM16616 DEGBFBHG,Web,8/14/2017,8/15/2017,1,1049.00
46865141,Bowflex Brand,Bowflex Max Trainer,Electronic - UnSourced,CAM16616 DEGBFBHG,Web,8/14/2017,8/15/2017,0,119.00
46865141,Bowflex Brand,Bowflex Max Trainer,Electronic - UnSourced,CAM16616 DEGBFBHG,Web,8/14/2017,8/15/2017,0,169.00
46865142,Bowflex Brand,Bowflex Max Trainer,Online Search,CAM39441 dosbigl1,Web,8/14/2017,8/15/2017,1,1549.00
46865142,Bowflex Brand,Bowflex Max Trainer,Online Search,CAM39441 dosbigl1,Web,8/14/2017,8/15/2017,0,179.00
46865243,Bowflex Max Trainer,Bowflex Selecttech Dumbbells,Electronic - Short Form,CAM45798 DSEESF14H,Web,8/14/2017,8/15/2017,1,299.00
46865244,Bowflex Max Trainer,Bowflex Max Trainer,Online Shopping,CAM44887 dofg2efeed1,Web,8/14/2017,8/15/2017,1,1549.00
46865245,Bowflex Max Trainer,Bowflex Max Trainer,Online Search,CAM44497 dosg2esl1,Web,8/14/2017,8/15/2017,1,1449.00
46865547,Bowflex Brand,Bowflex Max Trainer,Online Social,CAM50566 DOXFBBSCL001,Web,8/14/2017,8/15/2017,1,2099.00
46865547,Bowflex Brand,Treadclimber,Online Social,CAM50566 DOXFBBSCL001,Web,8/14/2017,8/15/2017,0,.00
46865848,Bowflex Max Trainer,Bowflex Max Trainer,Online Shopping,CAM44887 dofg2efeed1,Web,8/14/2017,8/15/2017,1,1049.00
46865848,Bowflex Max Trainer,Bowflex Max Trainer,Online Shopping,CAM44887 dofg2efeed1,Web,8/14/2017,8/15/2017,0,89.00
46866049,Bowflex Max Trainer,Bowflex Max Trainer,Online Search,CAM44497 dosg2esl1,Web,8/14/2017,8/15/2017,1,1449.00
46866253,Bowflex Brand,Bowflex Max Trainer,Online Search,CAM31081 dosg2gl1,Web,8/14/2017,8/15/2017,1,1449.00
46866253,Bowflex Brand,Bowflex Max Trainer,Online Search,CAM31081 dosg2gl1,Web,8/14/2017,8/15/2017,0,179.00
46866254,Bowflex Max Trainer,Bowflex Max Trainer,Online Shopping,CAM44887 dofg2efeed1,Web,8/14/2017,8/15/2017,1,1999.00
46866254,Bowflex Max Trainer,Treadclimber,Online Shopping,CAM44887 dofg2efeed1,Web,8/14/2017,8/15/2017,0,.00
46866555,Bowflex Max Trainer,Bowflex Max Trainer,Online Search,CAM44223 SAWDOSBIE,Call Center Internal,8/14/2017,8/15/2017,1,1549.00
46866562,Bowflex Brand,,Online Search,CAM30796 SAWDOSG2G,Call Center Internal,8/14/2017,8/15/2017,0,69.50
46866566,Treadclimber,Treadclimber,Un-Sourced,CAM40825 1800TREADCLIMBER,Call Center Internal,8/14/2017,8/15/2017,1,1699.00
46866774,Bowflex Max Trainer,Bowflex Max Trainer,Un-Sourced,CAM45327 1800MAXTRAINER,Call Center Internal,8/14/2017,8/15/2017,1,1549.00
46866774,Bowflex Max Trainer,Treadclimber,Un-Sourced,CAM45327 1800MAXTRAINER,Call Center Internal,8/14/2017,8/15/2017,0,99.00
46866774,Bowflex Max Trainer,Bowflex Max Trainer,Un-Sourced,CAM45327 1800MAXTRAINER,Call Center Internal,8/14/2017,8/15/2017,0,169.00
46866774,Bowflex Max Trainer,Bowflex Max Trainer,Un-Sourced,CAM45327 1800MAXTRAINER,Call Center Internal,8/14/2017,8/15/2017,0,179.00
46866775,Bowflex Brand,Bowflex Home Gyms,Online Search,CAM49688 SAWDOSBI,Call Center Internal,8/14/2017,8/15/2017,0,23.98
46866781,Bowflex Max Trainer,Bowflex Max Trainer,Online Search,CAM44223 SAWDOSBIE,Call Center Internal,8/14/2017,8/15/2017,1,1999.00
46866781,Bowflex Max Trainer,Treadclimber,Online Search,CAM44223 SAWDOSBIE,Call Center Internal,8/14/2017,8/15/2017,0,.00
46866781,Bowflex Max Trainer,Bowflex Max Trainer,Online Search,CAM44223 SAWDOSBIE,Call Center Internal,8/14/2017,8/15/2017,0,219.00
46866781,Bowflex Max Trainer,Bowflex Max Trainer,Online Search,CAM44223 SAWDOSBIE,Call Center Internal,8/14/2017,8/15/2017,0,169.00
46866781,Bowflex Max Trainer,Bowflex Selecttech Dumbbells,Online Search,CAM44223 SAWDOSBIE,Call Center Internal,8/14/2017,8/15/2017,1,299.00
46866889,Bowflex Brand,Bowflex Max Trainer,Electronic - UnSourced,CAM16616 DEGBFBHG,Web,8/14/2017,8/15/2017,1,1749.00
46866990,Treadclimber,Treadclimber,Online Search,CAM37655 dosbitsl10,Web,8/14/2017,8/15/2017,1,1749.00
46867398,Bowflex Brand,Bowflex Max Trainer,Online Search,CAM31081 dosg2gl1,Web,8/14/2017,8/15/2017,1,1549.00
46867398,Bowflex Brand,Bowflex Max Trainer,Online Search,CAM31081 dosg2gl1,Web,8/14/2017,8/15/2017,0,169.00
46867498,Bowflex Max Trainer,Bowflex Max Trainer,Online Shopping,CAM44887 dofg2efeed1,Web,8/14/2017,8/15/2017,1,1549.00
46867498,Bowflex Max Trainer,Treadclimber,Online Shopping,CAM44887 dofg2efeed1,Web,8/14/2017,8/15/2017,0,99.00
46867498,Bowflex Max Trainer,Bowflex Max Trainer,Online Shopping,CAM44887 dofg2efeed1,Web,8/14/2017,8/15/2017,0,169.00
46868103,Bowflex Brand,Bowflex Max Trainer,Online Search,CAM39441 dosbigl1,Web,8/14/2017,8/15/2017,1,1298.00
46868103,Bowflex Brand,Bowflex Max Trainer,Online Search,CAM39441 dosbigl1,Web,8/14/2017,8/15/2017,0,169.00
46868215,Bowflex Brand,,Electronic - UnSourced,CAM49450 BOWWEB800,Call Center Internal,8/14/2017,8/15/2017,0,.00
46868335,Bowflex Max Trainer,Bowflex Max Trainer,Online Search,CAM44497 dosg2esl1,Web,8/14/2017,8/15/2017,1,1049.00
46868435,Bowflex Brand,Bowflex Selecttech Dumbbells,Electronic - UnSourced,CAM49450 BOWWEB800,Call Center Internal,8/14/2017,8/15/2017,1,549.00
46868436,Results Treadmill,Results Treadmill,Online Search,CAM50818 DOSG2BXTSL1,Web,8/14/2017,8/15/2017,0,2048.00
46868436,Results Treadmill,Bowflex HVT,Online Search,CAM50818 DOSG2BXTSL1,Web,8/14/2017,8/15/2017,0,108.99
46869851,Bowflex Brand,Bowflex Max Trainer,Electronic - UnSourced,CAM49450 BOWWEB800,Call Center Internal,8/14/2017,8/15/2017,1,999.00
46870755,Bowflex Max Trainer,Bowflex Max Trainer,Digital - Info Kit,CAM51410 DEDIKE2017Q3,Web,8/14/2017,8/15/2017,1,1999.00
46870755,Bowflex Max Trainer,Bowflex Max Trainer,Digital - Info Kit,CAM51410 DEDIKE2017Q3,Web,8/14/2017,8/15/2017,0,219.00
46870755,Bowflex Max Trainer,Treadclimber,Digital - Info Kit,CAM51410 DEDIKE2017Q3,Web,8/14/2017,8/15/2017,0,.00
46870755,Bowflex Max Trainer,Bowflex Max Trainer,Digital - Info Kit,CAM51410 DEDIKE2017Q3,Web,8/14/2017,8/15/2017,0,169.00
46870955,Bowflex Brand,Bowflex Max Trainer,Online Search,CAM30796 SAWDOSG2G,Call Center Internal,8/14/2017,8/15/2017,1,1049.00
46870955,Bowflex Brand,Bowflex Max Trainer,Online Search,CAM30796 SAWDOSG2G,Call Center Internal,8/14/2017,8/15/2017,0,169.00
46871456,Bowflex Max Trainer,Bowflex Max Trainer,Online Search,CAM44429 dosbiesl1,Web,8/14/2017,8/15/2017,1,1547.82
46871456,Bowflex Max Trainer,Bowflex Max Trainer,Online Search,CAM44429 dosbiesl1,Web,8/14/2017,8/15/2017,0,169.00
46871856,Bowflex Max Trainer,Bowflex Max Trainer,Online Search,CAM44429 dosbiesl1,Web,8/14/2017,8/15/2017,1,1749.00
46875666,Bowflex Max Trainer,Bowflex Max Trainer,Online Search,CAM44429 dosbiesl1,Web,8/14/2017,8/15/2017,1,1449.00
46876268,Bowflex Brand,Bowflex Selecttech Dumbbells,Electronic - UnSourced,CAM16616 DEGBFBHG,Web,8/14/2017,8/15/2017,1,549.00
46876268,Bowflex Brand,Bowflex Selecttech Dumbbells,Electronic - UnSourced,CAM16616 DEGBFBHG,Web,8/14/2017,8/15/2017,0,139.00
46877370,Treadclimber,Bowflex Max Trainer,Online,CAM29865 SAWADHERETC,Call Center Internal,8/14/2017,8/15/2017,1,1999.00
46877370,Treadclimber,Treadclimber,Online,CAM29865 SAWADHERETC,Call Center Internal,8/14/2017,8/15/2017,0,.00
46877370,Treadclimber,Bowflex Max Trainer,Online,CAM29865 SAWADHERETC,Call Center Internal,8/14/2017,8/15/2017,0,169.00
46877370,Treadclimber,Bowflex Max Trainer,Online,CAM29865 SAWADHERETC,Call Center Internal,8/14/2017,8/15/2017,0,159.00
46877571,Treadclimber,Bowflex Selecttech Dumbbells,Online,CAM29865 SAWADHERETC,Call Center Internal,8/14/2017,8/15/2017,1,355.40
46877571,Treadclimber,Bowflex Selecttech Dumbbells,Online,CAM29865 SAWADHERETC,Call Center Internal,8/14/2017,8/15/2017,0,104.30
46877571,Treadclimber,Bowflex Selecttech Dumbbells,Online,CAM29865 SAWADHERETC,Call Center Internal,8/14/2017,8/15/2017,0,139.30
46878174,Bowflex HVT,Bowflex HVT,Un-Sourced,CAM50745 1800HVT,Call Center Internal,8/14/2017,8/15/2017,1,1799.00
46878174,Bowflex HVT,Bowflex HVT,Un-Sourced,CAM50745 1800HVT,Call Center Internal,8/14/2017,8/15/2017,0,99.00
46878178,Bowflex Brand,Bowflex Max Trainer,Electronic - UnSourced,CAM16616 DEGBFBHG,Web,8/14/2017,8/15/2017,1,1749.00
46878179,Bowflex Brand,Bowflex Selecttech Dumbbells,Online Search,CAM31081 dosg2gl1,Web,8/14/2017,8/15/2017,1,299.00
46878179,Bowflex Brand,Bowflex Catalog,Online Search,CAM31081 dosg2gl1,Web,8/14/2017,8/15/2017,0,59.98
46878179,Bowflex Brand,Bowflex Selecttech Dumbbells,Online Search,CAM31081 dosg2gl1,Web,8/14/2017,8/15/2017,0,228.99
46878179,Bowflex Brand,Bowflex Catalog,Online Search,CAM31081 dosg2gl1,Web,8/14/2017,8/15/2017,0,49.99
46878378,Bowflex Brand,Bowflex Max Trainer,Electronic - UnSourced,CAM16616 DEGBFBHG,Web,8/14/2017,8/15/2017,1,1999.00
46878378,Bowflex Brand,Treadclimber,Electronic - UnSourced,CAM16616 DEGBFBHG,Web,8/14/2017,8/15/2017,0,.00
46878580,Bowflex Max Trainer,Bowflex Max Trainer,Short Form,CAM51536 FOXNN60*M350STIC,Call Center Internal,8/14/2017,8/15/2017,1,1549.00
46878686,Bowflex Brand,Bowflex Revolution,Online Search,CAM49688 SAWDOSBI,Call Center Internal,8/14/2017,8/15/2017,1,2799.00
46878686,Bowflex Brand,Bowflex Revolution,Online Search,CAM49688 SAWDOSBI,Call Center Internal,8/14/2017,8/15/2017,0,99.00
46878686,Bowflex Brand,Bowflex Home Gyms,Online Search,CAM49688 SAWDOSBI,Call Center Internal,8/14/2017,8/15/2017,0,.00
46878688,Bowflex Brand,Bowflex Home Gyms,Electronic - UnSourced,CAM16616 DEGBFBHG,Web,8/14/2017,8/15/2017,0,108.99
46878788,Bowflex Brand,Bowflex Max Trainer,Online Search,CAM49688 SAWDOSBI,Call Center Internal,8/14/2017,8/15/2017,1,1449.00
46878790,Bowflex Brand,Bowflex Selecttech Dumbbells,Online Search,CAM49688 SAWDOSBI,Call Center Internal,8/14/2017,8/15/2017,1,355.40
46878790,Bowflex Brand,Bowflex Selecttech Dumbbells,Online Search,CAM49688 SAWDOSBI,Call Center Internal,8/14/2017,8/15/2017,0,104.30
46878790,Bowflex Brand,Bowflex Selecttech Dumbbells,Online Search,CAM49688 SAWDOSBI,Call Center Internal,8/14/2017,8/15/2017,0,139.30
46878791,Bowflex Catalog,Bowflex Max Trainer,Electronic - UnSourced,CAM127 1800BOWFLEX_BFC,Call Center Internal,8/14/2017,8/15/2017,0,199.00
46878999,Bowflex Brand,Bowflex Selecttech Dumbbells,Electronic - UnSourced,CAM16616 DEGBFBHG,Web,8/14/2017,8/15/2017,1,279.00
46879105,Bowflex Max Trainer,Bowflex Max Trainer,Online Search,CAM44223 SAWDOSBIE,Call Center Internal,8/14/2017,8/15/2017,1,1549.00
46879206,Bowflex Brand,Treadclimber,Online Search,CAM31081 dosg2gl1,Web,8/14/2017,8/15/2017,1,1749.00
46879206,Bowflex Brand,Treadclimber,Online Search,CAM31081 dosg2gl1,Web,8/14/2017,8/15/2017,0,199.00
46879308,Bowflex Brand,Bowflex Max Trainer,Electronic - UnSourced,CAM16616 DEGBFBHG,Web,8/14/2017,8/15/2017,1,1449.00
46880020,Bowflex Max Trainer,Bowflex Max Trainer,Un-Sourced,CAM45327 1800MAXTRAINER,Call Center Internal,8/14/2017,8/15/2017,1,1599.00
46880020,Bowflex Max Trainer,Treadclimber,Un-Sourced,CAM45327 1800MAXTRAINER,Call Center Internal,8/14/2017,8/15/2017,0,99.00
46880020,Bowflex Max Trainer,Bowflex Max Trainer,Un-Sourced,CAM45327 1800MAXTRAINER,Call Center Internal,8/14/2017,8/15/2017,0,179.00
46880228,Bowflex Brand,Bowflex Max Trainer,Online Search,CAM49688 SAWDOSBI,Call Center Internal,8/14/2017,8/15/2017,1,1449.00
46880228,Bowflex Brand,Bowflex Max Trainer,Online Search,CAM49688 SAWDOSBI,Call Center Internal,8/14/2017,8/15/2017,0,169.00
46880235,Bowflex Selecttech Dumbbells,Bowflex Selecttech Dumbbells,Un-Sourced,CAM40819 1800SELECTTECH,Call Center Internal,8/14/2017,8/15/2017,1,419.30
46880235,Bowflex Selecttech Dumbbells,Bowflex Selecttech Dumbbells,Un-Sourced,CAM40819 1800SELECTTECH,Call Center Internal,8/14/2017,8/15/2017,0,139.30
46880235,Bowflex Selecttech Dumbbells,Bowflex Home Gyms,Un-Sourced,CAM40819 1800SELECTTECH,Call Center Internal,8/14/2017,8/15/2017,0,69.30
46880537,Bowflex Max Trainer,Bowflex Selecttech Dumbbells,Short Form,CAM51158 IFC*N120SOFTXTIC,Call Center Internal,8/14/2017,8/15/2017,1,599.00
46880537,Bowflex Max Trainer,Bowflex Selecttech Dumbbells,Short Form,CAM51158 IFC*N120SOFTXTIC,Call Center Internal,8/14/2017,8/15/2017,0,199.00
46880537,Bowflex Max Trainer,Bowflex Selecttech Dumbbells,Short Form,CAM51158 IFC*N120SOFTXTIC,Call Center Internal,8/14/2017,8/15/2017,0,69.00
46880541,Bowflex Home Gyms,Bowflex Max Trainer,Online Shopping,CAM32062 dofg2gfeed1,Web,8/14/2017,8/15/2017,1,1549.00
46880744,Bowflex Max Trainer,Bowflex Max Trainer,Electronic - UnSourced,CAM44626 1800BOWFLEX_BMT,Call Center Internal,8/14/2017,8/15/2017,1,1549.00
46880989,Treadclimber,Bowflex Max Trainer,Online Search,CAM37440 dosg2tsl21,Web,8/14/2017,8/15/2017,1,1549.00
46880989,Treadclimber,Treadclimber,Online Search,CAM37440 dosg2tsl21,Web,8/14/2017,8/15/2017,0,99.00
46880989,Treadclimber,Bowflex Max Trainer,Online Search,CAM37440 dosg2tsl21,Web,8/14/2017,8/15/2017,0,169.00
46881324,Bowflex Brand,Results Treadmill,Online Search,CAM31081 dosg2gl1,Web,8/14/2017,8/15/2017,0,1598.00
46881324,Bowflex Brand,Results Treadmill,Online Search,CAM31081 dosg2gl1,Web,8/14/2017,8/15/2017,0,169.00
46881426,Bowflex Max Trainer,Bowflex Max Trainer,Online Search,CAM48984 DOSG2ESL11,Web,8/14/2017,8/15/2017,1,1999.00
46881426,Bowflex Max Trainer,Treadclimber,Online Search,CAM48984 DOSG2ESL11,Web,8/14/2017,8/15/2017,0,.00
46881938,Bowflex Max Trainer,Bowflex Max Trainer,Short Form,CAM51526 BRNGN60*M350STIC,Call Center Internal,8/14/2017,8/15/2017,1,2081.96
46881938,Bowflex Max Trainer,Bowflex Max Trainer,Short Form,CAM51526 BRNGN60*M350STIC,Call Center Internal,8/14/2017,8/15/2017,0,169.00
46881938,Bowflex Max Trainer,Treadclimber,Short Form,CAM51526 BRNGN60*M350STIC,Call Center Internal,8/14/2017,8/15/2017,0,.00
46881938,Bowflex Max Trainer,Bowflex Max Trainer,Short Form,CAM51526 BRNGN60*M350STIC,Call Center Internal,8/14/2017,8/15/2017,0,159.00
46881939,Bowflex Brand,Results Treadmill,Electronic - UnSourced,CAM49450 BOWWEB800,Call Center Internal,8/14/2017,8/15/2017,0,1799.00
46881939,Bowflex Brand,Results Treadmill,Electronic - UnSourced,CAM49450 BOWWEB800,Call Center Internal,8/14/2017,8/15/2017,0,199.00
46881939,Bowflex Brand,Treadclimber,Electronic - UnSourced,CAM49450 BOWWEB800,Call Center Internal,8/14/2017,8/15/2017,0,18.98
46881943,Bowflex Brand,Bowflex Selecttech Dumbbells,Online Search,CAM31081 dosg2gl1,Web,8/14/2017,8/15/2017,1,299.00
46882045,Bowflex Max Trainer,Bowflex Max Trainer,Electronic - Short Form,CAM45798 DSEESF14H,Web,8/14/2017,8/15/2017,1,1449.00
46882045,Bowflex Max Trainer,Bowflex Max Trainer,Electronic - Short Form,CAM45798 DSEESF14H,Web,8/14/2017,8/15/2017,0,179.00
46882045,Bowflex Max Trainer,Bowflex Max Trainer,Electronic - Short Form,CAM45798 DSEESF14H,Web,8/14/2017,8/15/2017,0,169.00
46882276,Bowflex Max Trainer,Bowflex Max Trainer,Online Search,CAM44497 dosg2esl1,Web,8/14/2017,8/15/2017,1,1049.00
46882379,Bowflex Max Trainer,Bowflex Max Trainer,Online Search,CAM44497 dosg2esl1,Web,8/14/2017,8/15/2017,1,1549.00
46882690,Bowflex Max Trainer,Bowflex Max Trainer,Un-Sourced,CAM45327 1800MAXTRAINER,Call Center Internal,8/14/2017,8/15/2017,1,1048.99
46882716,Bowflex Max Trainer,Bowflex Max Trainer,Un-Sourced,CAM45327 1800MAXTRAINER,Call Center Internal,8/14/2017,8/15/2017,1,1049.00
46882817,Bowflex Brand,Bowflex Max Trainer,Electronic - UnSourced,CAM16616 DEGBFBHG,Web,8/14/2017,8/15/2017,1,1999.00
46882817,Bowflex Brand,Treadclimber,Electronic - UnSourced,CAM16616 DEGBFBHG,Web,8/14/2017,8/15/2017,0,.00
46882925,Bowflex Max Trainer,Bowflex Max Trainer,Online Search,CAM44429 dosbiesl1,Web,8/14/2017,8/15/2017,1,1449.00
46883026,Bowflex Home Gyms,Bowflex Home Gyms,Online Display,CAM34631 SAWDODG2G,Call Center Internal,8/14/2017,8/15/2017,0,109.99
46883028,Bowflex Max Trainer,Bowflex Max Trainer,Un-Sourced,CAM45327 1800MAXTRAINER,Call Center Internal,8/14/2017,8/15/2017,1,1009.00
46883433,Bowflex Max Trainer,Bowflex Max Trainer,Online Search,CAM48984 DOSG2ESL11,Web,8/14/2017,8/15/2017,1,1999.00
46883433,Bowflex Max Trainer,Treadclimber,Online Search,CAM48984 DOSG2ESL11,Web,8/14/2017,8/15/2017,0,.00
46883433,Bowflex Max Trainer,Bowflex Max Trainer,Online Search,CAM48984 DOSG2ESL11,Web,8/14/2017,8/15/2017,0,169.00
46883533,Bowflex Brand,Bowflex Max Trainer,Electronic - UnSourced,CAM16616 DEGBFBHG,Web,8/14/2017,8/15/2017,1,1999.00
46883533,Bowflex Brand,Treadclimber,Electronic - UnSourced,CAM16616 DEGBFBHG,Web,8/14/2017,8/15/2017,0,.00
46883533,Bowflex Brand,Bowflex Max Trainer,Electronic - UnSourced,CAM16616 DEGBFBHG,Web,8/14/2017,8/15/2017,0,169.00
46883747,Bowflex Max Trainer,Bowflex Max Trainer,Online Search,CAM47150 DOSG2ESL9,Web,8/14/2017,8/15/2017,1,1999.00
46883747,Bowflex Max Trainer,Bowflex Max Trainer,Online Search,CAM47150 DOSG2ESL9,Web,8/14/2017,8/15/2017,0,159.00
46883747,Bowflex Max Trainer,Treadclimber,Online Search,CAM47150 DOSG2ESL9,Web,8/14/2017,8/15/2017,0,.00
46883747,Bowflex Max Trainer,Bowflex Max Trainer,Online Search,CAM47150 DOSG2ESL9,Web,8/14/2017,8/15/2017,0,169.00
46883850,Bowflex Max Trainer,Bowflex Max Trainer,Un-Sourced,CAM45327 1800MAXTRAINER,Call Center Internal,8/14/2017,8/15/2017,1,1046.16
46883851,Bowflex Brand,Bowflex Selecttech Dumbbells,Online Search,CAM39441 dosbigl1,Web,8/14/2017,8/15/2017,0,139.30
46883851,Bowflex Brand,Bowflex Selecttech Dumbbells,Online Search,CAM39441 dosbigl1,Web,8/14/2017,8/15/2017,1,355.40
46883851,Bowflex Brand,Bowflex Selecttech Dumbbells,Online Search,CAM39441 dosbigl1,Web,8/14/2017,8/15/2017,0,104.30
46884469,Bowflex Max Trainer,Bowflex Max Trainer,Short Form,CAM51492 BRNGN60*M350CTIC,Call Center Internal,8/14/2017,8/15/2017,1,1449.00
46884473,Bowflex Max Trainer,Bowflex Max Trainer,Un-Sourced,CAM45327 1800MAXTRAINER,Call Center Internal,8/14/2017,8/15/2017,1,1549.00
46884473,Bowflex Max Trainer,Bowflex Max Trainer,Un-Sourced,CAM45327 1800MAXTRAINER,Call Center Internal,8/14/2017,8/15/2017,0,179.00
46884474,Bowflex Selecttech Dumbbells,Bowflex Selecttech Dumbbells,Online Search,CAM30793 SAWDOSG2D,Call Center Internal,8/14/2017,8/15/2017,1,299.00
46884474,Bowflex Selecttech Dumbbells,Bowflex Selecttech Dumbbells,Online Search,CAM30793 SAWDOSG2D,Call Center Internal,8/14/2017,8/15/2017,0,139.00
46884790,Bowflex Brand,Bowflex Selecttech Dumbbells,Electronic - UnSourced,CAM16616 DEGBFBHG,Web,8/14/2017,8/15/2017,1,299.00
46884891,Bowflex Max Trainer,Bowflex Max Trainer,Online Search,CAM44497 dosg2esl1,Web,8/14/2017,8/15/2017,1,1449.00
46884993,Bowflex Brand,Bowflex Max Trainer,Online Search,CAM31081 dosg2gl1,Web,8/14/2017,8/15/2017,1,1549.00
46885094,Bowflex Brand,Bowflex Max Trainer,Electronic - UnSourced,CAM16616 DEGBFBHG,Web,8/14/2017,8/15/2017,1,2349.00
46885095,Bowflex HVT,Bowflex Max Trainer,Online Shopping,CAM50808 DOFG2HFEED1,Web,8/14/2017,8/15/2017,1,1449.00
46885537,Bowflex Max Trainer,Bowflex Max Trainer,Un-Sourced,CAM45327 1800MAXTRAINER,Call Center Internal,8/14/2017,8/15/2017,1,1999.00
46885537,Bowflex Max Trainer,Treadclimber,Un-Sourced,CAM45327 1800MAXTRAINER,Call Center Internal,8/14/2017,8/15/2017,0,.00
46885641,Results Treadmill,Results Treadmill,Un-Sourced,CAM50746 1800RESULTSTREADMILL,Call Center Internal,8/14/2017,8/15/2017,0,249.00
46885979,Treadclimber,Treadclimber,Un-Sourced,CAM40825 1800TREADCLIMBER,Call Center Internal,8/14/2017,8/15/2017,0,18.98
46885985,Bowflex Home Gyms,Bowflex Home Gyms,Un-Sourced,CAM40821 1800BOWFLEX,Call Center Internal,8/14/2017,8/15/2017,0,.00
46886090,Bowflex Max Trainer,Bowflex Max Trainer,Un-Sourced,CAM45327 1800MAXTRAINER,Call Center Internal,8/14/2017,8/15/2017,1,2099.00
46886090,Bowflex Max Trainer,Treadclimber,Un-Sourced,CAM45327 1800MAXTRAINER,Call Center Internal,8/14/2017,8/15/2017,0,.00
46886090,Bowflex Max Trainer,Bowflex Max Trainer,Un-Sourced,CAM45327 1800MAXTRAINER,Call Center Internal,8/14/2017,8/15/2017,0,169.00
46886306,Bowflex Brand,Bowflex Max Trainer,Online Search,CAM31081 dosg2gl1,Web,8/14/2017,8/15/2017,1,1999.00
46886306,Bowflex Brand,Treadclimber,Online Search,CAM31081 dosg2gl1,Web,8/14/2017,8/15/2017,0,.00
46886515,Bowflex Max Trainer,Bowflex Max Trainer,Electronic - Short Form,CAM45798 DSEESF14H,Web,8/14/2017,8/15/2017,1,1549.00
46886617,Bowflex Max Trainer,Bowflex Max Trainer,Online Shopping,CAM44887 dofg2efeed1,Web,8/14/2017,8/15/2017,1,1449.00
46886717,Bowflex Brand,Bowflex Selecttech Dumbbells,Electronic - UnSourced,CAM16616 DEGBFBHG,Web,8/14/2017,8/15/2017,1,549.00
46887021,Bowflex HVT,Bowflex HVT,Online Search,CAM50810 DOSG2HSL1,Web,8/14/2017,8/15/2017,1,1799.00
46887123,Bowflex Max Trainer,Bowflex Max Trainer,Online Search,CAM44497 dosg2esl1,Web,8/14/2017,8/15/2017,1,1549.00
46887123,Bowflex Max Trainer,Bowflex Max Trainer,Online Search,CAM44497 dosg2esl1,Web,8/14/2017,8/15/2017,0,169.00
46887223,Bowflex Max Trainer,Bowflex Max Trainer,Un-Sourced,CAM45327 1800MAXTRAINER,Call Center Internal,8/14/2017,8/15/2017,1,1549.00
46887223,Bowflex Max Trainer,Bowflex Max Trainer,Un-Sourced,CAM45327 1800MAXTRAINER,Call Center Internal,8/14/2017,8/15/2017,0,139.00
46887224,Bowflex Max Trainer,Bowflex Max Trainer,Un-Sourced,CAM45327 1800MAXTRAINER,Call Center Internal,8/14/2017,8/15/2017,1,1449.00
46887430,Bowflex Brand,Bowflex Max Trainer,Electronic - UnSourced,CAM49450 BOWWEB800,Call Center Internal,8/14/2017,8/15/2017,1,1539.30
46887430,Bowflex Brand,Treadclimber,Electronic - UnSourced,CAM49450 BOWWEB800,Call Center Internal,8/14/2017,8/15/2017,0,69.30
46887430,Bowflex Brand,Bowflex Max Trainer,Electronic - UnSourced,CAM49450 BOWWEB800,Call Center Internal,8/14/2017,8/15/2017,0,169.00
46887437,Bowflex Max Trainer,Bowflex Max Trainer,Short Form,CAM51536 FOXNN60*M350STIC,Call Center Internal,8/14/2017,8/15/2017,1,2099.00
46887437,Bowflex Max Trainer,Treadclimber,Short Form,CAM51536 FOXNN60*M350STIC,Call Center Internal,8/14/2017,8/15/2017,0,.00
46887437,Bowflex Max Trainer,Bowflex Max Trainer,Short Form,CAM51536 FOXNN60*M350STIC,Call Center Internal,8/14/2017,8/15/2017,0,169.00
46887437,Bowflex Max Trainer,Bowflex Max Trainer,Short Form,CAM51536 FOXNN60*M350STIC,Call Center Internal,8/14/2017,8/15/2017,0,219.00
46887438,Bowflex Catalog,Bowflex Max Trainer,Electronic - UnSourced,CAM127 1800BOWFLEX_BFC,Call Center Internal,8/14/2017,8/15/2017,1,2099.00
46887438,Bowflex Catalog,Bowflex Max Trainer,Electronic - UnSourced,CAM127 1800BOWFLEX_BFC,Call Center Internal,8/14/2017,8/15/2017,0,159.00
46887438,Bowflex Catalog,Treadclimber,Electronic - UnSourced,CAM127 1800BOWFLEX_BFC,Call Center Internal,8/14/2017,8/15/2017,0,.00
46888275,Bowflex Brand,Treadclimber,Electronic - UnSourced,CAM16616 DEGBFBHG,Web,8/14/2017,8/15/2017,0,37.96
46888487,Bowflex Brand,Bowflex Max Trainer,Electronic - UnSourced,CAM16616 DEGBFBHG,Web,8/14/2017,8/15/2017,1,1449.00
46888588,Bowflex Home Gyms,Bowflex Max Trainer,Un-Sourced,CAM28157 SALESFOLLOWUP,Call Center Internal,8/14/2017,8/15/2017,1,1549.00
46888694,Bowflex Selecttech Dumbbells,Bowflex Selecttech Dumbbells,Online Shopping,CAM32061 dofg2dfeed1,Web,8/14/2017,8/15/2017,1,299.00
46888795,Bowflex Max Trainer,Bowflex Max Trainer,Online Shopping,CAM44887 dofg2efeed1,Web,8/14/2017,8/15/2017,1,1449.00
46888795,Bowflex Max Trainer,Bowflex Max Trainer,Online Shopping,CAM44887 dofg2efeed1,Web,8/14/2017,8/15/2017,0,139.00
46888896,Bowflex Brand,Bowflex Home Gyms,Online Search,CAM37117 dosg2gsl27,Web,8/14/2017,8/15/2017,1,1399.00
46888896,Bowflex Brand,Bowflex Home Gyms,Online Search,CAM37117 dosg2gsl27,Web,8/14/2017,8/15/2017,0,.00
46889102,Bowflex Home Gyms,Bowflex Max Trainer,Un-Sourced,CAM28157 SALESFOLLOWUP,Call Center Internal,8/14/2017,8/15/2017,1,1449.00
46889106,Bowflex Home Gyms,Bowflex Max Trainer,Un-Sourced,CAM28157 SALESFOLLOWUP,Call Center Internal,8/14/2017,8/15/2017,0,319.00
46889108,Bowflex Brand,Bowflex Max Trainer,Online Search,CAM30796 SAWDOSG2G,Call Center Internal,8/14/2017,8/15/2017,1,1539.30
46889108,Bowflex Brand,Bowflex Max Trainer,Online Search,CAM30796 SAWDOSG2G,Call Center Internal,8/14/2017,8/15/2017,0,169.00
46889108,Bowflex Brand,Bowflex Max Trainer,Online Search,CAM30796 SAWDOSG2G,Call Center Internal,8/14/2017,8/15/2017,0,219.00
46889121,Bowflex Max Trainer,Bowflex Max Trainer,Online Shopping,CAM44887 dofg2efeed1,Web,8/14/2017,8/15/2017,1,1549.00
46889233,Bowflex Home Gyms,Bowflex Max Trainer,Un-Sourced,CAM28157 SALESFOLLOWUP,Call Center Internal,8/14/2017,8/15/2017,1,1999.00
46889233,Bowflex Home Gyms,Treadclimber,Un-Sourced,CAM28157 SALESFOLLOWUP,Call Center Internal,8/14/2017,8/15/2017,0,.00
46889636,Bowflex Catalog,Bowflex Max Trainer,Electronic - UnSourced,CAM127 1800BOWFLEX_BFC,Call Center Internal,8/14/2017,8/15/2017,1,2099.00
46889636,Bowflex Catalog,Bowflex Max Trainer,Electronic - UnSourced,CAM127 1800BOWFLEX_BFC,Call Center Internal,8/14/2017,8/15/2017,0,169.00
46889636,Bowflex Catalog,Treadclimber,Electronic - UnSourced,CAM127 1800BOWFLEX_BFC,Call Center Internal,8/14/2017,8/15/2017,0,.00
46889636,Bowflex Catalog,Bowflex Max Trainer,Electronic - UnSourced,CAM127 1800BOWFLEX_BFC,Call Center Internal,8/14/2017,8/15/2017,0,159.00
46889641,Bowflex HVT,Bowflex Max Trainer,Short Form,CAM51663 BETSN60*HVTL*TIC,Call Center Internal,8/14/2017,8/15/2017,1,1549.00
46889641,Bowflex HVT,Bowflex Max Trainer,Short Form,CAM51663 BETSN60*HVTL*TIC,Call Center Internal,8/14/2017,8/15/2017,0,139.00
46889644,Bowflex Brand,Bowflex Revolution,Online Search,CAM31081 dosg2gl1,Web,8/14/2017,8/15/2017,1,2799.00
46889644,Bowflex Brand,Bowflex Home Gyms,Online Search,CAM31081 dosg2gl1,Web,8/14/2017,8/15/2017,0,.00
46889644,Bowflex Brand,Bowflex Revolution,Online Search,CAM31081 dosg2gl1,Web,8/14/2017,8/15/2017,0,299.00
46889746,Bowflex Brand,Bowflex Max Trainer,Online Search,CAM31081 dosg2gl1,Web,8/14/2017,8/15/2017,1,1549.00
46889746,Bowflex Brand,Treadclimber,Online Search,CAM31081 dosg2gl1,Web,8/14/2017,8/15/2017,0,99.00
46889746,Bowflex Brand,Bowflex Max Trainer,Online Search,CAM31081 dosg2gl1,Web,8/14/2017,8/15/2017,0,169.00
46889846,Bowflex Brand,Bowflex Max Trainer,Electronic - UnSourced,CAM49450 BOWWEB800,Call Center Internal,8/14/2017,8/15/2017,0,219.00
46890248,Bowflex Max Trainer,Bowflex Max Trainer,Online Search,CAM44223 SAWDOSBIE,Call Center Internal,8/14/2017,8/15/2017,1,1999.00
46890248,Bowflex Max Trainer,Treadclimber,Online Search,CAM44223 SAWDOSBIE,Call Center Internal,8/14/2017,8/15/2017,0,.00
46890248,Bowflex Max Trainer,Bowflex Max Trainer,Online Search,CAM44223 SAWDOSBIE,Call Center Internal,8/14/2017,8/15/2017,0,169.00
46890248,Bowflex Max Trainer,Bowflex Max Trainer,Online Search,CAM44223 SAWDOSBIE,Call Center Internal,8/14/2017,8/15/2017,0,219.00
46890255,Bowflex Max Trainer,,Un-Sourced,CAM45327 1800MAXTRAINER,Call Center Internal,8/14/2017,8/15/2017,0,.00
46890557,Bowflex Brand,Bowflex Max Trainer,Electronic - UnSourced,CAM16616 DEGBFBHG,Web,8/14/2017,8/15/2017,1,1549.00
46890658,Bowflex Brand,Bowflex Max Trainer,Electronic - UnSourced,CAM49450 BOWWEB800,Call Center Internal,8/14/2017,8/15/2017,1,1449.00
46890658,Bowflex Brand,Bowflex Max Trainer,Electronic - UnSourced,CAM49450 BOWWEB800,Call Center Internal,8/14/2017,8/15/2017,0,179.00
46890659,Bowflex Max Trainer,Bowflex Max Trainer,Un-Sourced,CAM45327 1800MAXTRAINER,Call Center Internal,8/14/2017,8/15/2017,1,2099.00
46890659,Bowflex Max Trainer,Treadclimber,Un-Sourced,CAM45327 1800MAXTRAINER,Call Center Internal,8/14/2017,8/15/2017,0,.00
46890659,Bowflex Max Trainer,Bowflex Max Trainer,Un-Sourced,CAM45327 1800MAXTRAINER,Call Center Internal,8/14/2017,8/15/2017,0,169.00
46890660,Bowflex Brand,Bowflex Max Trainer,Electronic - UnSourced,CAM49450 BOWWEB800,Call Center Internal,8/14/2017,8/15/2017,1,1549.00
46891065,Bowflex Brand,Bowflex HVT,Electronic - UnSourced,CAM16616 DEGBFBHG,Web,8/14/2017,8/15/2017,1,1799.00
46891264,Bowflex Brand,Bowflex Selecttech Dumbbells,Un-Sourced,CAM49456 BCARECREDIT,Call Center Internal,8/14/2017,8/15/2017,1,549.00
46891265,Bowflex Brand,Bowflex Max Trainer,Electronic - UnSourced,CAM16616 DEGBFBHG,Web,8/14/2017,8/15/2017,1,1449.00
46891365,Bowflex Home Gyms,Bowflex Max Trainer,Un-Sourced,CAM28157 SALESFOLLOWUP,Call Center Internal,8/14/2017,8/15/2017,1,1449.00
46891365,Bowflex Home Gyms,Bowflex Max Trainer,Un-Sourced,CAM28157 SALESFOLLOWUP,Call Center Internal,8/14/2017,8/15/2017,0,139.00
46891767,Treadclimber,Treadclimber,Online Search,CAM45852 DOSG2TSL32,Web,8/14/2017,8/15/2017,1,1749.00
46892067,Bowflex Max Trainer,Bowflex Max Trainer,Short Form,CAM51523 IFC*N60*M350STIC,Call Center Internal,8/14/2017,8/15/2017,1,1999.00
46892067,Bowflex Max Trainer,Treadclimber,Short Form,CAM51523 IFC*N60*M350STIC,Call Center Internal,8/14/2017,8/15/2017,0,.00
46892067,Bowflex Max Trainer,Bowflex Max Trainer,Short Form,CAM51523 IFC*N60*M350STIC,Call Center Internal,8/14/2017,8/15/2017,0,169.00
46892069,Bowflex Brand,Bowflex Selecttech Dumbbells,Electronic - UnSourced,CAM16616 DEGBFBHG,Web,8/14/2017,8/15/2017,1,299.00
46892469,Bowflex Max Trainer,Bowflex Max Trainer,Short Form,CAM51525 LAFFN60*M350STIC,Call Center Internal,8/14/2017,8/15/2017,1,2099.00
46892469,Bowflex Max Trainer,Treadclimber,Short Form,CAM51525 LAFFN60*M350STIC,Call Center Internal,8/14/2017,8/15/2017,0,.00
46892469,Bowflex Max Trainer,Bowflex Max Trainer,Short Form,CAM51525 LAFFN60*M350STIC,Call Center Internal,8/14/2017,8/15/2017,0,169.00
46892571,Treadclimber,Treadclimber,Online Search,CAM37440 dosg2tsl21,Web,8/14/2017,8/15/2017,1,1749.00
46892670,Bowflex Max Trainer,Bowflex Max Trainer,Online Display,CAM50714 DODG2EDL3,Web,8/14/2017,8/15/2017,1,2099.00
46892670,Bowflex Max Trainer,Bowflex Max Trainer,Online Display,CAM50714 DODG2EDL3,Web,8/14/2017,8/15/2017,0,219.00
46892670,Bowflex Max Trainer,Treadclimber,Online Display,CAM50714 DODG2EDL3,Web,8/14/2017,8/15/2017,0,.00
46892670,Bowflex Max Trainer,Bowflex Max Trainer,Online Display,CAM50714 DODG2EDL3,Web,8/14/2017,8/15/2017,0,169.00
46892770,Bowflex Brand,Bowflex Selecttech Dumbbells,Electronic - UnSourced,CAM16616 DEGBFBHG,Web,8/14/2017,8/15/2017,1,279.00
46892970,Bowflex Max Trainer,Bowflex Max Trainer,Online Shopping,CAM44887 dofg2efeed1,Web,8/14/2017,8/15/2017,1,1549.00
46893070,Bowflex Selecttech Dumbbells,Bowflex Selecttech Dumbbells,Online Search,CAM37432 dosg2dsl18,Web,8/14/2017,8/15/2017,1,549.00
46893170,Bowflex Brand,Treadclimber,Un-Sourced,CAM49456 BCARECREDIT,Call Center Internal,8/14/2017,8/15/2017,1,2549.00
46893170,Bowflex Brand,Treadclimber,Un-Sourced,CAM49456 BCARECREDIT,Call Center Internal,8/14/2017,8/15/2017,0,99.00
46893170,Bowflex Brand,Treadclimber,Un-Sourced,CAM49456 BCARECREDIT,Call Center Internal,8/14/2017,8/15/2017,0,14.99
46893372,Bowflex Max Trainer,Bowflex Max Trainer,Short Form,CAM51580 BBCAN60*M350STIC,Call Center Internal,8/14/2017,8/15/2017,1,2099.00
46893372,Bowflex Max Trainer,Treadclimber,Short Form,CAM51580 BBCAN60*M350STIC,Call Center Internal,8/14/2017,8/15/2017,0,.00
46893375,Bowflex Max Trainer,Bowflex Max Trainer,Online Display,CAM50714 DODG2EDL3,Web,8/14/2017,8/15/2017,1,1988.00
46893375,Bowflex Max Trainer,Bowflex Max Trainer,Online Display,CAM50714 DODG2EDL3,Web,8/14/2017,8/15/2017,0,139.00
46893575,Bowflex Max Trainer,Bowflex Max Trainer,Online Display,CAM50256 DODG2EDL1,Web,8/14/2017,8/15/2017,1,1999.00
46893575,Bowflex Max Trainer,Treadclimber,Online Display,CAM50256 DODG2EDL1,Web,8/14/2017,8/15/2017,0,.00
46893775,Bowflex Brand,Bowflex Max Trainer,Online Search,CAM39441 dosbigl1,Web,8/14/2017,8/15/2017,1,1999.00
46893775,Bowflex Brand,Treadclimber,Online Search,CAM39441 dosbigl1,Web,8/14/2017,8/15/2017,0,.00
46893775,Bowflex Brand,Bowflex Max Trainer,Online Search,CAM39441 dosbigl1,Web,8/14/2017,8/15/2017,0,169.00
46893875,Bowflex Brand,Bowflex Revolution,Online Search,CAM39441 dosbigl1,Web,8/14/2017,8/15/2017,1,2799.00
46893875,Bowflex Brand,Bowflex Home Gyms,Online Search,CAM39441 dosbigl1,Web,8/14/2017,8/15/2017,0,.00
46894075,Bowflex Max Trainer,Bowflex Max Trainer,Online Shopping,CAM44887 dofg2efeed1,Web,8/14/2017,8/15/2017,1,1549.00
46894275,Bowflex Max Trainer,Bowflex Max Trainer,Online Shopping,CAM44887 dofg2efeed1,Web,8/14/2017,8/15/2017,1,1549.00
46894375,Bowflex HVT,Bowflex Home Gyms,Online Shopping,CAM50808 DOFG2HFEED1,Web,8/14/2017,8/15/2017,0,49.98
46894775,Bowflex Brand,Bowflex Selecttech Dumbbells,Online Search,CAM39441 dosbigl1,Web,8/14/2017,8/15/2017,1,299.00
46894875,Bowflex Brand,Bowflex Home Gyms,Electronic - UnSourced,CAM16616 DEGBFBHG,Web,8/14/2017,8/15/2017,1,1399.00
46894875,Bowflex Brand,Bowflex Home Gyms,Electronic - UnSourced,CAM16616 DEGBFBHG,Web,8/14/2017,8/15/2017,0,.00
46894975,Bowflex HVT,Bowflex HVT,Online Shopping,CAM50808 DOFG2HFEED1,Web,8/14/2017,8/15/2017,1,1799.00
46894975,Bowflex HVT,Bowflex HVT,Online Shopping,CAM50808 DOFG2HFEED1,Web,8/14/2017,8/15/2017,0,139.00
46895075,Bowflex Brand,Bowflex Home Gyms,Online Search,CAM31081 dosg2gl1,Web,8/14/2017,8/15/2017,1,1399.00
46895075,Bowflex Brand,Bowflex Home Gyms,Online Search,CAM31081 dosg2gl1,Web,8/14/2017,8/15/2017,0,.00
46895075,Bowflex Brand,Bowflex Home Gyms,Online Search,CAM31081 dosg2gl1,Web,8/14/2017,8/15/2017,0,139.99
46895275,Bowflex Selecttech Dumbbells,Bowflex Selecttech Dumbbells,Online Search,CAM37432 dosg2dsl18,Web,8/14/2017,8/15/2017,1,299.00
46895275,Bowflex Selecttech Dumbbells,Bowflex Selecttech Dumbbells,Online Search,CAM37432 dosg2dsl18,Web,8/14/2017,8/15/2017,0,29.00
46895475,Bowflex Brand,Bowflex Home Gyms,Online Search,CAM39441 dosbigl1,Web,8/14/2017,8/15/2017,0,23.98
46895575,Bowflex Brand,Bowflex HVT,Electronic - UnSourced,CAM16616 DEGBFBHG,Web,8/14/2017,8/15/2017,1,1799.00
46895875,Bowflex Brand,Bowflex Max Trainer,Electronic - UnSourced,CAM16616 DEGBFBHG,Web,8/14/2017,8/15/2017,1,1449.00
46895875,Bowflex Brand,Bowflex Max Trainer,Electronic - UnSourced,CAM16616 DEGBFBHG,Web,8/14/2017,8/15/2017,0,179.00
46895975,Bowflex Brand,Bowflex Max Trainer,Electronic - UnSourced,CAM16616 DEGBFBHG,Web,8/14/2017,8/15/2017,1,1549.00
46896875,Bowflex Brand,Bowflex Max Trainer,Online Search,CAM39441 dosbigl1,Web,8/14/2017,8/15/2017,1,1549.00
46896975,Results Treadmill,Bowflex Max Trainer,Online Search,CAM50820 DOSG2BXTSL2,Web,8/14/2017,8/15/2017,1,1999.00
46896975,Results Treadmill,Bowflex Max Trainer,Online Search,CAM50820 DOSG2BXTSL2,Web,8/14/2017,8/15/2017,0,159.00
46896975,Results Treadmill,Treadclimber,Online Search,CAM50820 DOSG2BXTSL2,Web,8/14/2017,8/15/2017,0,.00
46896975,Results Treadmill,Bowflex Max Trainer,Online Search,CAM50820 DOSG2BXTSL2,Web,8/14/2017,8/15/2017,0,169.00
46897175,Bowflex Brand,Treadclimber,Electronic - UnSourced,CAM16616 DEGBFBHG,Web,8/14/2017,8/15/2017,0,18.98
46897275,Bowflex Brand,Bowflex Max Trainer,Online Search,CAM31081 dosg2gl1,Web,8/14/2017,8/15/2017,1,1449.00
46897575,Bowflex Max Trainer,Bowflex Max Trainer,Online Shopping,CAM44887 dofg2efeed1,Web,8/14/2017,8/15/2017,1,1549.00
46897575,Bowflex Max Trainer,Bowflex Max Trainer,Online Shopping,CAM44887 dofg2efeed1,Web,8/14/2017,8/15/2017,0,169.00
46898076,Bowflex Brand,Bowflex HVT,Electronic - UnSourced,CAM16616 DEGBFBHG,Web,8/14/2017,8/16/2017,1,1799.00
