Bowflex Max Trainer,Online Search,CAM44520 dosbiegl1mx,Web,8/24/2015,8/27/2015,1,1599.00
Bowflex Max Trainer,Online Shopping,CAM44887 dofg2efeed1,Web,8/24/2015,8/27/2015,10,15053.73
Bowflex Max Trainer,Online Search,CAM45009 dosg2eml1,Web,8/24/2015,8/27/2015,2,3198.00
Bowflex Max Trainer,Electronic - Short Form,CAM45387 DSEESF14E,Web,8/24/2015,8/27/2015,1,1499.00
Bowflex Max Trainer,Online Search,CAM45730 DOSG2ESL7,Web,8/24/2015,8/27/2015,2,3098.00
Bowflex Max Trainer,Online Search,CAM45732 DOSBIESL7,Web,8/24/2015,8/27/2015,1,1599.00
Bowflex Max Trainer,Electronic - Short Form,CAM45798 DSEESF14H,Web,8/24/2015,8/27/2015,2,3198.00
Bowflex Max Trainer,Online Search,CAM47150 DOSG2ESL9,Web,8/24/2015,8/27/2015,2,3198.00
Bowflex Max Trainer,Online Video,CAM47248 DOVTMEVL1,Web,8/24/2015,8/27/2015,2,2698.00
Bowflex Max Trainer,Online Display,CAM47251 DODCTOEDL2,Web,8/24/2015,8/27/2015,5,7395.00
Bowflex Max Trainer,Online Display,CAM47847 DODFBKEDL2,Web,8/24/2015,8/27/2015,1,1599.00
Bowflex Max Trainer,Online Social,CAM47987 DOXFBESCL001,Web,8/24/2015,8/27/2015,1,1599.00
Bowflex Max Trainer,Online Social,CAM48003 DOXFBECAD2,Web,8/24/2015,8/27/2015,3,2727.90
Bowflex Max Trainer,Online Social,CAM48050 DOXFBESCL005,Web,8/24/2015,8/27/2015,1,1599.00
Bowflex Max Trainer,Online Search,CAM44223 SAWDOSBIE,Call Center Internal,8/24/2015,8/28/2015,5,5895.00
Bowflex Max Trainer,Online Search,CAM44230 SAWDOSG2E,Call Center Internal,8/24/2015,8/28/2015,7,12993.20
Bowflex Max Trainer,Electronic - UnSourced,CAM44236 SAWMAX,Call Center Internal,8/24/2015,8/28/2015,5,7215.30
Bowflex Max Trainer,Online Search,CAM44429 dosbiesl1,Call Center Internal,8/24/2015,8/28/2015,1,1599.00
Bowflex Max Trainer,Online Search,CAM44539 SAWDOSG2EMOBILE2,Call Center Internal,8/24/2015,8/28/2015,1,1499.00
Bowflex Max Trainer,Online Social,CAM44544 SAWDOXFBE,Call Center Internal,8/24/2015,8/28/2015,1,1499.00
Bowflex Max Trainer,Electronic - UnSourced,CAM44626 1800BOWFLEX_BMT,Call Center Internal,8/24/2015,8/28/2015,4,6296.00
Bowflex Max Trainer,Online Shopping,CAM45043 SAWDOFG2E,Call Center Internal,8/24/2015,8/28/2015,4,5596.00
Bowflex Max Trainer,Un-Sourced,CAM45327 1800MAXTRAINER,Call Center Internal,8/24/2015,8/28/2015,12,17108.30
Bowflex Max Trainer,Short Form,CAM47363 VEL*N180HAMF*TIC,Call Center Internal,8/24/2015,8/28/2015,2,2362.43
Bowflex Max Trainer,Short Form,CAM47836 OWN*N180HAMF*TIC,Call Center Internal,8/24/2015,8/28/2015,1,1599.00
Bowflex Max Trainer,Online Search,CAM44539 SAWDOSG2EMOBILE2,Third Party Call Center - Evolve,8/24/2015,8/28/2015,1,999.00
Bowflex Max Trainer,Electronic - Short Form,CAM44172 dseesf14a,Web,8/24/2015,8/28/2015,2,2598.00
Bowflex Max Trainer,Electronic - Short Form,CAM44191 dseesf14d,Web,8/24/2015,8/28/2015,1,1499.00
Bowflex Max Trainer,Online Search,CAM44429 dosbiesl1,Web,8/24/2015,8/28/2015,7,11393.00
Bowflex Max Trainer,Electronic - UnSourced,CAM44433 dege1sitemx,Web,8/24/2015,8/28/2015,16,23884.00
Bowflex Max Trainer,Online Search,CAM44435 dosg2egl1mx,Web,8/24/2015,8/28/2015,7,10743.00
Bowflex Max Trainer,Online Search,CAM44497 dosg2esl1,Web,8/24/2015,8/28/2015,12,17851.73
Bowflex Max Trainer,Online Search,CAM44520 dosbiegl1mx,Web,8/24/2015,8/28/2015,2,2098.00
Bowflex Max Trainer,Online Shopping,CAM44887 dofg2efeed1,Web,8/24/2015,8/28/2015,10,14490.00
Bowflex Max Trainer,Online Shopping,CAM44897 dofpgefeed1,Web,8/24/2015,8/28/2015,1,999.00
Bowflex Max Trainer,Online Search,CAM44952 dosbieml1,Web,8/24/2015,8/28/2015,1,1599.00
Bowflex Max Trainer,Online Search,CAM45009 dosg2eml1,Web,8/24/2015,8/28/2015,3,4697.00
Bowflex Max Trainer,Electronic - Short Form,CAM45388 DSEESF14F,Web,8/24/2015,8/28/2015,1,1499.00
Bowflex Max Trainer,Online Search,CAM45730 DOSG2ESL7,Web,8/24/2015,8/28/2015,3,4947.00
Bowflex Max Trainer,Electronic - Short Form,CAM45798 DSEESF14H,Web,8/24/2015,8/28/2015,3,4497.00
Bowflex Max Trainer,Online Social,CAM45898 DOXFBERESPONSE,Web,8/24/2015,8/28/2015,1,1599.00
Bowflex Max Trainer,Online Search,CAM47150 DOSG2ESL9,Web,8/24/2015,8/28/2015,1,1599.00
Bowflex Max Trainer,Online Search,CAM47151 DOSG2EML2,Web,8/24/2015,8/28/2015,2,3198.00
Bowflex Max Trainer,Online Video,CAM47248 DOVTMEVL1,Web,8/24/2015,8/28/2015,1,1599.00
Bowflex Max Trainer,Online Display,CAM47251 DODCTOEDL2,Web,8/24/2015,8/28/2015,6,8894.00
Bowflex Max Trainer,Online Social,CAM47987 DOXFBESCL001,Web,8/24/2015,8/28/2015,2,3198.00
Bowflex Max Trainer,Online Social,CAM48003 DOXFBECAD2,Web,8/24/2015,8/28/2015,1,1599.00
Bowflex Max Trainer,Online Social,CAM48049 DOXFBESCL004,Web,8/24/2015,8/28/2015,1,1099.00
Bowflex Max Trainer,Electronic - UnSourced,CAM43897 degemax_BMT,Call Center Internal,8/24/2015,8/29/2015,4,1283.70
Bowflex Max Trainer,Online Search,CAM44230 SAWDOSG2E,Call Center Internal,8/24/2015,8/29/2015,7,9493.00
Bowflex Max Trainer,Electronic - UnSourced,CAM44236 SAWMAX,Call Center Internal,8/24/2015,8/29/2015,18,25606.95
Bowflex Max Trainer,Online Social,CAM44544 SAWDOXFBE,Call Center Internal,8/24/2015,8/29/2015,3,4217.30
Bowflex Max Trainer,Electronic - UnSourced,CAM44626 1800BOWFLEX_BMT,Call Center Internal,8/24/2015,8/29/2015,1,1099.00
Bowflex Max Trainer,Online Search,CAM45009 dosg2eml1,Call Center Internal,8/24/2015,8/29/2015,1,1099.00
Bowflex Max Trainer,Online Shopping,CAM45043 SAWDOFG2E,Call Center Internal,8/24/2015,8/29/2015,2,3348.00
Bowflex Max Trainer,Online Shopping,CAM45045 SAWDOFPGE,Call Center Internal,8/24/2015,8/29/2015,1,1599.00
Bowflex Max Trainer,Un-Sourced,CAM45327 1800MAXTRAINER,Call Center Internal,8/24/2015,8/29/2015,3,4697.00
Bowflex Max Trainer,Short Form,CAM47197 IFC*N120HAMBYTIC,Call Center Internal,8/24/2015,8/29/2015,1,1499.00
Bowflex Max Trainer,Online Display,CAM47239 SAWDODCTOE,Call Center Internal,8/24/2015,8/29/2015,2,3098.00
Bowflex Max Trainer,Short Form,CAM47688 JUSTN120HAMBYTIC,Call Center Internal,8/24/2015,8/29/2015,1,1499.00
Bowflex Max Trainer,Short Form,CAM47835 SUNDN180HAMF*TIC,Call Center Internal,8/24/2015,8/29/2015,1,1499.00
Bowflex Max Trainer,Online Social,CAM47987 DOXFBESCL001,Call Center Internal,8/24/2015,8/29/2015,1,1499.00
Bowflex Max Trainer,Electronic - UnSourced,CAM44236 SAWMAX,Third Party Call Center - Evolve,8/24/2015,8/29/2015,1,863.42
Bowflex Max Trainer,Short Form,CAM47393 PIVTN180HAMF*TIC,Third Party Call Center - Evolve,8/24/2015,8/29/2015,1,1499.00
Bowflex Max Trainer,Electronic - Short Form,CAM44172 dseesf14a,Web,8/24/2015,8/29/2015,1,1099.00
Bowflex Max Trainer,Online Search,CAM44429 dosbiesl1,Web,8/24/2015,8/29/2015,4,6046.00
Bowflex Max Trainer,Electronic - UnSourced,CAM44433 dege1sitemx,Web,8/24/2015,8/29/2015,22,30378.00
Bowflex Max Trainer,Online Search,CAM44435 dosg2egl1mx,Web,8/24/2015,8/29/2015,13,20487.00
Bowflex Max Trainer,Online Search,CAM44497 dosg2esl1,Web,8/24/2015,8/29/2015,8,11992.00
Bowflex Max Trainer,Online Search,CAM44520 dosbiegl1mx,Web,8/24/2015,8/29/2015,2,2198.00
Bowflex Max Trainer,Online Shopping,CAM44887 dofg2efeed1,Web,8/24/2015,8/29/2015,8,12592.00
Bowflex Max Trainer,Online Search,CAM44952 dosbieml1,Web,8/24/2015,8/29/2015,1,1599.00
Bowflex Max Trainer,Online Search,CAM45009 dosg2eml1,Web,8/24/2015,8/29/2015,1,1599.00
Bowflex Max Trainer,Online Search,CAM45729 DOSG2ESL6,Web,8/24/2015,8/29/2015,1,1099.00
Bowflex Max Trainer,Online Search,CAM45730 DOSG2ESL7,Web,8/24/2015,8/29/2015,1,1599.00
Bowflex Max Trainer,Online Search,CAM47150 DOSG2ESL9,Web,8/24/2015,8/29/2015,2,2698.00
Bowflex Max Trainer,Online Search,CAM47151 DOSG2EML2,Web,8/24/2015,8/29/2015,1,1749.00
Bowflex Max Trainer,Online Video,CAM47248 DOVTMEVL1,Web,8/24/2015,8/29/2015,3,4797.00
Bowflex Max Trainer,Online Display,CAM47251 DODCTOEDL2,Web,8/24/2015,8/29/2015,7,11243.00
Bowflex Max Trainer,Online Social,CAM47987 DOXFBESCL001,Web,8/24/2015,8/29/2015,4,6396.00
Bowflex Max Trainer,Online Social,CAM48050 DOXFBESCL005,Web,8/24/2015,8/29/2015,3,4197.00
Bowflex Max Trainer,Electronic - Short Form,CAM44215 SAWDSEESF14A,Call Center Internal,8/24/2015,8/30/2015,1,1499.00
Bowflex Max Trainer,Online Search,CAM44223 SAWDOSBIE,Call Center Internal,8/24/2015,8/30/2015,2,3098.00
Bowflex Max Trainer,Online Search,CAM44230 SAWDOSG2E,Call Center Internal,8/24/2015,8/30/2015,4,5060.43
Bowflex Max Trainer,Electronic - UnSourced,CAM44236 SAWMAX,Call Center Internal,8/24/2015,8/30/2015,9,12216.95
Bowflex Max Trainer,Electronic - UnSourced,CAM44626 1800BOWFLEX_BMT,Call Center Internal,8/24/2015,8/30/2015,6,8394.00
Bowflex Max Trainer,Online Shopping,CAM45043 SAWDOFG2E,Call Center Internal,8/24/2015,8/30/2015,1,1599.00
Bowflex Max Trainer,Un-Sourced,CAM45327 1800MAXTRAINER,Call Center Internal,8/24/2015,8/30/2015,10,14290.00
Bowflex Max Trainer,Short Form,CAM47950 DISNN60*HAMF*TIC,Call Center Internal,8/24/2015,8/30/2015,1,1499.00
Bowflex Max Trainer,Online Search,CAM44230 SAWDOSG2E,Third Party Call Center - Evolve,8/24/2015,8/30/2015,1,999.00
Bowflex Max Trainer,Electronic - Short Form,CAM44172 dseesf14a,Web,8/24/2015,8/30/2015,5,7745.00
Bowflex Max Trainer,Electronic - Short Form,CAM44191 dseesf14d,Web,8/24/2015,8/30/2015,3,4097.00
Bowflex Max Trainer,Online Search,CAM44429 dosbiesl1,Web,8/24/2015,8/30/2015,16,20335.80
Bowflex Max Trainer,Electronic - UnSourced,CAM44433 dege1sitemx,Web,8/24/2015,8/30/2015,24,35726.00
Bowflex Max Trainer,Online Search,CAM44435 dosg2egl1mx,Web,8/24/2015,8/30/2015,3,4297.00
Bowflex Max Trainer,Online Search,CAM44497 dosg2esl1,Web,8/24/2015,8/30/2015,16,23598.43
Bowflex Max Trainer,Online Search,CAM44520 dosbiegl1mx,Web,8/24/2015,8/30/2015,4,6296.00
Bowflex Max Trainer,Online Search,CAM44551 dosg2esl4,Web,8/24/2015,8/30/2015,1,1599.00
Bowflex Max Trainer,Online Shopping,CAM44887 dofg2efeed1,Web,8/24/2015,8/30/2015,22,30782.11
Bowflex Max Trainer,Online Shopping,CAM44897 dofpgefeed1,Web,8/24/2015,8/30/2015,2,1962.43
Bowflex Max Trainer,Online Search,CAM44952 dosbieml1,Web,8/24/2015,8/30/2015,2,3198.00
Bowflex Max Trainer,Online Search,CAM45009 dosg2eml1,Web,8/24/2015,8/30/2015,5,7395.00
Bowflex Max Trainer,Online Search,CAM45729 DOSG2ESL6,Web,8/24/2015,8/30/2015,1,1099.00
Bowflex Max Trainer,Online Search,CAM45730 DOSG2ESL7,Web,8/24/2015,8/30/2015,2,2611.73
Bowflex Max Trainer,Online Search,CAM45732 DOSBIESL7,Web,8/24/2015,8/30/2015,1,1599.00
Bowflex Max Trainer,Online Search,CAM47150 DOSG2ESL9,Web,8/24/2015,8/30/2015,5,6895.00
Bowflex Max Trainer,Online Search,CAM47151 DOSG2EML2,Web,8/24/2015,8/30/2015,1,1599.00
Bowflex Max Trainer,Online Search,CAM47152 DOSBIESL8,Web,8/24/2015,8/30/2015,2,2111.73
Bowflex Max Trainer,Online Search,CAM47153 DOSBIEML2,Web,8/24/2015,8/30/2015,1,1599.00
Bowflex Max Trainer,Online Video,CAM47248 DOVTMEVL1,Web,8/24/2015,8/30/2015,3,3377.90
Bowflex Max Trainer,Online Display,CAM47251 DODCTOEDL2,Web,8/24/2015,8/30/2015,14,19686.00
Bowflex Max Trainer,Online Video,CAM47606 DOVHULUEVL5,Web,8/24/2015,8/30/2015,1,1499.00
Bowflex Max Trainer,Online Social,CAM47987 DOXFBESCL001,Web,8/24/2015,8/30/2015,2,2698.00
Bowflex Max Trainer,Online Social,CAM48003 DOXFBECAD2,Web,8/24/2015,8/30/2015,2,2598.00
Bowflex Max Trainer,Electronic - Short Form,CAM44215 SAWDSEESF14A,Call Center Internal,8/31/2015,8/31/2015,1,.00
Bowflex Max Trainer,Online Search,CAM44223 SAWDOSBIE,Call Center Internal,8/31/2015,8/31/2015,2,2938.10
Bowflex Max Trainer,Online Search,CAM44230 SAWDOSG2E,Call Center Internal,8/31/2015,8/31/2015,7,10393.00
Bowflex Max Trainer,Electronic - UnSourced,CAM44236 SAWMAX,Call Center Internal,8/31/2015,8/31/2015,8,12192.00
Bowflex Max Trainer,Online Search,CAM44429 dosbiesl1,Call Center Internal,8/31/2015,8/31/2015,1,1499.00
Bowflex Max Trainer,Online Search,CAM44539 SAWDOSG2EMOBILE2,Call Center Internal,8/31/2015,8/31/2015,1,1499.00
Bowflex Max Trainer,Online Social,CAM44544 SAWDOXFBE,Call Center Internal,8/31/2015,8/31/2015,3,4582.00
Bowflex Max Trainer,Electronic - UnSourced,CAM44626 1800BOWFLEX_BMT,Call Center Internal,8/31/2015,8/31/2015,13,17612.95
Bowflex Max Trainer,Online Shopping,CAM45043 SAWDOFG2E,Call Center Internal,8/31/2015,8/31/2015,1,999.00
Bowflex Max Trainer,Un-Sourced,CAM45327 1800MAXTRAINER,Call Center Internal,8/31/2015,8/31/2015,23,31467.00
Bowflex Max Trainer,Short Form,CAM47197 IFC*N120HAMBYTIC,Call Center Internal,8/31/2015,8/31/2015,1,1599.00
Bowflex Max Trainer,Online Display,CAM47239 SAWDODCTOE,Call Center Internal,8/31/2015,8/31/2015,1,1599.00
Bowflex Max Trainer,Short Form,CAM47291 DISMN60*HAMF*TIC,Call Center Internal,8/31/2015,8/31/2015,1,1599.00
Bowflex Max Trainer,Short Form,CAM47362 H2**N180HAMF*TIC,Call Center Internal,8/31/2015,8/31/2015,1,1499.00
Bowflex Max Trainer,Short Form,CAM47611 CORTN0*HAMF*TIC,Call Center Internal,8/31/2015,8/31/2015,1,699.30
Bowflex Max Trainer,Electronic - Short Form,CAM44172 dseesf14a,Web,8/31/2015,8/31/2015,1,1499.00
Bowflex Max Trainer,Electronic - Short Form,CAM44191 dseesf14d,Web,8/31/2015,8/31/2015,1,1499.00
Bowflex Max Trainer,Online Search,CAM44429 dosbiesl1,Web,8/31/2015,8/31/2015,5,3826.90
Bowflex Max Trainer,Electronic - UnSourced,CAM44433 dege1sitemx,Web,8/31/2015,8/31/2015,24,27864.48
Bowflex Max Trainer,Online Search,CAM44435 dosg2egl1mx,Web,8/31/2015,8/31/2015,7,10193.00
Bowflex Max Trainer,Online Search,CAM44497 dosg2esl1,Web,8/31/2015,8/31/2015,13,17812.95
Bowflex Max Trainer,Online Search,CAM44520 dosbiegl1mx,Web,8/31/2015,8/31/2015,4,4616.53
Bowflex Max Trainer,Online Search,CAM44551 dosg2esl4,Web,8/31/2015,8/31/2015,2,3198.00
Bowflex Max Trainer,Online Shopping,CAM44887 dofg2efeed1,Web,8/31/2015,8/31/2015,13,18150.73
Bowflex Max Trainer,Online Shopping,CAM44897 dofpgefeed1,Web,8/31/2015,8/31/2015,1,1099.00
Bowflex Max Trainer,Online Search,CAM45009 dosg2eml1,Web,8/31/2015,8/31/2015,4,5896.00
Bowflex Max Trainer,Online Search,CAM45729 DOSG2ESL6,Web,8/31/2015,8/31/2015,3,3097.00
Bowflex Max Trainer,Online Search,CAM45730 DOSG2ESL7,Web,8/31/2015,8/31/2015,1,1599.00
Bowflex Max Trainer,Online Search,CAM45732 DOSBIESL7,Web,8/31/2015,8/31/2015,1,1449.00
Bowflex Max Trainer,Online Display,CAM45736 DODRFEDL3,Web,8/31/2015,8/31/2015,1,1599.00
Bowflex Max Trainer,Electronic - Short Form,CAM45798 DSEESF14H,Web,8/31/2015,8/31/2015,1,1749.00
Bowflex Max Trainer,Online Search,CAM47150 DOSG2ESL9,Web,8/31/2015,8/31/2015,2,3198.00
Bowflex Max Trainer,Online Search,CAM47152 DOSBIESL8,Web,8/31/2015,8/31/2015,1,1012.73
Bowflex Max Trainer,Online Video,CAM47248 DOVTMEVL1,Web,8/31/2015,8/31/2015,1,1099.00
Bowflex Max Trainer,Online Display,CAM47251 DODCTOEDL2,Web,8/31/2015,8/31/2015,10,13190.00
Bowflex Max Trainer,Online Social,CAM47987 DOXFBESCL001,Web,8/31/2015,8/31/2015,1,1599.00
Bowflex Max Trainer,Online Social,CAM48049 DOXFBESCL004,Web,8/31/2015,8/31/2015,3,4297.00
Bowflex Max Trainer,Online Social,CAM48050 DOXFBESCL005,Web,8/31/2015,8/31/2015,1,1599.00
Bowflex Max Trainer,Online Search,CAM44223 SAWDOSBIE,Call Center Internal,8/31/2015,9/1/2015,1,1499.00
Bowflex Max Trainer,Online Search,CAM44230 SAWDOSG2E,Call Center Internal,8/31/2015,9/1/2015,6,9244.00
Bowflex Max Trainer,Electronic - UnSourced,CAM44236 SAWMAX,Call Center Internal,8/31/2015,9/1/2015,9,13240.00
Bowflex Max Trainer,Electronic - UnSourced,CAM44626 1800BOWFLEX_BMT,Call Center Internal,8/31/2015,9/1/2015,8,12032.10
Bowflex Max Trainer,Un-Sourced,CAM45327 1800MAXTRAINER,Call Center Internal,8/31/2015,9/1/2015,16,22784.00
Bowflex Max Trainer,Online Social,CAM45898 DOXFBERESPONSE,Call Center Internal,8/31/2015,9/1/2015,1,1119.30
Bowflex Max Trainer,Short Form,CAM46908 FOX*NVODNOTSTTIC,Call Center Internal,8/31/2015,9/1/2015,1,1749.00
Bowflex Max Trainer,Short Form,CAM47193 VEL*N120HAMBYTIC,Call Center Internal,8/31/2015,9/1/2015,1,1499.00
Bowflex Max Trainer,Short Form,CAM47197 IFC*N120HAMBYTIC,Call Center Internal,8/31/2015,9/1/2015,1,1099.00
Bowflex Max Trainer,Online Display,CAM47239 SAWDODCTOE,Call Center Internal,8/31/2015,9/1/2015,1,1499.00
Bowflex Max Trainer,Short Form,CAM47611 CORTN0*HAMF*TIC,Call Center Internal,8/31/2015,9/1/2015,1,1099.00
Bowflex Max Trainer,Short Form,CAM47903 CMSYL60*HAMF*TIC,Call Center Internal,8/31/2015,9/1/2015,1,1599.00
Bowflex Max Trainer,Online Social,CAM48049 DOXFBESCL004,Call Center Internal,8/31/2015,9/1/2015,1,1599.00
Bowflex Max Trainer,Online Search,CAM44230 SAWDOSG2E,Third Party Call Center - Evolve,8/31/2015,9/1/2015,1,1449.00
Bowflex Max Trainer,Electronic - UnSourced,CAM44236 SAWMAX,Third Party Call Center - Evolve,8/31/2015,9/1/2015,2,2948.00
Bowflex Max Trainer,Electronic - Short Form,CAM44191 dseesf14d,Web,8/31/2015,9/1/2015,1,1499.00
Bowflex Max Trainer,Online Search,CAM44429 dosbiesl1,Web,8/31/2015,9/1/2015,7,10843.00
Bowflex Max Trainer,Electronic - UnSourced,CAM44433 dege1sitemx,Web,8/31/2015,9/1/2015,12,18088.00
Bowflex Max Trainer,Online Search,CAM44435 dosg2egl1mx,Web,8/31/2015,9/1/2015,7,10002.02
Bowflex Max Trainer,Online Search,CAM44497 dosg2esl1,Web,8/31/2015,9/1/2015,12,17988.00
Bowflex Max Trainer,Online Search,CAM44520 dosbiegl1mx,Web,8/31/2015,9/1/2015,2,3198.00
Bowflex Max Trainer,Online Search,CAM44560 dosg2esl5,Web,8/31/2015,9/1/2015,1,1599.00
Bowflex Max Trainer,Online Shopping,CAM44887 dofg2efeed1,Web,8/31/2015,9/1/2015,16,23534.00
Bowflex Max Trainer,Online Shopping,CAM44897 dofpgefeed1,Web,8/31/2015,9/1/2015,1,999.00
Bowflex Max Trainer,Online Search,CAM45009 dosg2eml1,Web,8/31/2015,9/1/2015,11,15739.00
Bowflex Max Trainer,Online Search,CAM45730 DOSG2ESL7,Web,8/31/2015,9/1/2015,3,4847.00
Bowflex Max Trainer,Online Search,CAM45732 DOSBIESL7,Web,8/31/2015,9/1/2015,1,1599.00
Bowflex Max Trainer,Online Search,CAM47150 DOSG2ESL9,Web,8/31/2015,9/1/2015,2,2698.00
Bowflex Max Trainer,Online Search,CAM47152 DOSBIESL8,Web,8/31/2015,9/1/2015,2,1998.00
Bowflex Max Trainer,Online Video,CAM47248 DOVTMEVL1,Web,8/31/2015,9/1/2015,1,1599.00
Bowflex Max Trainer,Online Display,CAM47251 DODCTOEDL2,Web,8/31/2015,9/1/2015,8,11692.00
Bowflex Max Trainer,Online Social,CAM47987 DOXFBESCL001,Web,8/31/2015,9/1/2015,3,1748.80
Bowflex Max Trainer,Online Social,CAM47988 DOXFBESCL002,Web,8/31/2015,9/1/2015,1,1599.00
Bowflex Max Trainer,Online Social,CAM48003 DOXFBECAD2,Web,8/31/2015,9/1/2015,2,2698.00
Bowflex Max Trainer,Online Social,CAM48049 DOXFBESCL004,Web,8/31/2015,9/1/2015,1,1599.00
Bowflex Max Trainer,Electronic - Short Form,CAM44172 dseesf14a,Call Center Internal,8/31/2015,9/2/2015,1,1499.00
Bowflex Max Trainer,Online Search,CAM44223 SAWDOSBIE,Call Center Internal,8/31/2015,9/2/2015,2,3198.00
Bowflex Max Trainer,Online Search,CAM44230 SAWDOSG2E,Call Center Internal,8/31/2015,9/2/2015,5,6695.00
Bowflex Max Trainer,Electronic - UnSourced,CAM44236 SAWMAX,Call Center Internal,8/31/2015,9/2/2015,13,15507.30
Bowflex Max Trainer,Short Form,CAM44405 SPKEN120BFMAXTIC,Call Center Internal,8/31/2015,9/2/2015,1,1499.00
Bowflex Max Trainer,Electronic - UnSourced,CAM44626 1800BOWFLEX_BMT,Call Center Internal,8/31/2015,9/2/2015,5,7015.30
Bowflex Max Trainer,Online Search,CAM44952 dosbieml1,Call Center Internal,8/31/2015,9/2/2015,1,1499.00
Bowflex Max Trainer,Online Search,CAM45009 dosg2eml1,Call Center Internal,8/31/2015,9/2/2015,1,1599.00
Bowflex Max Trainer,Online Shopping,CAM45043 SAWDOFG2E,Call Center Internal,8/31/2015,9/2/2015,1,1599.00
Bowflex Max Trainer,Un-Sourced,CAM45327 1800MAXTRAINER,Call Center Internal,8/31/2015,9/2/2015,20,29279.00
Bowflex Max Trainer,Electronic - Short Form,CAM45798 DSEESF14H,Call Center Internal,8/31/2015,9/2/2015,1,1368.30
Bowflex Max Trainer,Online Display,CAM47251 DODCTOEDL2,Call Center Internal,8/31/2015,9/2/2015,1,1599.00
Bowflex Max Trainer,Short Form,CAM47362 H2**N180HAMF*TIC,Call Center Internal,8/31/2015,9/2/2015,2,2998.00
Bowflex Max Trainer,Short Form,CAM47386 WNATN120HAMBYTIC,Call Center Internal,8/31/2015,9/2/2015,1,2999.00
Bowflex Max Trainer,Short Form,CAM47835 SUNDN180HAMF*TIC,Call Center Internal,8/31/2015,9/2/2015,1,1499.00
Bowflex Max Trainer,Electronic - UnSourced,CAM44236 SAWMAX,Third Party Call Center - Evolve,8/31/2015,9/2/2015,1,1449.00
Bowflex Max Trainer,Online Search,CAM44429 dosbiesl1,Web,8/31/2015,9/2/2015,5,5320.95
Bowflex Max Trainer,Electronic - UnSourced,CAM44433 dege1sitemx,Web,8/31/2015,9/2/2015,14,21386.00
Bowflex Max Trainer,Online Search,CAM44435 dosg2egl1mx,Web,8/31/2015,9/2/2015,9,12741.00
Bowflex Max Trainer,Online Search,CAM44497 dosg2esl1,Web,8/31/2015,9/2/2015,3,4097.00
Bowflex Max Trainer,Online Search,CAM44520 dosbiegl1mx,Web,8/31/2015,9/2/2015,1,1599.00
Bowflex Max Trainer,Online Search,CAM44560 dosg2esl5,Web,8/31/2015,9/2/2015,2,1128.90
Bowflex Max Trainer,Online Shopping,CAM44887 dofg2efeed1,Web,8/31/2015,9/2/2015,14,17937.02
Bowflex Max Trainer,Online Search,CAM45009 dosg2eml1,Web,8/31/2015,9/2/2015,2,3248.00
Bowflex Max Trainer,Electronic - Short Form,CAM45388 DSEESF14F,Web,8/31/2015,9/2/2015,1,1499.00
Bowflex Max Trainer,Online Search,CAM45729 DOSG2ESL6,Web,8/31/2015,9/2/2015,2,2598.00
Bowflex Max Trainer,Online Search,CAM45730 DOSG2ESL7,Web,8/31/2015,9/2/2015,4,6396.00
Bowflex Max Trainer,Online Display,CAM45736 DODRFEDL3,Web,8/31/2015,9/2/2015,1,1599.00
Bowflex Max Trainer,Electronic - Short Form,CAM45800 DSEESF14J,Web,8/31/2015,9/2/2015,1,1099.00
Bowflex Max Trainer,Online Search,CAM47150 DOSG2ESL9,Web,8/31/2015,9/2/2015,3,4797.00
Bowflex Max Trainer,Online Search,CAM47151 DOSG2EML2,Web,8/31/2015,9/2/2015,1,1599.00
Bowflex Max Trainer,Online Search,CAM47152 DOSBIESL8,Web,8/31/2015,9/2/2015,1,1099.00
Bowflex Max Trainer,Online Video,CAM47248 DOVTMEVL1,Web,8/31/2015,9/2/2015,1,1599.00
Bowflex Max Trainer,Online Display,CAM47251 DODCTOEDL2,Web,8/31/2015,9/2/2015,3,4197.00
Bowflex Max Trainer,Online Video,CAM47606 DOVHULUEVL5,Web,8/31/2015,9/2/2015,1,1599.00
Bowflex Max Trainer,Online Social,CAM47987 DOXFBESCL001,Web,8/31/2015,9/2/2015,2,1623.95
Bowflex Max Trainer,Online Social,CAM48050 DOXFBESCL005,Web,8/31/2015,9/2/2015,4,3726.90
Bowflex Max Trainer,Online Search,CAM44223 SAWDOSBIE,Call Center Internal,8/31/2015,9/3/2015,2,3098.00
Bowflex Max Trainer,Online Search,CAM44230 SAWDOSG2E,Call Center Internal,8/31/2015,9/3/2015,4,4221.95
Bowflex Max Trainer,Electronic - UnSourced,CAM44236 SAWMAX,Call Center Internal,8/31/2015,9/3/2015,12,16563.95
Bowflex Max Trainer,Electronic - UnSourced,CAM44433 dege1sitemx,Call Center Internal,8/31/2015,9/3/2015,1,1099.00
Bowflex Max Trainer,Electronic - UnSourced,CAM44626 1800BOWFLEX_BMT,Call Center Internal,8/31/2015,9/3/2015,5,6895.00
Bowflex Max Trainer,Online Shopping,CAM45043 SAWDOFG2E,Call Center Internal,8/31/2015,9/3/2015,1,1599.00
Bowflex Max Trainer,Un-Sourced,CAM45327 1800MAXTRAINER,Call Center Internal,8/31/2015,9/3/2015,15,19775.60
Bowflex Max Trainer,Short Form,CAM47197 IFC*N120HAMBYTIC,Call Center Internal,8/31/2015,9/3/2015,1,1599.00
Bowflex Max Trainer,Short Form,CAM47361 PUREN180HAMF*TIC,Call Center Internal,8/31/2015,9/3/2015,1,1499.00
Bowflex Max Trainer,Short Form,CAM47363 VEL*N180HAMF*TIC,Call Center Internal,8/31/2015,9/3/2015,1,999.00
Bowflex Max Trainer,Electronic - Short Form,CAM44172 dseesf14a,Web,8/31/2015,9/3/2015,2,2998.00
Bowflex Max Trainer,Electronic - Short Form,CAM44213 dseesf14b,Web,8/31/2015,9/3/2015,1,1099.00
Bowflex Max Trainer,Online Search,CAM44429 dosbiesl1,Web,8/31/2015,9/3/2015,6,8994.00
Bowflex Max Trainer,Electronic - UnSourced,CAM44433 dege1sitemx,Web,8/31/2015,9/3/2015,18,27682.00
Bowflex Max Trainer,Online Search,CAM44435 dosg2egl1mx,Web,8/31/2015,9/3/2015,8,11842.00
Bowflex Max Trainer,Online Search,CAM44497 dosg2esl1,Web,8/31/2015,9/3/2015,12,17188.00
Bowflex Max Trainer,Online Search,CAM44520 dosbiegl1mx,Web,8/31/2015,9/3/2015,4,5396.00
Bowflex Max Trainer,Online Shopping,CAM44887 dofg2efeed1,Web,8/31/2015,9/3/2015,15,21598.73
Bowflex Max Trainer,Online Search,CAM45009 dosg2eml1,Web,8/31/2015,9/3/2015,2,1778.90
Bowflex Max Trainer,Online Video,CAM45400 DOVHULUEVL1,Web,8/31/2015,9/3/2015,1,1749.00
Bowflex Max Trainer,Electronic - Short Form,CAM45798 DSEESF14H,Web,8/31/2015,9/3/2015,1,1499.00
Bowflex Max Trainer,Electronic - Short Form,CAM45800 DSEESF14J,Web,8/31/2015,9/3/2015,1,1499.00
Bowflex Max Trainer,Online Search,CAM47150 DOSG2ESL9,Web,8/31/2015,9/3/2015,1,1599.00
Bowflex Max Trainer,Online Search,CAM47151 DOSG2EML2,Web,8/31/2015,9/3/2015,1,1599.00
Bowflex Max Trainer,Online Video,CAM47248 DOVTMEVL1,Web,8/31/2015,9/3/2015,1,1599.00
Bowflex Max Trainer,Online Display,CAM47251 DODCTOEDL2,Web,8/31/2015,9/3/2015,2,3248.00
Bowflex Max Trainer,Online Social,CAM47987 DOXFBESCL001,Web,8/31/2015,9/3/2015,1,1599.00
Bowflex Max Trainer,Online Social,CAM48049 DOXFBESCL004,Web,8/31/2015,9/3/2015,1,1099.00
Bowflex Max Trainer,Electronic - Short Form,CAM44191 dseesf14d,Call Center Internal,8/31/2015,9/4/2015,1,1099.00
Bowflex Max Trainer,Electronic - Short Form,CAM44215 SAWDSEESF14A,Call Center Internal,8/31/2015,9/4/2015,2,1499.00
Bowflex Max Trainer,Online Search,CAM44223 SAWDOSBIE,Call Center Internal,8/31/2015,9/4/2015,3,4197.00
Bowflex Max Trainer,Online Search,CAM44230 SAWDOSG2E,Call Center Internal,8/31/2015,9/4/2015,2,2598.00
Bowflex Max Trainer,Electronic - UnSourced,CAM44236 SAWMAX,Call Center Internal,8/31/2015,9/4/2015,5,7215.30
Bowflex Max Trainer,Electronic - UnSourced,CAM44433 dege1sitemx,Call Center Internal,8/31/2015,9/4/2015,1,1748.00
Bowflex Max Trainer,Online Search,CAM44497 dosg2esl1,Call Center Internal,8/31/2015,9/4/2015,1,1599.00
Bowflex Max Trainer,Online Social,CAM44544 SAWDOXFBE,Call Center Internal,8/31/2015,9/4/2015,2,2478.45
Bowflex Max Trainer,Electronic - UnSourced,CAM44626 1800BOWFLEX_BMT,Call Center Internal,8/31/2015,9/4/2015,4,6296.00
Bowflex Max Trainer,Online Shopping,CAM45043 SAWDOFG2E,Call Center Internal,8/31/2015,9/4/2015,3,4797.00
Bowflex Max Trainer,Un-Sourced,CAM45327 1800MAXTRAINER,Call Center Internal,8/31/2015,9/4/2015,13,20187.10
Bowflex Max Trainer,Short Form,CAM47195 SPKEN120HAMBYTIC,Call Center Internal,8/31/2015,9/4/2015,1,1099.00
Bowflex Max Trainer,Online Display,CAM47239 SAWDODCTOE,Call Center Internal,8/31/2015,9/4/2015,1,1599.00
Bowflex Max Trainer,Short Form,CAM47363 VEL*N180HAMF*TIC,Call Center Internal,8/31/2015,9/4/2015,1,1099.00
Bowflex Max Trainer,Electronic - Short Form,CAM44172 dseesf14a,Web,8/31/2015,9/4/2015,1,1499.00
Bowflex Max Trainer,Electronic - Short Form,CAM44191 dseesf14d,Web,8/31/2015,9/4/2015,1,1499.00
Bowflex Max Trainer,Online Search,CAM44429 dosbiesl1,Web,8/31/2015,9/4/2015,6,8994.00
Bowflex Max Trainer,Electronic - UnSourced,CAM44433 dege1sitemx,Web,8/31/2015,9/4/2015,8,11692.00
Bowflex Max Trainer,Online Search,CAM44435 dosg2egl1mx,Web,8/31/2015,9/4/2015,4,6396.00
Bowflex Max Trainer,Online Search,CAM44497 dosg2esl1,Web,8/31/2015,9/4/2015,10,13590.00
Bowflex Max Trainer,Online Shopping,CAM44887 dofg2efeed1,Web,8/31/2015,9/4/2015,13,16600.73
Bowflex Max Trainer,Online Search,CAM44952 dosbieml1,Web,8/31/2015,9/4/2015,1,1599.00
Bowflex Max Trainer,Online Search,CAM45009 dosg2eml1,Web,8/31/2015,9/4/2015,3,4947.00
Bowflex Max Trainer,Online Search,CAM45729 DOSG2ESL6,Web,8/31/2015,9/4/2015,1,1099.00
Bowflex Max Trainer,Online Search,CAM45730 DOSG2ESL7,Web,8/31/2015,9/4/2015,2,3198.00
Bowflex Max Trainer,Online Search,CAM47150 DOSG2ESL9,Web,8/31/2015,9/4/2015,2,3198.00
Bowflex Max Trainer,Online Video,CAM47248 DOVTMEVL1,Web,8/31/2015,9/4/2015,2,3198.00
Bowflex Max Trainer,Online Display,CAM47251 DODCTOEDL2,Web,8/31/2015,9/4/2015,6,8994.00
Bowflex Max Trainer,Online Social,CAM47987 DOXFBESCL001,Web,8/31/2015,9/4/2015,1,1599.00
Bowflex Max Trainer,Online Social,CAM48050 DOXFBESCL005,Web,8/31/2015,9/4/2015,2,3198.00
Bowflex Max Trainer,Online Search,CAM44223 SAWDOSBIE,Call Center Internal,8/31/2015,9/5/2015,2,2698.00
Bowflex Max Trainer,Online Search,CAM44230 SAWDOSG2E,Call Center Internal,8/31/2015,9/5/2015,3,4197.00
Bowflex Max Trainer,Electronic - UnSourced,CAM44236 SAWMAX,Call Center Internal,8/31/2015,9/5/2015,5,6245.15
Bowflex Max Trainer,Electronic - UnSourced,CAM44433 dege1sitemx,Call Center Internal,8/31/2015,9/5/2015,1,1599.00
Bowflex Max Trainer,Electronic - UnSourced,CAM44626 1800BOWFLEX_BMT,Call Center Internal,8/31/2015,9/5/2015,2,2998.00
Bowflex Max Trainer,Un-Sourced,CAM45327 1800MAXTRAINER,Call Center Internal,8/31/2015,9/5/2015,11,16409.30
Bowflex Max Trainer,Electronic - Short Form,CAM45800 DSEESF14J,Call Center Internal,8/31/2015,9/5/2015,1,1599.00
Bowflex Max Trainer,Short Form,CAM47195 SPKEN120HAMBYTIC,Call Center Internal,8/31/2015,9/5/2015,2,3098.00
Bowflex Max Trainer,Short Form,CAM47197 IFC*N120HAMBYTIC,Call Center Internal,8/31/2015,9/5/2015,1,1599.00
Bowflex Max Trainer,Short Form,CAM47198 ION*N120HAMBYTIC,Call Center Internal,8/31/2015,9/5/2015,1,1599.00
Bowflex Max Trainer,Online Display,CAM47239 SAWDODCTOE,Call Center Internal,8/31/2015,9/5/2015,1,1499.00
Bowflex Max Trainer,Short Form,CAM47393 PIVTN180HAMF*TIC,Call Center Internal,8/31/2015,9/5/2015,1,1499.00
Bowflex Max Trainer,Short Form,CAM47899 CMACL60*HAMF*TIC,Call Center Internal,8/31/2015,9/5/2015,1,1099.00
Bowflex Max Trainer,Electronic - UnSourced,CAM44236 SAWMAX,Third Party Call Center - Evolve,8/31/2015,9/5/2015,1,1499.00
Bowflex Max Trainer,Electronic - Short Form,CAM44172 dseesf14a,Web,8/31/2015,9/5/2015,5,6270.95
Bowflex Max Trainer,Online Search,CAM44429 dosbiesl1,Web,8/31/2015,9/5/2015,5,6259.42
Bowflex Max Trainer,Electronic - UnSourced,CAM44433 dege1sitemx,Web,8/31/2015,9/5/2015,18,25982.00
Bowflex Max Trainer,Online Search,CAM44435 dosg2egl1mx,Web,8/31/2015,9/5/2015,6,8993.00
Bowflex Max Trainer,Online Search,CAM44497 dosg2esl1,Web,8/31/2015,9/5/2015,11,16939.00
Bowflex Max Trainer,Online Search,CAM44520 dosbiegl1mx,Web,8/31/2015,9/5/2015,2,2198.00
Bowflex Max Trainer,Online Search,CAM44567 dosg2esl3,Web,8/31/2015,9/5/2015,1,1099.00
Bowflex Max Trainer,Online Shopping,CAM44887 dofg2efeed1,Web,8/31/2015,9/5/2015,11,17039.00
Bowflex Max Trainer,Online Search,CAM44952 dosbieml1,Web,8/31/2015,9/5/2015,2,3198.00
Bowflex Max Trainer,Online Search,CAM45009 dosg2eml1,Web,8/31/2015,9/5/2015,1,1599.00
Bowflex Max Trainer,Electronic - Print,CAM45563 DPEEPRINT14D,Web,8/31/2015,9/5/2015,1,1499.00
Bowflex Max Trainer,Online Search,CAM47150 DOSG2ESL9,Web,8/31/2015,9/5/2015,5,5970.95
Bowflex Max Trainer,Online Video,CAM47248 DOVTMEVL1,Web,8/31/2015,9/5/2015,2,3198.00
Bowflex Max Trainer,Online Display,CAM47251 DODCTOEDL2,Web,8/31/2015,9/5/2015,10,13290.00
Bowflex Max Trainer,Online Social,CAM47987 DOXFBESCL001,Web,8/31/2015,9/5/2015,1,1599.00
Bowflex Max Trainer,Online Social,CAM48050 DOXFBESCL005,Web,8/31/2015,9/5/2015,2,3198.00
Bowflex Max Trainer,Online Search,CAM44223 SAWDOSBIE,Call Center Internal,8/31/2015,9/6/2015,1,1099.00
Bowflex Max Trainer,Online Search,CAM44230 SAWDOSG2E,Call Center Internal,8/31/2015,9/6/2015,2,3098.00
Bowflex Max Trainer,Electronic - UnSourced,CAM44236 SAWMAX,Call Center Internal,8/31/2015,9/6/2015,7,10893.00
Bowflex Max Trainer,Online Search,CAM44539 SAWDOSG2EMOBILE2,Call Center Internal,8/31/2015,9/6/2015,2,2698.00
Bowflex Max Trainer,Electronic - UnSourced,CAM44626 1800BOWFLEX_BMT,Call Center Internal,8/31/2015,9/6/2015,4,5346.15
Bowflex Max Trainer,Online Shopping,CAM45043 SAWDOFG2E,Call Center Internal,8/31/2015,9/6/2015,3,3447.15
Bowflex Max Trainer,Un-Sourced,CAM45327 1800MAXTRAINER,Call Center Internal,8/31/2015,9/6/2015,20,27091.35
Bowflex Max Trainer,Electronic - Print,CAM45563 DPEEPRINT14D,Call Center Internal,8/31/2015,9/6/2015,1,1599.00
Bowflex Max Trainer,Online Video,CAM47238 SAWDOVTME,Call Center Internal,8/31/2015,9/6/2015,1,1499.00
Bowflex Max Trainer,Electronic - Short Form,CAM44172 dseesf14a,Web,8/31/2015,9/6/2015,4,5596.00
Bowflex Max Trainer,Electronic - Short Form,CAM44191 dseesf14d,Web,8/31/2015,9/6/2015,2,2998.00
Bowflex Max Trainer,Online Search,CAM44429 dosbiesl1,Web,8/31/2015,9/6/2015,7,9493.00
Bowflex Max Trainer,Electronic - UnSourced,CAM44433 dege1sitemx,Web,8/31/2015,9/6/2015,17,24034.90
Bowflex Max Trainer,Online Search,CAM44435 dosg2egl1mx,Web,8/31/2015,9/6/2015,2,2698.00
Bowflex Max Trainer,Online Search,CAM44497 dosg2esl1,Web,8/31/2015,9/6/2015,19,26995.43
Bowflex Max Trainer,Online Search,CAM44520 dosbiegl1mx,Web,8/31/2015,9/6/2015,5,7645.00
Bowflex Max Trainer,Online Search,CAM44560 dosg2esl5,Web,8/31/2015,9/6/2015,1,1499.00
Bowflex Max Trainer,Online Search,CAM44565 dosbiesl5,Web,8/31/2015,9/6/2015,1,1099.00
Bowflex Max Trainer,Online Shopping,CAM44887 dofg2efeed1,Web,8/31/2015,9/6/2015,11,16039.00
Bowflex Max Trainer,Online Search,CAM44952 dosbieml1,Web,8/31/2015,9/6/2015,1,1599.00
Bowflex Max Trainer,Online Search,CAM45009 dosg2eml1,Web,8/31/2015,9/6/2015,2,2498.00
Bowflex Max Trainer,Online Search,CAM45730 DOSG2ESL7,Web,8/31/2015,9/6/2015,2,3198.00
Bowflex Max Trainer,Online Search,CAM45731 DOSBIESL6,Web,8/31/2015,9/6/2015,1,1599.00
Bowflex Max Trainer,Online Search,CAM45732 DOSBIESL7,Web,8/31/2015,9/6/2015,1,1599.00
Bowflex Max Trainer,Online Display,CAM45736 DODRFEDL3,Web,8/31/2015,9/6/2015,1,1599.00
Bowflex Max Trainer,Electronic - Short Form,CAM45798 DSEESF14H,Web,8/31/2015,9/6/2015,1,1099.00
Bowflex Max Trainer,Online Search,CAM47150 DOSG2ESL9,Web,8/31/2015,9/6/2015,2,3198.00
Bowflex Max Trainer,Online Video,CAM47248 DOVTMEVL1,Web,8/31/2015,9/6/2015,1,1599.00
Bowflex Max Trainer,Online Display,CAM47251 DODCTOEDL2,Web,8/31/2015,9/6/2015,2,3198.00
Bowflex Max Trainer,Online Social,CAM48003 DOXFBECAD2,Web,8/31/2015,9/6/2015,4,6546.00
Bowflex Max Trainer,Electronic - Short Form,CAM44218 SAWDSEESF14D,Call Center Internal,9/7/2015,9/7/2015,1,1499.00
Bowflex Max Trainer,Online Search,CAM44223 SAWDOSBIE,Call Center Internal,9/7/2015,9/7/2015,2,2048.00
Bowflex Max Trainer,Online Search,CAM44230 SAWDOSG2E,Call Center Internal,9/7/2015,9/7/2015,6,8794.00
Bowflex Max Trainer,Electronic - UnSourced,CAM44236 SAWMAX,Call Center Internal,9/7/2015,9/7/2015,11,15889.00
Bowflex Max Trainer,Electronic - UnSourced,CAM44433 dege1sitemx,Call Center Internal,9/7/2015,9/7/2015,1,1499.00
Bowflex Max Trainer,Electronic - UnSourced,CAM44626 1800BOWFLEX_BMT,Call Center Internal,9/7/2015,9/7/2015,9,8719.00
Bowflex Max Trainer,Online Shopping,CAM45045 SAWDOFPGE,Call Center Internal,9/7/2015,9/7/2015,1,999.00
Bowflex Max Trainer,Un-Sourced,CAM45327 1800MAXTRAINER,Call Center Internal,9/7/2015,9/7/2015,18,25762.45
Bowflex Max Trainer,Online Display,CAM45736 DODRFEDL3,Call Center Internal,9/7/2015,9/7/2015,1,1499.00
Bowflex Max Trainer,Short Form,CAM47362 H2**N180HAMF*TIC,Call Center Internal,9/7/2015,9/7/2015,2,3098.00
Bowflex Max Trainer,Short Form,CAM47363 VEL*N180HAMF*TIC,Call Center Internal,9/7/2015,9/7/2015,1,1499.00
Bowflex Max Trainer,Short Form,CAM47833 GRITN120HAMBYTIC,Call Center Internal,9/7/2015,9/7/2015,1,1599.00
Bowflex Max Trainer,Short Form,CAM47836 OWN*N180HAMF*TIC,Call Center Internal,9/7/2015,9/7/2015,1,1599.00
Bowflex Max Trainer,Online Display,CAM45900 SAWDODADCE,Third Party Call Center - Evolve,9/7/2015,9/7/2015,1,1499.00
Bowflex Max Trainer,Electronic - Short Form,CAM44172 dseesf14a,Web,9/7/2015,9/7/2015,2,2998.00
Bowflex Max Trainer,Electronic - Short Form,CAM44191 dseesf14d,Web,9/7/2015,9/7/2015,3,4097.00
Bowflex Max Trainer,Online Search,CAM44429 dosbiesl1,Web,9/7/2015,9/7/2015,17,24162.90
Bowflex Max Trainer,Electronic - UnSourced,CAM44433 dege1sitemx,Web,9/7/2015,9/7/2015,23,32427.00
Bowflex Max Trainer,Online Search,CAM44435 dosg2egl1mx,Web,9/7/2015,9/7/2015,15,21360.95
Bowflex Max Trainer,Online Search,CAM44497 dosg2esl1,Web,9/7/2015,9/7/2015,20,21385.40
Bowflex Max Trainer,Online Search,CAM44520 dosbiegl1mx,Web,9/7/2015,9/7/2015,5,6395.00
Bowflex Max Trainer,Online Search,CAM44551 dosg2esl4,Web,9/7/2015,9/7/2015,1,1599.00
Bowflex Max Trainer,Online Shopping,CAM44887 dofg2efeed1,Web,9/7/2015,9/7/2015,14,20686.00
Bowflex Max Trainer,Online Shopping,CAM44897 dofpgefeed1,Web,9/7/2015,9/7/2015,3,4797.00
Bowflex Max Trainer,Online Search,CAM44952 dosbieml1,Web,9/7/2015,9/7/2015,3,3222.95
Bowflex Max Trainer,Online Search,CAM45009 dosg2eml1,Web,9/7/2015,9/7/2015,7,10091.00
Bowflex Max Trainer,Electronic - Short Form,CAM45388 DSEESF14F,Web,9/7/2015,9/7/2015,1,1099.00
Bowflex Max Trainer,Online Search,CAM45729 DOSG2ESL6,Web,9/7/2015,9/7/2015,2,2198.00
Bowflex Max Trainer,Online Search,CAM45730 DOSG2ESL7,Web,9/7/2015,9/7/2015,4,6296.00
Bowflex Max Trainer,Online Search,CAM45732 DOSBIESL7,Web,9/7/2015,9/7/2015,1,1599.00
Bowflex Max Trainer,Online Search,CAM47150 DOSG2ESL9,Web,9/7/2015,9/7/2015,3,4297.00
Bowflex Max Trainer,Online Search,CAM47151 DOSG2EML2,Web,9/7/2015,9/7/2015,1,1599.00
Bowflex Max Trainer,Online Search,CAM47152 DOSBIESL8,Web,9/7/2015,9/7/2015,1,1599.00
Bowflex Max Trainer,Online Video,CAM47248 DOVTMEVL1,Web,9/7/2015,9/7/2015,1,1599.00
Bowflex Max Trainer,Online Display,CAM47251 DODCTOEDL2,Web,9/7/2015,9/7/2015,4,5946.00
Bowflex Max Trainer,Online Social,CAM48003 DOXFBECAD2,Web,9/7/2015,9/7/2015,3,4797.00
Bowflex Max Trainer,Online Social,CAM48049 DOXFBESCL004,Web,9/7/2015,9/7/2015,1,1599.00
Bowflex Max Trainer,Online Social,CAM48050 DOXFBESCL005,Web,9/7/2015,9/7/2015,1,1499.00
Bowflex Max Trainer,Online Search,CAM44223 SAWDOSBIE,Call Center Internal,9/7/2015,9/8/2015,1,1499.00
Bowflex Max Trainer,Online Search,CAM44230 SAWDOSG2E,Call Center Internal,9/7/2015,9/8/2015,9,12411.30
Bowflex Max Trainer,Electronic - UnSourced,CAM44236 SAWMAX,Call Center Internal,9/7/2015,9/8/2015,9,13111.30
Bowflex Max Trainer,Electronic - UnSourced,CAM44433 dege1sitemx,Call Center Internal,9/7/2015,9/8/2015,1,1599.00
Bowflex Max Trainer,Electronic - UnSourced,CAM44626 1800BOWFLEX_BMT,Call Center Internal,9/7/2015,9/8/2015,7,11893.10
Bowflex Max Trainer,Online Search,CAM44952 dosbieml1,Call Center Internal,9/7/2015,9/8/2015,1,1499.00
Bowflex Max Trainer,Un-Sourced,CAM45327 1800MAXTRAINER,Call Center Internal,9/7/2015,9/8/2015,19,27881.40
Bowflex Max Trainer,Short Form,CAM47195 SPKEN120HAMBYTIC,Call Center Internal,9/7/2015,9/8/2015,1,1099.00
Bowflex Max Trainer,Online Display,CAM47239 SAWDODCTOE,Call Center Internal,9/7/2015,9/8/2015,1,1599.00
Bowflex Max Trainer,Short Form,CAM47193 VEL*N120HAMBYTIC,Third Party Call Center - Evolve,9/7/2015,9/8/2015,1,1449.00
Bowflex Max Trainer,Online Search,CAM44429 dosbiesl1,Web,9/7/2015,9/8/2015,8,12592.00
Bowflex Max Trainer,Electronic - UnSourced,CAM44433 dege1sitemx,Web,9/7/2015,9/8/2015,18,25857.95
Bowflex Max Trainer,Online Search,CAM44435 dosg2egl1mx,Web,9/7/2015,9/8/2015,6,9144.00
Bowflex Max Trainer,Online Search,CAM44497 dosg2esl1,Web,9/7/2015,9/8/2015,7,10143.00
Bowflex Max Trainer,Online Search,CAM44520 dosbiegl1mx,Web,9/7/2015,9/8/2015,2,3198.00
Bowflex Max Trainer,Online Search,CAM44551 dosg2esl4,Web,9/7/2015,9/8/2015,2,3098.00
Bowflex Max Trainer,Online Shopping,CAM44887 dofg2efeed1,Web,9/7/2015,9/8/2015,9,13791.00
Bowflex Max Trainer,Online Shopping,CAM44897 dofpgefeed1,Web,9/7/2015,9/8/2015,1,1099.00
Bowflex Max Trainer,Online Search,CAM44952 dosbieml1,Web,9/7/2015,9/8/2015,1,1599.00
Bowflex Max Trainer,Online Video,CAM44987 dovg2evl2,Web,9/7/2015,9/8/2015,1,1599.00
Bowflex Max Trainer,Online Search,CAM45009 dosg2eml1,Web,9/7/2015,9/8/2015,3,4697.00
Bowflex Max Trainer,Online Search,CAM45730 DOSG2ESL7,Web,9/7/2015,9/8/2015,4,6396.00
Bowflex Max Trainer,Online Search,CAM47150 DOSG2ESL9,Web,9/7/2015,9/8/2015,2,3198.00
Bowflex Max Trainer,Online Video,CAM47248 DOVTMEVL1,Web,9/7/2015,9/8/2015,1,1599.00
Bowflex Max Trainer,Online Display,CAM47251 DODCTOEDL2,Web,9/7/2015,9/8/2015,4,6296.00
Bowflex Max Trainer,Online Social,CAM47987 DOXFBESCL001,Web,9/7/2015,9/8/2015,1,1099.00
Bowflex Max Trainer,Online Social,CAM48049 DOXFBESCL004,Web,9/7/2015,9/8/2015,1,1599.00
Bowflex Max Trainer,Online Social,CAM48050 DOXFBESCL005,Web,9/7/2015,9/8/2015,3,4847.00
Bowflex Max Trainer,Electronic - Short Form,CAM44215 SAWDSEESF14A,Call Center Internal,9/7/2015,9/9/2015,1,.00
Bowflex Max Trainer,Online Search,CAM44223 SAWDOSBIE,Call Center Internal,9/7/2015,9/9/2015,1,1599.00
Bowflex Max Trainer,Online Search,CAM44230 SAWDOSG2E,Call Center Internal,9/7/2015,9/9/2015,6,8814.30
Bowflex Max Trainer,Electronic - UnSourced,CAM44236 SAWMAX,Call Center Internal,9/7/2015,9/9/2015,9,14191.00
Bowflex Max Trainer,Online Search,CAM44520 dosbiegl1mx,Call Center Internal,9/7/2015,9/9/2015,3,4097.00
Bowflex Max Trainer,Online Social,CAM44544 SAWDOXFBE,Call Center Internal,9/7/2015,9/9/2015,1,1099.00
Bowflex Max Trainer,Electronic - UnSourced,CAM44626 1800BOWFLEX_BMT,Call Center Internal,9/7/2015,9/9/2015,11,15958.30
Bowflex Max Trainer,Online Shopping,CAM45043 SAWDOFG2E,Call Center Internal,9/7/2015,9/9/2015,1,1599.00
Bowflex Max Trainer,Un-Sourced,CAM45327 1800MAXTRAINER,Call Center Internal,9/7/2015,9/9/2015,14,19175.40
Bowflex Max Trainer,Electronic - Short Form,CAM45800 DSEESF14J,Call Center Internal,9/7/2015,9/9/2015,1,1499.00
Bowflex Max Trainer,Short Form,CAM47835 SUNDN180HAMF*TIC,Call Center Internal,9/7/2015,9/9/2015,1,1099.00
Bowflex Max Trainer,Short Form,CAM48041 RS**L120HAMBYTIC,Call Center Internal,9/7/2015,9/9/2015,1,1499.00
Bowflex Max Trainer,Online Search,CAM44230 SAWDOSG2E,Third Party Call Center - Evolve,9/7/2015,9/9/2015,1,999.00
Bowflex Max Trainer,Electronic - Short Form,CAM44172 dseesf14a,Web,9/7/2015,9/9/2015,2,2498.00
Bowflex Max Trainer,Electronic - Short Form,CAM44191 dseesf14d,Web,9/7/2015,9/9/2015,1,1499.00
Bowflex Max Trainer,Online Search,CAM44429 dosbiesl1,Web,9/7/2015,9/9/2015,10,12354.43
Bowflex Max Trainer,Electronic - UnSourced,CAM44433 dege1sitemx,Web,9/7/2015,9/9/2015,15,22235.00
Bowflex Max Trainer,Online Search,CAM44435 dosg2egl1mx,Web,9/7/2015,9/9/2015,10,16140.00
Bowflex Max Trainer,Online Search,CAM44497 dosg2esl1,Web,9/7/2015,9/9/2015,11,15002.73
Bowflex Max Trainer,Online Search,CAM44520 dosbiegl1mx,Web,9/7/2015,9/9/2015,3,4697.00
Bowflex Max Trainer,Online Search,CAM44565 dosbiesl5,Web,9/7/2015,9/9/2015,1,1749.00
Bowflex Max Trainer,Online Shopping,CAM44887 dofg2efeed1,Web,9/7/2015,9/9/2015,6,9894.00
Bowflex Max Trainer,Online Search,CAM44952 dosbieml1,Web,9/7/2015,9/9/2015,1,1599.00
Bowflex Max Trainer,Online Search,CAM45009 dosg2eml1,Web,9/7/2015,9/9/2015,5,6259.43
Bowflex Max Trainer,Electronic - Short Form,CAM45387 DSEESF14E,Web,9/7/2015,9/9/2015,1,1499.00
Bowflex Max Trainer,Online Search,CAM45730 DOSG2ESL7,Web,9/7/2015,9/9/2015,2,3348.00
Bowflex Max Trainer,Online Search,CAM45732 DOSBIESL7,Web,9/7/2015,9/9/2015,1,1599.00
Bowflex Max Trainer,Online Search,CAM47150 DOSG2ESL9,Web,9/7/2015,9/9/2015,3,4297.00
Bowflex Max Trainer,Online Search,CAM47151 DOSG2EML2,Web,9/7/2015,9/9/2015,1,1749.00
Bowflex Max Trainer,Online Search,CAM47152 DOSBIESL8,Web,9/7/2015,9/9/2015,1,1099.00
Bowflex Max Trainer,Online Display,CAM47251 DODCTOEDL2,Web,9/7/2015,9/9/2015,7,10643.00
Bowflex Max Trainer,Online Social,CAM48050 DOXFBESCL005,Web,9/7/2015,9/9/2015,1,1599.00
Bowflex Max Trainer,Electronic - Short Form,CAM44215 SAWDSEESF14A,Call Center Internal,9/7/2015,9/10/2015,1,349.00
Bowflex Max Trainer,Online Search,CAM44223 SAWDOSBIE,Call Center Internal,9/7/2015,9/10/2015,1,1599.00
Bowflex Max Trainer,Online Search,CAM44230 SAWDOSG2E,Call Center Internal,9/7/2015,9/10/2015,3,2577.90
Bowflex Max Trainer,Electronic - UnSourced,CAM44236 SAWMAX,Call Center Internal,9/7/2015,9/10/2015,13,19936.00
Bowflex Max Trainer,Online Search,CAM44539 SAWDOSG2EMOBILE2,Call Center Internal,9/7/2015,9/10/2015,1,1499.00
Bowflex Max Trainer,Online Social,CAM44544 SAWDOXFBE,Call Center Internal,9/7/2015,9/10/2015,3,2948.00
Bowflex Max Trainer,Electronic - UnSourced,CAM44626 1800BOWFLEX_BMT,Call Center Internal,9/7/2015,9/10/2015,7,8613.60
Bowflex Max Trainer,Un-Sourced,CAM45327 1800MAXTRAINER,Call Center Internal,9/7/2015,9/10/2015,17,24283.00
Bowflex Max Trainer,Short Form,CAM47192 SUNDN120HAMBYTIC,Call Center Internal,9/7/2015,9/10/2015,1,1599.00
Bowflex Max Trainer,Short Form,CAM47363 VEL*N180HAMF*TIC,Call Center Internal,9/7/2015,9/10/2015,1,1499.00
Bowflex Max Trainer,Online Search,CAM44230 SAWDOSG2E,Third Party Call Center - Evolve,9/7/2015,9/10/2015,1,1099.00
Bowflex Max Trainer,Electronic - UnSourced,CAM44236 SAWMAX,Third Party Call Center - Evolve,9/7/2015,9/10/2015,1,1599.00
Bowflex Max Trainer,Electronic - Short Form,CAM44172 dseesf14a,Web,9/7/2015,9/10/2015,1,1599.00
Bowflex Max Trainer,Electronic - Short Form,CAM44187 dseesf14c,Web,9/7/2015,9/10/2015,1,1499.00
Bowflex Max Trainer,Electronic - Short Form,CAM44191 dseesf14d,Web,9/7/2015,9/10/2015,1,1499.00
Bowflex Max Trainer,Online Search,CAM44429 dosbiesl1,Web,9/7/2015,9/10/2015,5,6745.00
Bowflex Max Trainer,Electronic - UnSourced,CAM44433 dege1sitemx,Web,9/7/2015,9/10/2015,18,18312.70
Bowflex Max Trainer,Online Search,CAM44435 dosg2egl1mx,Web,9/7/2015,9/10/2015,4,6046.00
Bowflex Max Trainer,Online Search,CAM44497 dosg2esl1,Web,9/7/2015,9/10/2015,9,13191.00
Bowflex Max Trainer,Online Search,CAM44520 dosbiegl1mx,Web,9/7/2015,9/10/2015,3,4797.00
Bowflex Max Trainer,Online Search,CAM44560 dosg2esl5,Web,9/7/2015,9/10/2015,1,1499.00
Bowflex Max Trainer,Online Shopping,CAM44887 dofg2efeed1,Web,9/7/2015,9/10/2015,13,21237.00
Bowflex Max Trainer,Online Search,CAM45009 dosg2eml1,Web,9/7/2015,9/10/2015,7,10693.00
Bowflex Max Trainer,Online Search,CAM45729 DOSG2ESL6,Web,9/7/2015,9/10/2015,2,1998.00
Bowflex Max Trainer,Online Search,CAM45730 DOSG2ESL7,Web,9/7/2015,9/10/2015,1,1599.00
Bowflex Max Trainer,Online Display,CAM45736 DODRFEDL3,Web,9/7/2015,9/10/2015,1,1099.00
Bowflex Max Trainer,Online Search,CAM47151 DOSG2EML2,Web,9/7/2015,9/10/2015,1,1499.00
Bowflex Max Trainer,Online Search,CAM47152 DOSBIESL8,Web,9/7/2015,9/10/2015,1,1599.00
Bowflex Max Trainer,Online Video,CAM47248 DOVTMEVL1,Web,9/7/2015,9/10/2015,2,3198.00
Bowflex Max Trainer,Online Display,CAM47251 DODCTOEDL2,Web,9/7/2015,9/10/2015,13,19837.00
Bowflex Max Trainer,Online Display,CAM47940 DODFBKEDL5,Web,9/7/2015,9/10/2015,1,1599.00
Bowflex Max Trainer,Online Social,CAM48049 DOXFBESCL004,Web,9/7/2015,9/10/2015,2,2698.00
Bowflex Max Trainer,Online Social,CAM48050 DOXFBESCL005,Web,9/7/2015,9/10/2015,3,3022.95
Bowflex Max Trainer,Online Search,CAM44223 SAWDOSBIE,Call Center Internal,9/7/2015,9/11/2015,3,3797.00
Bowflex Max Trainer,Online Search,CAM44230 SAWDOSG2E,Call Center Internal,9/7/2015,9/11/2015,2,2598.00
Bowflex Max Trainer,Electronic - UnSourced,CAM44236 SAWMAX,Call Center Internal,9/7/2015,9/11/2015,9,12895.53
Bowflex Max Trainer,Online Search,CAM44435 dosg2egl1mx,Call Center Internal,9/7/2015,9/11/2015,1,1099.00
Bowflex Max Trainer,Online Social,CAM44544 SAWDOXFBE,Call Center Internal,9/7/2015,9/11/2015,1,1599.00
Bowflex Max Trainer,Electronic - UnSourced,CAM44626 1800BOWFLEX_BMT,Call Center Internal,9/7/2015,9/11/2015,6,8094.30
Bowflex Max Trainer,Un-Sourced,CAM45327 1800MAXTRAINER,Call Center Internal,9/7/2015,9/11/2015,13,18327.60
Bowflex Max Trainer,Short Form,CAM47198 ION*N120HAMBYTIC,Call Center Internal,9/7/2015,9/11/2015,1,1599.00
Bowflex Max Trainer,Online Display,CAM47251 DODCTOEDL2,Call Center Internal,9/7/2015,9/11/2015,2,3198.00
Bowflex Max Trainer,Short Form,CAM47361 PUREN180HAMF*TIC,Call Center Internal,9/7/2015,9/11/2015,1,1599.00
Bowflex Max Trainer,Short Form,CAM47385 RELZ*N120HAMBYTIC,Call Center Internal,9/7/2015,9/11/2015,1,1599.00
Bowflex Max Trainer,Online Search,CAM44539 SAWDOSG2EMOBILE2,Third Party Call Center - Evolve,9/7/2015,9/11/2015,1,1499.00
Bowflex Max Trainer,Electronic - Short Form,CAM44172 dseesf14a,Web,9/7/2015,9/11/2015,2,2598.00
Bowflex Max Trainer,Electronic - Short Form,CAM44213 dseesf14b,Web,9/7/2015,9/11/2015,1,1499.00
Bowflex Max Trainer,Online Search,CAM44429 dosbiesl1,Web,9/7/2015,9/11/2015,8,11092.00
Bowflex Max Trainer,Electronic - UnSourced,CAM44433 dege1sitemx,Web,9/7/2015,9/11/2015,14,20386.00
Bowflex Max Trainer,Online Search,CAM44435 dosg2egl1mx,Web,9/7/2015,9/11/2015,7,11193.00
Bowflex Max Trainer,Online Search,CAM44497 dosg2esl1,Web,9/7/2015,9/11/2015,14,22086.00
Bowflex Max Trainer,Online Search,CAM44520 dosbiegl1mx,Web,9/7/2015,9/11/2015,1,1599.00
Bowflex Max Trainer,Online Search,CAM44560 dosg2esl5,Web,9/7/2015,9/11/2015,1,1599.00
Bowflex Max Trainer,Online Search,CAM44565 dosbiesl5,Web,9/7/2015,9/11/2015,1,863.43
Bowflex Max Trainer,Online Shopping,CAM44887 dofg2efeed1,Web,9/7/2015,9/11/2015,11,15116.46
Bowflex Max Trainer,Online Search,CAM45009 dosg2eml1,Web,9/7/2015,9/11/2015,5,8045.00
Bowflex Max Trainer,Electronic - Short Form,CAM45388 DSEESF14F,Web,9/7/2015,9/11/2015,1,1499.00
Bowflex Max Trainer,Online Search,CAM45730 DOSG2ESL7,Web,9/7/2015,9/11/2015,2,3098.00
Bowflex Max Trainer,Online Search,CAM45732 DOSBIESL7,Web,9/7/2015,9/11/2015,1,1599.00
Bowflex Max Trainer,Electronic - Short Form,CAM45800 DSEESF14J,Web,9/7/2015,9/11/2015,1,1499.00
Bowflex Max Trainer,Online Search,CAM47150 DOSG2ESL9,Web,9/7/2015,9/11/2015,1,1599.00
Bowflex Max Trainer,Online Search,CAM47152 DOSBIESL8,Web,9/7/2015,9/11/2015,1,1599.00
Bowflex Max Trainer,Online Video,CAM47248 DOVTMEVL1,Web,9/7/2015,9/11/2015,1,1599.00
Bowflex Max Trainer,Online Display,CAM47251 DODCTOEDL2,Web,9/7/2015,9/11/2015,3,4546.00
Bowflex Max Trainer,Online Social,CAM47987 DOXFBESCL001,Web,9/7/2015,9/11/2015,4,5896.00
Bowflex Max Trainer,Electronic - Short Form,CAM44172 dseesf14a,Call Center Internal,9/7/2015,9/12/2015,1,1499.00
Bowflex Max Trainer,Electronic - Short Form,CAM44215 SAWDSEESF14A,Call Center Internal,9/7/2015,9/12/2015,1,1599.00
Bowflex Max Trainer,Online Display,CAM44220 SAWDODRFE,Call Center Internal,9/7/2015,9/12/2015,1,1099.00
Bowflex Max Trainer,Online Search,CAM44223 SAWDOSBIE,Call Center Internal,9/7/2015,9/12/2015,3,4317.30
Bowflex Max Trainer,Online Search,CAM44230 SAWDOSG2E,Call Center Internal,9/7/2015,9/12/2015,1,1599.00
Bowflex Max Trainer,Electronic - UnSourced,CAM44236 SAWMAX,Call Center Internal,9/7/2015,9/12/2015,9,11311.60
Bowflex Max Trainer,Online Search,CAM44497 dosg2esl1,Call Center Internal,9/7/2015,9/12/2015,1,1599.00
Bowflex Max Trainer,Electronic - UnSourced,CAM44626 1800BOWFLEX_BMT,Call Center Internal,9/7/2015,9/12/2015,3,3347.00
Bowflex Max Trainer,Online Shopping,CAM45043 SAWDOFG2E,Call Center Internal,9/7/2015,9/12/2015,2,2598.00
Bowflex Max Trainer,Un-Sourced,CAM45327 1800MAXTRAINER,Call Center Internal,9/7/2015,9/12/2015,5,7315.30
Bowflex Max Trainer,Online Display,CAM47239 SAWDODCTOE,Call Center Internal,9/7/2015,9/12/2015,1,1599.00
Bowflex Max Trainer,Online Video,CAM47248 DOVTMEVL1,Call Center Internal,9/7/2015,9/12/2015,1,1499.00
Bowflex Max Trainer,Short Form,CAM47385 RELZ*N120HAMBYTIC,Call Center Internal,9/7/2015,9/12/2015,1,1599.00
Bowflex Max Trainer,Short Form,CAM47386 WNATN120HAMBYTIC,Call Center Internal,9/7/2015,9/12/2015,1,1099.00
Bowflex Max Trainer,Electronic - UnSourced,CAM44236 SAWMAX,Third Party Call Center - Evolve,9/7/2015,9/12/2015,2,2748.00
Bowflex Max Trainer,Short Form,CAM47198 ION*N120HAMBYTIC,Third Party Call Center - Evolve,9/7/2015,9/12/2015,1,1499.00
Bowflex Max Trainer,Online Display,CAM47239 SAWDODCTOE,Third Party Call Center - Evolve,9/7/2015,9/12/2015,1,999.00
Bowflex Max Trainer,Electronic - Short Form,CAM44172 dseesf14a,Web,9/7/2015,9/12/2015,2,2598.00
Bowflex Max Trainer,Electronic - Short Form,CAM44191 dseesf14d,Web,9/7/2015,9/12/2015,2,2598.00
Bowflex Max Trainer,Online Search,CAM44429 dosbiesl1,Web,9/7/2015,9/12/2015,7,10743.00
Bowflex Max Trainer,Electronic - UnSourced,CAM44433 dege1sitemx,Web,9/7/2015,9/12/2015,15,23535.00
Bowflex Max Trainer,Online Search,CAM44435 dosg2egl1mx,Web,9/7/2015,9/12/2015,4,6046.00
Bowflex Max Trainer,Online Search,CAM44497 dosg2esl1,Web,9/7/2015,9/12/2015,9,12754.73
Bowflex Max Trainer,Online Search,CAM44520 dosbiegl1mx,Web,9/7/2015,9/12/2015,1,1599.00
Bowflex Max Trainer,Online Search,CAM44560 dosg2esl5,Web,9/7/2015,9/12/2015,1,1099.00
Bowflex Max Trainer,Online Shopping,CAM44887 dofg2efeed1,Web,9/7/2015,9/12/2015,11,15089.00
Bowflex Max Trainer,Online Search,CAM45009 dosg2eml1,Web,9/7/2015,9/12/2015,6,8494.00
Bowflex Max Trainer,Electronic - Short Form,CAM45387 DSEESF14E,Web,9/7/2015,9/12/2015,1,1499.00
Bowflex Max Trainer,Online Search,CAM45729 DOSG2ESL6,Web,9/7/2015,9/12/2015,1,1099.00
Bowflex Max Trainer,Online Search,CAM45730 DOSG2ESL7,Web,9/7/2015,9/12/2015,3,4597.00
Bowflex Max Trainer,Online Search,CAM45732 DOSBIESL7,Web,9/7/2015,9/12/2015,1,1599.00
Bowflex Max Trainer,Online Display,CAM45736 DODRFEDL3,Web,9/7/2015,9/12/2015,3,4797.00
Bowflex Max Trainer,Electronic - Short Form,CAM45800 DSEESF14J,Web,9/7/2015,9/12/2015,1,1499.00
Bowflex Max Trainer,Online Search,CAM47150 DOSG2ESL9,Web,9/7/2015,9/12/2015,2,3198.00
Bowflex Max Trainer,Online Search,CAM47152 DOSBIESL8,Web,9/7/2015,9/12/2015,2,2698.00
Bowflex Max Trainer,Online Video,CAM47248 DOVTMEVL1,Web,9/7/2015,9/12/2015,1,1599.00
Bowflex Max Trainer,Online Display,CAM47251 DODCTOEDL2,Web,9/7/2015,9/12/2015,4,6296.00
Bowflex Max Trainer,Online Social,CAM47987 DOXFBESCL001,Web,9/7/2015,9/12/2015,1,1599.00
Bowflex Max Trainer,Online Social,CAM48050 DOXFBESCL005,Web,9/7/2015,9/12/2015,2,3198.00
Bowflex Max Trainer,Online Display,CAM44220 SAWDODRFE,Call Center Internal,9/7/2015,9/13/2015,4,1758.85
Bowflex Max Trainer,Online Search,CAM44223 SAWDOSBIE,Call Center Internal,9/7/2015,9/13/2015,2,3198.00
Bowflex Max Trainer,Online Search,CAM44230 SAWDOSG2E,Call Center Internal,9/7/2015,9/13/2015,6,9294.00
Bowflex Max Trainer,Electronic - UnSourced,CAM44236 SAWMAX,Call Center Internal,9/7/2015,9/13/2015,9,13791.00
Bowflex Max Trainer,Electronic - UnSourced,CAM44626 1800BOWFLEX_BMT,Call Center Internal,9/7/2015,9/13/2015,3,4297.00
Bowflex Max Trainer,Online Shopping,CAM45043 SAWDOFG2E,Call Center Internal,9/7/2015,9/13/2015,2,3198.00
Bowflex Max Trainer,Un-Sourced,CAM45327 1800MAXTRAINER,Call Center Internal,9/7/2015,9/13/2015,10,13140.30
Bowflex Max Trainer,Online Display,CAM47239 SAWDODCTOE,Call Center Internal,9/7/2015,9/13/2015,1,1119.30
Bowflex Max Trainer,Short Form,CAM47385 RELZ*N120HAMBYTIC,Call Center Internal,9/7/2015,9/13/2015,1,1499.00
Bowflex Max Trainer,Short Form,CAM47903 CMSYL60*HAMF*TIC,Third Party Call Center - Evolve,9/7/2015,9/13/2015,1,1749.00
Bowflex Max Trainer,Electronic - Short Form,CAM44213 dseesf14b,Web,9/7/2015,9/13/2015,1,1499.00
Bowflex Max Trainer,Online Search,CAM44429 dosbiesl1,Web,9/7/2015,9/13/2015,15,21835.00
Bowflex Max Trainer,Electronic - UnSourced,CAM44433 dege1sitemx,Web,9/7/2015,9/13/2015,20,27245.63
Bowflex Max Trainer,Online Search,CAM44435 dosg2egl1mx,Web,9/7/2015,9/13/2015,8,10292.00
Bowflex Max Trainer,Online Search,CAM44497 dosg2esl1,Web,9/7/2015,9/13/2015,19,30231.00
Bowflex Max Trainer,Online Search,CAM44520 dosbiegl1mx,Web,9/7/2015,9/13/2015,2,3198.00
Bowflex Max Trainer,Online Shopping,CAM44887 dofg2efeed1,Web,9/7/2015,9/13/2015,6,9644.00
Bowflex Max Trainer,Online Search,CAM44952 dosbieml1,Web,9/7/2015,9/13/2015,1,1099.00
Bowflex Max Trainer,Online Search,CAM45009 dosg2eml1,Web,9/7/2015,9/13/2015,5,6895.00
Bowflex Max Trainer,Online Search,CAM45730 DOSG2ESL7,Web,9/7/2015,9/13/2015,4,6346.00
Bowflex Max Trainer,Online Search,CAM45732 DOSBIESL7,Web,9/7/2015,9/13/2015,1,1599.00
Bowflex Max Trainer,Online Display,CAM45736 DODRFEDL3,Web,9/7/2015,9/13/2015,2,3198.00
Bowflex Max Trainer,Electronic - Short Form,CAM45798 DSEESF14H,Web,9/7/2015,9/13/2015,1,1499.00
Bowflex Max Trainer,Online Social,CAM45898 DOXFBERESPONSE,Web,9/7/2015,9/13/2015,1,1599.00
Bowflex Max Trainer,Online Display,CAM45910 DODADCEDL3,Web,9/7/2015,9/13/2015,1,34.90
Bowflex Max Trainer,Online Search,CAM47150 DOSG2ESL9,Web,9/7/2015,9/13/2015,3,4447.00
Bowflex Max Trainer,Online Search,CAM47151 DOSG2EML2,Web,9/7/2015,9/13/2015,2,2698.00
Bowflex Max Trainer,Online Search,CAM47152 DOSBIESL8,Web,9/7/2015,9/13/2015,3,4797.00
Bowflex Max Trainer,Online Video,CAM47248 DOVTMEVL1,Web,9/7/2015,9/13/2015,2,3198.00
Bowflex Max Trainer,Online Display,CAM47251 DODCTOEDL2,Web,9/7/2015,9/13/2015,6,9744.00
Bowflex Max Trainer,Online Video,CAM47606 DOVHULUEVL5,Web,9/7/2015,9/13/2015,2,2598.00
Bowflex Max Trainer,Online Social,CAM47987 DOXFBESCL001,Web,9/7/2015,9/13/2015,3,4797.00
Bowflex Max Trainer,Online Social,CAM48003 DOXFBECAD2,Web,9/7/2015,9/13/2015,1,1749.00
Bowflex Max Trainer,Online Social,CAM48050 DOXFBESCL005,Web,9/7/2015,9/13/2015,6,4891.85
Bowflex Max Trainer,Electronic - Short Form,CAM44215 SAWDSEESF14A,Call Center Internal,9/14/2015,9/14/2015,1,1599.00
Bowflex Max Trainer,Online Search,CAM44223 SAWDOSBIE,Call Center Internal,9/14/2015,9/14/2015,8,10517.95
Bowflex Max Trainer,Online Search,CAM44230 SAWDOSG2E,Call Center Internal,9/14/2015,9/14/2015,4,5796.00
Bowflex Max Trainer,Electronic - UnSourced,CAM44236 SAWMAX,Call Center Internal,9/14/2015,9/14/2015,14,19046.90
Bowflex Max Trainer,Online Search,CAM44539 SAWDOSG2EMOBILE2,Call Center Internal,9/14/2015,9/14/2015,2,3198.00
Bowflex Max Trainer,Electronic - UnSourced,CAM44626 1800BOWFLEX_BMT,Call Center Internal,9/14/2015,9/14/2015,15,20925.60
Bowflex Max Trainer,Online Shopping,CAM45043 SAWDOFG2E,Call Center Internal,9/14/2015,9/14/2015,3,4097.00
Bowflex Max Trainer,Un-Sourced,CAM45327 1800MAXTRAINER,Call Center Internal,9/14/2015,9/14/2015,25,36765.60
Bowflex Max Trainer,Online Social,CAM45898 DOXFBERESPONSE,Call Center Internal,9/14/2015,9/14/2015,1,1119.30
Bowflex Max Trainer,Online Display,CAM47239 SAWDODCTOE,Call Center Internal,9/14/2015,9/14/2015,2,2598.00
Bowflex Max Trainer,Short Form,CAM47362 H2**N180HAMF*TIC,Call Center Internal,9/14/2015,9/14/2015,1,1599.00
Bowflex Max Trainer,Short Form,CAM47363 VEL*N180HAMF*TIC,Call Center Internal,9/14/2015,9/14/2015,1,1499.00
Bowflex Max Trainer,Online Search,CAM44230 SAWDOSG2E,Third Party Call Center - Evolve,9/14/2015,9/14/2015,1,1099.00
Bowflex Max Trainer,Electronic - UnSourced,CAM44236 SAWMAX,Third Party Call Center - Evolve,9/14/2015,9/14/2015,1,1449.00
Bowflex Max Trainer,Electronic - Short Form,CAM44172 dseesf14a,Web,9/14/2015,9/14/2015,2,2598.00
Bowflex Max Trainer,Electronic - Short Form,CAM44191 dseesf14d,Web,9/14/2015,9/14/2015,8,2747.70
Bowflex Max Trainer,Online Search,CAM44429 dosbiesl1,Web,9/14/2015,9/14/2015,2,2698.00
Bowflex Max Trainer,Electronic - UnSourced,CAM44433 dege1sitemx,Web,9/14/2015,9/14/2015,15,23785.00
Bowflex Max Trainer,Online Search,CAM44435 dosg2egl1mx,Web,9/14/2015,9/14/2015,7,10743.00
Bowflex Max Trainer,Online Search,CAM44497 dosg2esl1,Web,9/14/2015,9/14/2015,12,16038.00
Bowflex Max Trainer,Online Search,CAM44520 dosbiegl1mx,Web,9/14/2015,9/14/2015,3,4292.00
Bowflex Max Trainer,Online Shopping,CAM44887 dofg2efeed1,Web,9/14/2015,9/14/2015,20,21169.18
Bowflex Max Trainer,Online Search,CAM45009 dosg2eml1,Web,9/14/2015,9/14/2015,5,8145.00
Bowflex Max Trainer,Electronic - Short Form,CAM45388 DSEESF14F,Web,9/14/2015,9/14/2015,1,1748.00
Bowflex Max Trainer,Online Search,CAM45729 DOSG2ESL6,Web,9/14/2015,9/14/2015,5,5195.00
Bowflex Max Trainer,Online Display,CAM45910 DODADCEDL3,Web,9/14/2015,9/14/2015,1,1749.00
Bowflex Max Trainer,Online Search,CAM47150 DOSG2ESL9,Web,9/14/2015,9/14/2015,2,2698.00
Bowflex Max Trainer,Online Search,CAM47151 DOSG2EML2,Web,9/14/2015,9/14/2015,1,1599.00
Bowflex Max Trainer,Online Search,CAM47152 DOSBIESL8,Web,9/14/2015,9/14/2015,2,2698.00
Bowflex Max Trainer,Online Video,CAM47248 DOVTMEVL1,Web,9/14/2015,9/14/2015,2,3198.00
Bowflex Max Trainer,Online Display,CAM47251 DODCTOEDL2,Web,9/14/2015,9/14/2015,2,2947.00
Bowflex Max Trainer,Online Social,CAM47987 DOXFBESCL001,Web,9/14/2015,9/14/2015,1,1599.00
Bowflex Max Trainer,Online Social,CAM48003 DOXFBECAD2,Web,9/14/2015,9/14/2015,4,6446.00
Bowflex Max Trainer,Online Social,CAM48050 DOXFBESCL005,Web,9/14/2015,9/14/2015,2,2698.00
Bowflex Max Trainer,Online Search,CAM44230 SAWDOSG2E,Call Center Internal,9/14/2015,9/15/2015,9,13491.00
Bowflex Max Trainer,Electronic - UnSourced,CAM44236 SAWMAX,Call Center Internal,9/14/2015,9/15/2015,12,15309.30
Bowflex Max Trainer,Electronic - UnSourced,CAM44626 1800BOWFLEX_BMT,Call Center Internal,9/14/2015,9/15/2015,12,17308.30
Bowflex Max Trainer,Online Shopping,CAM45043 SAWDOFG2E,Call Center Internal,9/14/2015,9/15/2015,3,3817.30
Bowflex Max Trainer,Un-Sourced,CAM45327 1800MAXTRAINER,Call Center Internal,9/14/2015,9/15/2015,13,18487.00
Bowflex Max Trainer,Electronic - Short Form,CAM45388 DSEESF14F,Call Center Internal,9/14/2015,9/15/2015,1,1499.00
Bowflex Max Trainer,Online Display,CAM47239 SAWDODCTOE,Call Center Internal,9/14/2015,9/15/2015,1,1599.00
Bowflex Max Trainer,Short Form,CAM47363 VEL*N180HAMF*TIC,Call Center Internal,9/14/2015,9/15/2015,1,1499.00
Bowflex Max Trainer,Short Form,CAM47950 DISNN60*HAMF*TIC,Call Center Internal,9/14/2015,9/15/2015,1,1599.00
Bowflex Max Trainer,Online Search,CAM44429 dosbiesl1,Web,9/14/2015,9/15/2015,13,18337.00
Bowflex Max Trainer,Electronic - UnSourced,CAM44433 dege1sitemx,Web,9/14/2015,9/15/2015,8,12342.00
Bowflex Max Trainer,Online Search,CAM44435 dosg2egl1mx,Web,9/14/2015,9/15/2015,8,11842.00
Bowflex Max Trainer,Online Search,CAM44497 dosg2esl1,Web,9/14/2015,9/15/2015,13,17816.90
Bowflex Max Trainer,Online Search,CAM44520 dosbiegl1mx,Web,9/14/2015,9/15/2015,4,5696.00
Bowflex Max Trainer,Online Search,CAM44560 dosg2esl5,Web,9/14/2015,9/15/2015,1,1599.00
Bowflex Max Trainer,Online Shopping,CAM44887 dofg2efeed1,Web,9/14/2015,9/15/2015,16,23797.73
Bowflex Max Trainer,Online Search,CAM44952 dosbieml1,Web,9/14/2015,9/15/2015,2,3198.00
Bowflex Max Trainer,Online Search,CAM45009 dosg2eml1,Web,9/14/2015,9/15/2015,3,4797.00
Bowflex Max Trainer,Online Video,CAM45400 DOVHULUEVL1,Web,9/14/2015,9/15/2015,1,1499.00
Bowflex Max Trainer,Online Search,CAM45730 DOSG2ESL7,Web,9/14/2015,9/15/2015,3,4947.00
Bowflex Max Trainer,Online Search,CAM45732 DOSBIESL7,Web,9/14/2015,9/15/2015,1,1599.00
Bowflex Max Trainer,Online Display,CAM45736 DODRFEDL3,Web,9/14/2015,9/15/2015,1,1599.00
Bowflex Max Trainer,Online Search,CAM47150 DOSG2ESL9,Web,9/14/2015,9/15/2015,1,1599.00
Bowflex Max Trainer,Online Video,CAM47248 DOVTMEVL1,Web,9/14/2015,9/15/2015,1,1749.00
Bowflex Max Trainer,Online Display,CAM47251 DODCTOEDL2,Web,9/14/2015,9/15/2015,7,8993.00
Bowflex Max Trainer,Online Social,CAM47987 DOXFBESCL001,Web,9/14/2015,9/15/2015,2,3198.00
Bowflex Max Trainer,Online Social,CAM48050 DOXFBESCL005,Web,9/14/2015,9/15/2015,4,5396.00
Bowflex Max Trainer,Electronic - Short Form,CAM44218 SAWDSEESF14D,Call Center Internal,9/14/2015,9/16/2015,1,1499.00
Bowflex Max Trainer,Online Search,CAM44223 SAWDOSBIE,Call Center Internal,9/14/2015,9/16/2015,1,1099.00
Bowflex Max Trainer,Online Search,CAM44230 SAWDOSG2E,Call Center Internal,9/14/2015,9/16/2015,6,7794.00
Bowflex Max Trainer,Electronic - UnSourced,CAM44236 SAWMAX,Call Center Internal,9/14/2015,9/16/2015,9,12471.45
Bowflex Max Trainer,Online Search,CAM44539 SAWDOSG2EMOBILE2,Call Center Internal,9/14/2015,9/16/2015,1,1099.00
Bowflex Max Trainer,Online Social,CAM44544 SAWDOXFBE,Call Center Internal,9/14/2015,9/16/2015,1,1599.00
Bowflex Max Trainer,Electronic - UnSourced,CAM44626 1800BOWFLEX_BMT,Call Center Internal,9/14/2015,9/16/2015,2,3098.00
Bowflex Max Trainer,Online Shopping,CAM44887 dofg2efeed1,Call Center Internal,9/14/2015,9/16/2015,1,1099.00
Bowflex Max Trainer,Online Shopping,CAM45043 SAWDOFG2E,Call Center Internal,9/14/2015,9/16/2015,1,1499.00
Bowflex Max Trainer,Un-Sourced,CAM45327 1800MAXTRAINER,Call Center Internal,9/14/2015,9/16/2015,16,21875.00
Bowflex Max Trainer,Short Form,CAM47195 SPKEN120HAMBYTIC,Call Center Internal,9/14/2015,9/16/2015,1,1119.30
Bowflex Max Trainer,Short Form,CAM47197 IFC*N120HAMBYTIC,Call Center Internal,9/14/2015,9/16/2015,1,1599.00
Bowflex Max Trainer,Online Display,CAM47239 SAWDODCTOE,Call Center Internal,9/14/2015,9/16/2015,1,699.30
Bowflex Max Trainer,Electronic - UnSourced,CAM44236 SAWMAX,Third Party Call Center - Evolve,9/14/2015,9/16/2015,1,1449.00
Bowflex Max Trainer,Online Search,CAM44429 dosbiesl1,Web,9/14/2015,9/16/2015,8,11992.00
Bowflex Max Trainer,Electronic - UnSourced,CAM44433 dege1sitemx,Web,9/14/2015,9/16/2015,8,12342.00
Bowflex Max Trainer,Online Search,CAM44435 dosg2egl1mx,Web,9/14/2015,9/16/2015,2,3098.00
Bowflex Max Trainer,Online Search,CAM44497 dosg2esl1,Web,9/14/2015,9/16/2015,12,17247.02
Bowflex Max Trainer,Online Search,CAM44520 dosbiegl1mx,Web,9/14/2015,9/16/2015,2,2698.00
Bowflex Max Trainer,Online Shopping,CAM44887 dofg2efeed1,Web,9/14/2015,9/16/2015,14,19399.73
Bowflex Max Trainer,Online Search,CAM44952 dosbieml1,Web,9/14/2015,9/16/2015,1,1599.00
Bowflex Max Trainer,Online Search,CAM45009 dosg2eml1,Web,9/14/2015,9/16/2015,1,1599.00
Bowflex Max Trainer,Online Search,CAM45729 DOSG2ESL6,Web,9/14/2015,9/16/2015,1,1099.00
Bowflex Max Trainer,Online Search,CAM45730 DOSG2ESL7,Web,9/14/2015,9/16/2015,2,3098.00
Bowflex Max Trainer,Electronic - Short Form,CAM45798 DSEESF14H,Web,9/14/2015,9/16/2015,1,1599.00
Bowflex Max Trainer,Online Search,CAM47150 DOSG2ESL9,Web,9/14/2015,9/16/2015,1,1599.00
Bowflex Max Trainer,Online Search,CAM47152 DOSBIESL8,Web,9/14/2015,9/16/2015,2,3198.00
Bowflex Max Trainer,Online Display,CAM47251 DODCTOEDL2,Web,9/14/2015,9/16/2015,2,3198.00
Bowflex Max Trainer,Online Social,CAM48003 DOXFBECAD2,Web,9/14/2015,9/16/2015,1,1599.00
Bowflex Max Trainer,Online Social,CAM48050 DOXFBESCL005,Web,9/14/2015,9/16/2015,1,1599.00
Bowflex Max Trainer,Online Display,CAM44220 SAWDODRFE,Call Center Internal,9/14/2015,9/17/2015,2,3098.00
Bowflex Max Trainer,Online Search,CAM44223 SAWDOSBIE,Call Center Internal,9/14/2015,9/17/2015,2,3198.00
Bowflex Max Trainer,Online Search,CAM44230 SAWDOSG2E,Call Center Internal,9/14/2015,9/17/2015,2,3098.00
Bowflex Max Trainer,Electronic - UnSourced,CAM44236 SAWMAX,Call Center Internal,9/14/2015,9/17/2015,9,12211.30
Bowflex Max Trainer,Online Search,CAM44539 SAWDOSG2EMOBILE2,Call Center Internal,9/14/2015,9/17/2015,3,3697.00
Bowflex Max Trainer,Electronic - UnSourced,CAM44626 1800BOWFLEX_BMT,Call Center Internal,9/14/2015,9/17/2015,4,6396.00
Bowflex Max Trainer,Online Search,CAM45009 dosg2eml1,Call Center Internal,9/14/2015,9/17/2015,1,1499.00
Bowflex Max Trainer,Un-Sourced,CAM45327 1800MAXTRAINER,Call Center Internal,9/14/2015,9/17/2015,13,18227.60
Bowflex Max Trainer,Online Social,CAM47172 DOXFBEGL1,Call Center Internal,9/14/2015,9/17/2015,1,1599.00
Bowflex Max Trainer,Short Form,CAM47192 SUNDN120HAMBYTIC,Call Center Internal,9/14/2015,9/17/2015,1,1499.00
Bowflex Max Trainer,Short Form,CAM47195 SPKEN120HAMBYTIC,Call Center Internal,9/14/2015,9/17/2015,2,3198.00
Bowflex Max Trainer,Online Display,CAM47239 SAWDODCTOE,Call Center Internal,9/14/2015,9/17/2015,1,1449.00
Bowflex Max Trainer,Short Form,CAM48041 RS**L120HAMBYTIC,Call Center Internal,9/14/2015,9/17/2015,1,1499.00
Bowflex Max Trainer,Electronic - Short Form,CAM44172 dseesf14a,Web,9/14/2015,9/17/2015,2,2598.00
Bowflex Max Trainer,Electronic - Short Form,CAM44191 dseesf14d,Web,9/14/2015,9/17/2015,3,3022.95
Bowflex Max Trainer,Online Search,CAM44429 dosbiesl1,Web,9/14/2015,9/17/2015,5,6395.00
Bowflex Max Trainer,Electronic - UnSourced,CAM44433 dege1sitemx,Web,9/14/2015,9/17/2015,5,8145.00
Bowflex Max Trainer,Online Search,CAM44435 dosg2egl1mx,Web,9/14/2015,9/17/2015,4,5809.73
Bowflex Max Trainer,Online Search,CAM44497 dosg2esl1,Web,9/14/2015,9/17/2015,8,10491.00
Bowflex Max Trainer,Online Search,CAM44520 dosbiegl1mx,Web,9/14/2015,9/17/2015,2,3098.00
Bowflex Max Trainer,Online Shopping,CAM44887 dofg2efeed1,Web,9/14/2015,9/17/2015,10,15290.00
Bowflex Max Trainer,Online Shopping,CAM44897 dofpgefeed1,Web,9/14/2015,9/17/2015,2,3198.00
Bowflex Max Trainer,Online Search,CAM44952 dosbieml1,Web,9/14/2015,9/17/2015,1,1599.00
Bowflex Max Trainer,Online Search,CAM45009 dosg2eml1,Web,9/14/2015,9/17/2015,2,3348.00
Bowflex Max Trainer,Electronic - Short Form,CAM45388 DSEESF14F,Web,9/14/2015,9/17/2015,1,1499.00
Bowflex Max Trainer,Online Search,CAM45730 DOSG2ESL7,Web,9/14/2015,9/17/2015,3,4797.00
Bowflex Max Trainer,Online Search,CAM45732 DOSBIESL7,Web,9/14/2015,9/17/2015,1,1599.00
Bowflex Max Trainer,Electronic - Short Form,CAM45798 DSEESF14H,Web,9/14/2015,9/17/2015,2,2198.00
Bowflex Max Trainer,Online Search,CAM47152 DOSBIESL8,Web,9/14/2015,9/17/2015,1,1749.00
Bowflex Max Trainer,Online Display,CAM47251 DODCTOEDL2,Web,9/14/2015,9/17/2015,9,12891.00
Bowflex Max Trainer,Online Social,CAM47987 DOXFBESCL001,Web,9/14/2015,9/17/2015,1,1599.00
Bowflex Max Trainer,Online Social,CAM48003 DOXFBECAD2,Web,9/14/2015,9/17/2015,1,1099.00
Bowflex Max Trainer,Online Social,CAM48050 DOXFBESCL005,Web,9/14/2015,9/17/2015,3,4797.00
Bowflex Max Trainer,Electronic - Short Form,CAM44215 SAWDSEESF14A,Call Center Internal,9/14/2015,9/18/2015,1,1499.00
Bowflex Max Trainer,Online Search,CAM44223 SAWDOSBIE,Call Center Internal,9/14/2015,9/18/2015,1,1099.00
Bowflex Max Trainer,Online Search,CAM44230 SAWDOSG2E,Call Center Internal,9/14/2015,9/18/2015,1,1499.00
Bowflex Max Trainer,Electronic - UnSourced,CAM44236 SAWMAX,Call Center Internal,9/14/2015,9/18/2015,7,10213.30
Bowflex Max Trainer,Online Search,CAM44497 dosg2esl1,Call Center Internal,9/14/2015,9/18/2015,1,1599.00
Bowflex Max Trainer,Online Shopping,CAM45043 SAWDOFG2E,Call Center Internal,9/14/2015,9/18/2015,3,4697.00
Bowflex Max Trainer,Un-Sourced,CAM45327 1800MAXTRAINER,Call Center Internal,9/14/2015,9/18/2015,11,15729.60
Bowflex Max Trainer,Online Display,CAM47239 SAWDODCTOE,Call Center Internal,9/14/2015,9/18/2015,3,4697.00
Bowflex Max Trainer,Short Form,CAM47951 DIRNN60*HAMF*TIC,Call Center Internal,9/14/2015,9/18/2015,1,1599.00
Bowflex Max Trainer,Electronic - Short Form,CAM44172 dseesf14a,Web,9/14/2015,9/18/2015,4,6096.00
Bowflex Max Trainer,Online Search,CAM44429 dosbiesl1,Web,9/14/2015,9/18/2015,2,3198.00
Bowflex Max Trainer,Electronic - UnSourced,CAM44433 dege1sitemx,Web,9/14/2015,9/18/2015,12,16888.00
Bowflex Max Trainer,Online Search,CAM44435 dosg2egl1mx,Web,9/14/2015,9/18/2015,4,5696.00
Bowflex Max Trainer,Online Search,CAM44497 dosg2esl1,Web,9/14/2015,9/18/2015,10,14190.00
Bowflex Max Trainer,Online Search,CAM44520 dosbiegl1mx,Web,9/14/2015,9/18/2015,1,1599.00
Bowflex Max Trainer,Online Shopping,CAM44887 dofg2efeed1,Web,9/14/2015,9/18/2015,10,14640.00
Bowflex Max Trainer,Online Shopping,CAM44897 dofpgefeed1,Web,9/14/2015,9/18/2015,1,1099.00
Bowflex Max Trainer,Online Search,CAM44952 dosbieml1,Web,9/14/2015,9/18/2015,1,1599.00
Bowflex Max Trainer,Online Search,CAM45009 dosg2eml1,Web,9/14/2015,9/18/2015,1,1599.00
Bowflex Max Trainer,Online Search,CAM45729 DOSG2ESL6,Web,9/14/2015,9/18/2015,1,1599.00
Bowflex Max Trainer,Electronic - Short Form,CAM45798 DSEESF14H,Web,9/14/2015,9/18/2015,2,2998.00
Bowflex Max Trainer,Online Search,CAM47150 DOSG2ESL9,Web,9/14/2015,9/18/2015,1,1099.00
Bowflex Max Trainer,Online Search,CAM47151 DOSG2EML2,Web,9/14/2015,9/18/2015,1,1599.00
Bowflex Max Trainer,Online Display,CAM47251 DODCTOEDL2,Web,9/14/2015,9/18/2015,3,4947.00
Bowflex Max Trainer,Online Social,CAM47987 DOXFBESCL001,Web,9/14/2015,9/18/2015,3,4297.00
Bowflex Max Trainer,Online Social,CAM48003 DOXFBECAD2,Web,9/14/2015,9/18/2015,1,1599.00
Bowflex Max Trainer,Online Search,CAM44223 SAWDOSBIE,Call Center Internal,9/14/2015,9/19/2015,4,6096.00
Bowflex Max Trainer,Online Search,CAM44230 SAWDOSG2E,Call Center Internal,9/14/2015,9/19/2015,2,2698.00
Bowflex Max Trainer,Electronic - UnSourced,CAM44236 SAWMAX,Call Center Internal,9/14/2015,9/19/2015,13,17712.95
Bowflex Max Trainer,Electronic - UnSourced,CAM44626 1800BOWFLEX_BMT,Call Center Internal,9/14/2015,9/19/2015,1,1499.00
Bowflex Max Trainer,Online Shopping,CAM44887 dofg2efeed1,Call Center Internal,9/14/2015,9/19/2015,1,1499.00
Bowflex Max Trainer,Online Shopping,CAM45043 SAWDOFG2E,Call Center Internal,9/14/2015,9/19/2015,1,1099.00
Bowflex Max Trainer,Un-Sourced,CAM45327 1800MAXTRAINER,Call Center Internal,9/14/2015,9/19/2015,6,9234.10
Bowflex Max Trainer,Short Form,CAM47191 DTVSN60*HAMF*TIC,Call Center Internal,9/14/2015,9/19/2015,1,1099.00
Bowflex Max Trainer,Online Display,CAM47239 SAWDODCTOE,Call Center Internal,9/14/2015,9/19/2015,1,1499.00
Bowflex Max Trainer,Short Form,CAM47950 DISNN60*HAMF*TIC,Call Center Internal,9/14/2015,9/19/2015,1,1499.00
Bowflex Max Trainer,Electronic - UnSourced,CAM44236 SAWMAX,Third Party Call Center - Evolve,9/14/2015,9/19/2015,1,880.59
Bowflex Max Trainer,Electronic - Short Form,CAM44172 dseesf14a,Web,9/14/2015,9/19/2015,3,4097.00
Bowflex Max Trainer,Online Search,CAM44429 dosbiesl1,Web,9/14/2015,9/19/2015,5,8045.00
Bowflex Max Trainer,Electronic - UnSourced,CAM44433 dege1sitemx,Web,9/14/2015,9/19/2015,9,13441.00
Bowflex Max Trainer,Online Search,CAM44435 dosg2egl1mx,Web,9/14/2015,9/19/2015,6,9094.00
Bowflex Max Trainer,Online Search,CAM44497 dosg2esl1,Web,9/14/2015,9/19/2015,16,23134.00
Bowflex Max Trainer,Online Search,CAM44520 dosbiegl1mx,Web,9/14/2015,9/19/2015,6,9094.00
Bowflex Max Trainer,Online Search,CAM44531 dosbiesl2,Web,9/14/2015,9/19/2015,1,1099.00
Bowflex Max Trainer,Online Shopping,CAM44887 dofg2efeed1,Web,9/14/2015,9/19/2015,10,13040.00
Bowflex Max Trainer,Online Shopping,CAM44897 dofpgefeed1,Web,9/14/2015,9/19/2015,1,1599.00
Bowflex Max Trainer,Online Video,CAM44987 dovg2evl2,Web,9/14/2015,9/19/2015,1,1599.00
Bowflex Max Trainer,Online Search,CAM45009 dosg2eml1,Web,9/14/2015,9/19/2015,3,4197.00
Bowflex Max Trainer,Online Search,CAM45730 DOSG2ESL7,Web,9/14/2015,9/19/2015,4,6196.00
Bowflex Max Trainer,Electronic - Short Form,CAM45798 DSEESF14H,Web,9/14/2015,9/19/2015,1,1499.00
Bowflex Max Trainer,Electronic - Short Form,CAM45799 DSEESF14I,Web,9/14/2015,9/19/2015,1,1499.00
Bowflex Max Trainer,Online Search,CAM47150 DOSG2ESL9,Web,9/14/2015,9/19/2015,1,1099.00
Bowflex Max Trainer,Online Search,CAM47151 DOSG2EML2,Web,9/14/2015,9/19/2015,1,1749.00
Bowflex Max Trainer,Online Search,CAM47152 DOSBIESL8,Web,9/14/2015,9/19/2015,1,1599.00
Bowflex Max Trainer,Online Display,CAM47251 DODCTOEDL2,Web,9/14/2015,9/19/2015,5,8045.00
Bowflex Max Trainer,Online Video,CAM47606 DOVHULUEVL5,Web,9/14/2015,9/19/2015,1,1599.00
Bowflex Max Trainer,Online Search,CAM44223 SAWDOSBIE,Call Center Internal,9/14/2015,9/20/2015,1,1499.00
Bowflex Max Trainer,Online Search,CAM44230 SAWDOSG2E,Call Center Internal,9/14/2015,9/20/2015,7,10093.00
Bowflex Max Trainer,Electronic - UnSourced,CAM44236 SAWMAX,Call Center Internal,9/14/2015,9/20/2015,3,4497.00
Bowflex Max Trainer,Electronic - UnSourced,CAM44626 1800BOWFLEX_BMT,Call Center Internal,9/14/2015,9/20/2015,2,2698.00
Bowflex Max Trainer,Un-Sourced,CAM45327 1800MAXTRAINER,Call Center Internal,9/14/2015,9/20/2015,3,3817.30
Bowflex Max Trainer,Short Form,CAM47835 SUNDN180HAMF*TIC,Call Center Internal,9/14/2015,9/20/2015,1,1099.00
Bowflex Max Trainer,Online Search,CAM44230 SAWDOSG2E,Third Party Call Center - Evolve,9/14/2015,9/20/2015,1,1599.00
Bowflex Max Trainer,Online Shopping,CAM45043 SAWDOFG2E,Third Party Call Center - Evolve,9/14/2015,9/20/2015,1,999.00
Bowflex Max Trainer,Electronic - Short Form,CAM44191 dseesf14d,Web,9/14/2015,9/20/2015,1,1499.00
Bowflex Max Trainer,Online Search,CAM44429 dosbiesl1,Web,9/14/2015,9/20/2015,2,3198.00
Bowflex Max Trainer,Electronic - UnSourced,CAM44433 dege1sitemx,Web,9/14/2015,9/20/2015,34,27935.63
Bowflex Max Trainer,Online Search,CAM44435 dosg2egl1mx,Web,9/14/2015,9/20/2015,6,8994.00
Bowflex Max Trainer,Online Search,CAM44497 dosg2esl1,Web,9/14/2015,9/20/2015,9,13691.00
Bowflex Max Trainer,Online Search,CAM44520 dosbiegl1mx,Web,9/14/2015,9/20/2015,1,1749.00
Bowflex Max Trainer,Online Shopping,CAM44887 dofg2efeed1,Web,9/14/2015,9/20/2015,8,10692.00
Bowflex Max Trainer,Online Shopping,CAM44897 dofpgefeed1,Web,9/14/2015,9/20/2015,1,1012.73
Bowflex Max Trainer,Online Search,CAM45009 dosg2eml1,Web,9/14/2015,9/20/2015,4,5896.00
Bowflex Max Trainer,Electronic - Short Form,CAM45387 DSEESF14E,Web,9/14/2015,9/20/2015,1,1499.00
Bowflex Max Trainer,Online Search,CAM45730 DOSG2ESL7,Web,9/14/2015,9/20/2015,5,7895.00
Bowflex Max Trainer,Online Search,CAM45732 DOSBIESL7,Web,9/14/2015,9/20/2015,2,3248.00
Bowflex Max Trainer,Online Search,CAM47150 DOSG2ESL9,Web,9/14/2015,9/20/2015,4,6396.00
Bowflex Max Trainer,Online Search,CAM47151 DOSG2EML2,Web,9/14/2015,9/20/2015,3,4097.00
Bowflex Max Trainer,Online Search,CAM47152 DOSBIESL8,Web,9/14/2015,9/20/2015,3,4197.00
Bowflex Max Trainer,Online Video,CAM47248 DOVTMEVL1,Web,9/14/2015,9/20/2015,3,4297.00
Bowflex Max Trainer,Online Display,CAM47251 DODCTOEDL2,Web,9/14/2015,9/20/2015,5,7995.00
Bowflex Max Trainer,Online Video,CAM47606 DOVHULUEVL5,Web,9/14/2015,9/20/2015,1,1099.00
Bowflex Max Trainer,Online Social,CAM47987 DOXFBESCL001,Web,9/14/2015,9/20/2015,1,999.00
Bowflex Max Trainer,Online Social,CAM48003 DOXFBECAD2,Web,9/14/2015,9/20/2015,1,1499.00
Bowflex Max Trainer,Online Display,CAM47239 SAWDODCTOE,Third Party Call Center - Evolve,9/21/2015,9/21/2015,1,999.00
Bowflex Max Trainer,Online Search,CAM44952 dosbieml1,Web,9/21/2015,9/21/2015,1,1099.00
