Product Interest,Market Channel,Ad ID,Origin,Order Week Monday,Order Date,# of Kits,Value (Product + Shipping)
Bowflex Max Trainer,Electronic - Short Form,CAM45693 ICASESF14A,Web,4/13/2015,4/14/2015,1,1332.705
Bowflex Max Trainer,Electronic - UnSourced,CAM45699 SAWICAEEMAX,Call Center Internal,4/13/2015,4/14/2015,2,2826.95
Bowflex Max Trainer,Electronic - UnSourced,CAM45632 ICAEE1SITECMT,Web,4/13/2015,4/14/2015,2,2826.95
Bowflex Max Trainer,Online Search,CAM45690 SAWICAOSGCE,Call Center Internal,4/13/2015,4/14/2015,1,987.662
Bowflex Max Trainer,Online Search,CAM45624 ICAOSGCESL2,Web,4/13/2015,4/14/2015,3,3733.842
Bowflex Max Trainer,Online Search,CAM45633 ICAOSGCEGL1CMT,Web,4/13/2015,4/14/2015,1,1413.475
Bowflex Max Trainer,Electronic - UnSourced,CAM44236 SAWMAX,Call Center Internal,4/13/2015,4/15/2015,1,1776.132
Bowflex Max Trainer,Online Search,CAM45633 ICAOSGCEGL1CMT,Call Center Internal,4/13/2015,4/15/2015,1,987.662
Bowflex Max Trainer,Online Search,CAM45690 SAWICAOSGCE,Call Center Internal,4/13/2015,4/15/2015,1,1332.705
Bowflex Max Trainer,Online Search,CAM45628 ICAOSBCESL2,Web,4/13/2015,4/15/2015,1,987.662
Bowflex Max Trainer,Online Search,CAM45634 ICAOSBCEGL1CMT,Web,4/13/2015,4/15/2015,1,987.662
Bowflex Max Trainer,Short Form,CAM47331 CANCC120HAMF*KST,Call Center Internal,4/13/2015,4/15/2015,1,987.662
Bowflex Max Trainer,Un-Sourced,CAM45327 1800MAXTRAINER,Call Center Internal,4/13/2015,4/15/2015,2,2746.18
Bowflex Max Trainer,Electronic - Short Form,CAM45693 ICASESF14A,Web,4/13/2015,4/16/2015,1,1332.705
Bowflex Max Trainer,Electronic - Short Form,CAM45694 ICASESF14B,Web,4/13/2015,4/16/2015,1,1332.705
Bowflex Max Trainer,Electronic - UnSourced,CAM44236 SAWMAX,Call Center Internal,4/13/2015,4/16/2015,1,1413.475
Bowflex Max Trainer,Electronic - UnSourced,CAM45699 SAWICAEEMAX,Call Center Internal,4/13/2015,4/16/2015,1,1332.705
Bowflex Max Trainer,Online Search,CAM45690 SAWICAOSGCE,Call Center Internal,4/13/2015,4/16/2015,1,1332.705
Bowflex Max Trainer,Online Search,CAM45624 ICAOSGCESL2,Web,4/13/2015,4/16/2015,1,1332.705
Bowflex Max Trainer,Online Search,CAM45633 ICAOSGCEGL1CMT,Web,4/13/2015,4/16/2015,1,1413.475
Bowflex Max Trainer,Online Shopping,CAM45631 ICAOFG2EFEED1,Web,4/13/2015,4/16/2015,1,1413.475
Bowflex Max Trainer,Electronic - Short Form,CAM45694 ICASESF14B,Call Center Internal,4/13/2015,4/17/2015,1,1413.475
Bowflex Max Trainer,Electronic - Short Form,CAM45694 ICASESF14B,Web,4/13/2015,4/17/2015,2,2551.137
Bowflex Max Trainer,Electronic - UnSourced,CAM44626 1800BOWFLEX_BMT,Call Center Internal,4/13/2015,4/17/2015,2,2320.367
Bowflex Max Trainer,Online Search,CAM45690 SAWICAOSGCE,Call Center Internal,4/13/2015,4/17/2015,2,2746.18
Bowflex Max Trainer,Online Search,CAM45624 ICAOSGCESL2,Web,4/13/2015,4/17/2015,2,2401.137
Bowflex Max Trainer,Online Shopping,CAM45631 ICAOFG2EFEED1,Web,4/13/2015,4/17/2015,1,987.662
Bowflex Max Trainer,Un-Sourced,CAM45327 1800MAXTRAINER,Call Center Internal,4/13/2015,4/17/2015,1,1332.705
Bowflex Max Trainer,Electronic - Short Form,CAM45694 ICASESF14B,Call Center Internal,4/13/2015,4/18/2015,1,1413.475
Bowflex Max Trainer,Electronic - Short Form,CAM45693 ICASESF14A,Web,4/13/2015,4/18/2015,1,1332.705
Bowflex Max Trainer,Online Search,CAM45624 ICAOSGCESL2,Web,4/13/2015,4/18/2015,1,1413.475
Bowflex Max Trainer,Online Search,CAM45842 ICAOSGCESL9,Web,4/13/2015,4/18/2015,1,1413.475
Bowflex Max Trainer,Online Shopping,CAM45631 ICAOFG2EFEED1,Web,4/13/2015,4/18/2015,1,987.662
Bowflex Max Trainer,Electronic - Short Form,CAM45694 ICASESF14B,Web,4/13/2015,4/19/2015,1,987.662
Bowflex Max Trainer,Electronic - UnSourced,CAM44236 SAWMAX,Call Center Internal,4/13/2015,4/19/2015,1,1332.705
Bowflex Max Trainer,Electronic - UnSourced,CAM44626 1800BOWFLEX_BMT,Call Center Internal,4/13/2015,4/19/2015,2,2746.18
Bowflex Max Trainer,Electronic - UnSourced,CAM45632 ICAEE1SITECMT,Web,4/13/2015,4/19/2015,2,2826.95
Bowflex Max Trainer,Online Search,CAM45690 SAWICAOSGCE,Call Center Internal,4/13/2015,4/19/2015,1,1332.705
Bowflex Max Trainer,Online Search,CAM45624 ICAOSGCESL2,Web,4/13/2015,4/19/2015,2,2401.137
Bowflex Max Trainer,Online Search,CAM45633 ICAOSGCEGL1CMT,Web,4/13/2015,4/19/2015,1,1563.475
Bowflex Max Trainer,Online Search,CAM45841 ICAOSGCESL8,Web,4/13/2015,4/19/2015,1,987.662
Bowflex Max Trainer,Online Search,CAM45842 ICAOSGCESL9,Web,4/13/2015,4/19/2015,1,1413.475
Bowflex Max Trainer,Electronic - Short Form,CAM45693 ICASESF14A,Call Center Internal,4/20/2015,4/20/2015,1,1332.705
Bowflex Max Trainer,Online Display,CAM46534 ICAODAREDL1,Web,4/20/2015,4/20/2015,1,1413.475
Bowflex Max Trainer,Un-Sourced,CAM45327 1800MAXTRAINER,Call Center Internal,4/20/2015,4/20/2015,4,5411.59
Bowflex Max Trainer,Electronic - Short Form,CAM45693 ICASESF14A,Web,4/20/2015,4/21/2015,1,1332.705
Bowflex Max Trainer,Electronic - UnSourced,CAM45632 ICAEE1SITECMT,Web,4/20/2015,4/21/2015,1,987.662
Bowflex Max Trainer,Online Search,CAM45690 SAWICAOSGCE,Call Center Internal,4/20/2015,4/21/2015,1,1413.475
Bowflex Max Trainer,Online Search,CAM45624 ICAOSGCESL2,Web,4/20/2015,4/21/2015,2,2746.18
Bowflex Max Trainer,Online Search,CAM45628 ICAOSBCESL2,Web,4/20/2015,4/21/2015,1,987.662
Bowflex Max Trainer,Online Search,CAM45633 ICAOSGCEGL1CMT,Web,4/20/2015,4/21/2015,2,2665.41
Bowflex Max Trainer,Online Shopping,CAM45631 ICAOFG2EFEED1,Web,4/20/2015,4/21/2015,1,1413.475
Bowflex Max Trainer,Electronic - Short Form,CAM45693 ICASESF14A,Web,4/20/2015,4/22/2015,1,1332.705
Bowflex Max Trainer,Electronic - UnSourced,CAM44626 1800BOWFLEX_BMT,Call Center Internal,4/20/2015,4/22/2015,1,1413.475
Bowflex Max Trainer,Electronic - UnSourced,CAM45632 ICAEE1SITECMT,Web,4/20/2015,4/22/2015,1,1413.475
Bowflex Max Trainer,Online Search,CAM45624 ICAOSGCESL2,Web,4/20/2015,4/22/2015,1,1413.475
Bowflex Max Trainer,Online Search,CAM45633 ICAOSGCEGL1CMT,Web,4/20/2015,4/22/2015,1,1563.475
Bowflex Max Trainer,Electronic - Short Form,CAM45694 ICASESF14B,Call Center Internal,4/20/2015,4/23/2015,1,987.662
Bowflex Max Trainer,Electronic - UnSourced,CAM44236 SAWMAX,Call Center Internal,4/20/2015,4/23/2015,1,2664.602
Bowflex Max Trainer,Electronic - UnSourced,CAM45699 SAWICAEEMAX,Call Center Internal,4/20/2015,4/23/2015,1,1332.705
Bowflex Max Trainer,Online Search,CAM45628 ICAOSBCESL2,Web,4/20/2015,4/23/2015,1,1413.475
Bowflex Max Trainer,Online Search,CAM47271 ICAOSGCESL10,Web,4/20/2015,4/23/2015,1,1413.475
Bowflex Max Trainer,Online Search,CAM47272 ICAOSGCESL11,Web,4/20/2015,4/23/2015,1,1413.475
Bowflex Max Trainer,Online Shopping,CAM45631 ICAOFG2EFEED1,Web,4/20/2015,4/23/2015,1,1563.475
Bowflex Max Trainer,Short Form,CAM45709 TSN*C120BFMAXKST,Call Center Internal,4/20/2015,4/23/2015,1,987.662
Bowflex Max Trainer,Electronic - UnSourced,CAM45632 ICAEE1SITECMT,Web,4/20/2015,4/24/2015,1,1332.705
Bowflex Max Trainer,Online Search,CAM45626 ICAOSGCEML2,Call Center Internal,4/20/2015,4/24/2015,1,1332.705
Bowflex Max Trainer,Online Search,CAM45690 SAWICAOSGCE,Call Center Internal,4/20/2015,4/24/2015,1,1332.705
Bowflex Max Trainer,Short Form,CAM45706 NGEOC120BFMAXKST,Call Center Internal,4/20/2015,4/24/2015,1,1413.475
Bowflex Max Trainer,Electronic - UnSourced,CAM44626 1800BOWFLEX_BMT,Call Center Internal,4/20/2015,4/25/2015,2,2665.41
Bowflex Max Trainer,Electronic - UnSourced,CAM45699 SAWICAEEMAX,Call Center Internal,4/20/2015,4/25/2015,1,987.662
Bowflex Max Trainer,Electronic - UnSourced,CAM45632 ICAEE1SITECMT,Web,4/20/2015,4/25/2015,2,1975.325
Bowflex Max Trainer,Online Search,CAM45690 SAWICAOSGCE,Call Center Internal,4/20/2015,4/25/2015,1,987.662
Bowflex Max Trainer,Online Search,CAM45836 ICAOSGCESL3,Call Center Internal,4/20/2015,4/25/2015,1,1413.475
Bowflex Max Trainer,Online Search,CAM45633 ICAOSGCEGL1CMT,Web,4/20/2015,4/25/2015,1,1413.475
Bowflex Max Trainer,Online Shopping,CAM45631 ICAOFG2EFEED1,Web,4/20/2015,4/25/2015,1,987.662
Bowflex Max Trainer,Short Form,CAM45943 NHLNC120BFMAXKST,Call Center Internal,4/20/2015,4/25/2015,1,1413.475
Bowflex Max Trainer,Un-Sourced,CAM45327 1800MAXTRAINER,Call Center Internal,4/20/2015,4/25/2015,1,1332.705
Bowflex Max Trainer,Electronic - Short Form,CAM45694 ICASESF14B,Web,4/20/2015,4/26/2015,1,1332.705
Bowflex Max Trainer,Electronic - UnSourced,CAM44626 1800BOWFLEX_BMT,Call Center Internal,4/20/2015,4/26/2015,1,1332.705
Bowflex Max Trainer,Online Search,CAM45690 SAWICAOSGCE,Call Center Internal,4/20/2015,4/26/2015,1,1332.705
Bowflex Max Trainer,Online Search,CAM45624 ICAOSGCESL2,Web,4/20/2015,4/26/2015,1,1563.475
Bowflex Max Trainer,Online Shopping,CAM45631 ICAOFG2EFEED1,Web,4/20/2015,4/26/2015,1,987.662
Bowflex Max Trainer,Short Form,CAM47324 APTNC120HAMF*KST,Call Center Internal,4/20/2015,4/26/2015,1,1332.705
Bowflex Max Trainer,Electronic - UnSourced,CAM44236 SAWMAX,Call Center Internal,4/27/2015,4/27/2015,1,987.662
Bowflex Max Trainer,Electronic - UnSourced,CAM45632 ICAEE1SITECMT,Call Center Internal,4/27/2015,4/27/2015,1,971.508
Bowflex Max Trainer,Online Search,CAM45624 ICAOSGCESL2,Call Center Internal,4/27/2015,4/27/2015,1,1413.475
Bowflex Max Trainer,Online Search,CAM45633 ICAOSGCEGL1CMT,Call Center Internal,4/27/2015,4/27/2015,1,1413.475
Bowflex Max Trainer,Online Search,CAM45690 SAWICAOSGCE,Call Center Internal,4/27/2015,4/27/2015,1,1413.475
Bowflex Max Trainer,Online Search,CAM45691 SAWICAOSBCE,Call Center Internal,4/27/2015,4/27/2015,1,987.662
Bowflex Max Trainer,Online Search,CAM45624 ICAOSGCESL2,Web,4/27/2015,4/27/2015,2,2401.137
Bowflex Max Trainer,Online Search,CAM45842 ICAOSGCESL9,Web,4/27/2015,4/27/2015,1,1413.475
Bowflex Max Trainer,Short Form,CAM45938 APTNC120BFMAXKST,Call Center Internal,4/27/2015,4/27/2015,1,987.662
Bowflex Max Trainer,Electronic - UnSourced,CAM45632 ICAEE1SITECMT,Call Center Internal,4/27/2015,4/28/2015,1,987.662
Bowflex Max Trainer,Electronic - UnSourced,CAM45699 SAWICAEEMAX,Call Center Internal,4/27/2015,4/28/2015,1,987.662
Bowflex Max Trainer,Electronic - UnSourced,CAM45632 ICAEE1SITECMT,Web,4/27/2015,4/28/2015,1,987.662
Bowflex Max Trainer,Online Search,CAM45690 SAWICAOSGCE,Call Center Internal,4/27/2015,4/28/2015,1,1332.705
Bowflex Max Trainer,Online Search,CAM45624 ICAOSGCESL2,Web,4/27/2015,4/28/2015,1,1413.475
Bowflex Max Trainer,Online Search,CAM45633 ICAOSGCEGL1CMT,Web,4/27/2015,4/28/2015,1,1413.475
Bowflex Max Trainer,Un-Sourced,CAM45327 1800MAXTRAINER,Call Center Internal,4/27/2015,4/28/2015,1,1413.475
Bowflex Max Trainer,Electronic - UnSourced,CAM44236 SAWMAX,Call Center Internal,4/27/2015,4/29/2015,1,1413.475
Bowflex Max Trainer,Electronic - UnSourced,CAM45699 SAWICAEEMAX,Call Center Internal,4/27/2015,4/29/2015,1,1332.705
Bowflex Max Trainer,Online Search,CAM45624 ICAOSGCESL2,Web,4/27/2015,4/29/2015,2,2826.95
Bowflex Max Trainer,Online Search,CAM45633 ICAOSGCEGL1CMT,Web,4/27/2015,4/29/2015,2,2401.137
Bowflex Max Trainer,Online Search,CAM45634 ICAOSBCEGL1CMT,Web,4/27/2015,4/29/2015,1,1413.475
Bowflex Max Trainer,Online Shopping,CAM45631 ICAOFG2EFEED1,Web,4/27/2015,4/29/2015,1,987.662
Bowflex Max Trainer,Un-Sourced,CAM45327 1800MAXTRAINER,Call Center Internal,4/27/2015,4/29/2015,3,3633.842
Bowflex Max Trainer,Electronic - UnSourced,CAM44626 1800BOWFLEX_BMT,Call Center Internal,4/27/2015,4/30/2015,2,2746.18
Bowflex Max Trainer,Online Search,CAM45624 ICAOSGCESL2,Web,4/27/2015,4/30/2015,1,987.662
Bowflex Max Trainer,Electronic - UnSourced,CAM44626 1800BOWFLEX_BMT,Call Center Internal,4/27/2015,5/1/2015,3,3715.538
Bowflex Max Trainer,Electronic - UnSourced,CAM45632 ICAEE1SITECMT,Web,4/27/2015,5/1/2015,1,1438.325
Bowflex Max Trainer,Online Search,CAM45690 SAWICAOSGCE,Call Center Internal,4/27/2015,5/1/2015,1,1438.325
Bowflex Max Trainer,Online Search,CAM45624 ICAOSGCESL2,Web,4/27/2015,5/1/2015,1,1003.268
Bowflex Max Trainer,Online Search,CAM45842 ICAOSGCESL9,Web,4/27/2015,5/1/2015,1,1438.325
Bowflex Max Trainer,Online Shopping,CAM45631 ICAOFG2EFEED1,Web,4/27/2015,5/1/2015,1,1438.325
Bowflex Max Trainer,Electronic - Short Form,CAM45693 ICASESF14A,Call Center Internal,4/27/2015,5/2/2015,1,1438.325
Bowflex Max Trainer,Electronic - Short Form,CAM45693 ICASESF14A,Web,4/27/2015,5/2/2015,1,1003.268
Bowflex Max Trainer,Electronic - Short Form,CAM45694 ICASESF14B,Web,4/27/2015,5/2/2015,1,1356.135
Bowflex Max Trainer,Electronic - UnSourced,CAM44236 SAWMAX,Call Center Internal,4/27/2015,5/2/2015,1,1356.135
Bowflex Max Trainer,Electronic - UnSourced,CAM45632 ICAEE1SITECMT,Call Center Internal,4/27/2015,5/2/2015,1,1438.325
Bowflex Max Trainer,Electronic - UnSourced,CAM45632 ICAEE1SITECMT,Web,4/27/2015,5/2/2015,2,2794.46
Bowflex Max Trainer,Online Search,CAM45624 ICAOSGCESL2,Call Center Internal,4/27/2015,5/2/2015,1,1438.325
Bowflex Max Trainer,Online Search,CAM45690 SAWICAOSGCE,Call Center Internal,4/27/2015,5/2/2015,1,1438.325
Bowflex Max Trainer,Online Search,CAM45624 ICAOSGCESL2,Web,4/27/2015,5/2/2015,1,1588.325
Bowflex Max Trainer,Online Search,CAM45626 ICAOSGCEML2,Web,4/27/2015,5/2/2015,1,1003.268
Bowflex Max Trainer,Online Search,CAM47271 ICAOSGCESL10,Web,4/27/2015,5/2/2015,1,1003.268
Bowflex Max Trainer,Electronic - UnSourced,CAM45632 ICAEE1SITECMT,Web,4/27/2015,5/3/2015,2,2876.65
Bowflex Max Trainer,Online Search,CAM45626 ICAOSGCEML2,Call Center Internal,4/27/2015,5/3/2015,1,1438.325
Bowflex Max Trainer,Online Search,CAM45624 ICAOSGCESL2,Web,4/27/2015,5/3/2015,1,1356.135
Bowflex Max Trainer,Un-Sourced,CAM45327 1800MAXTRAINER,Call Center Internal,4/27/2015,5/3/2015,1,1003.268
Bowflex Max Trainer,Electronic - Short Form,CAM45694 ICASESF14B,Call Center Internal,5/4/2015,5/4/2015,1,1003.268
Bowflex Max Trainer,Electronic - Short Form,CAM45693 ICASESF14A,Web,5/4/2015,5/4/2015,1,1356.135
Bowflex Max Trainer,Electronic - Short Form,CAM45694 ICASESF14B,Web,5/4/2015,5/4/2015,1,1356.135
Bowflex Max Trainer,Electronic - UnSourced,CAM43991 SAWWEBTC_BMT,Call Center Internal,5/4/2015,5/4/2015,1,1003.268
Bowflex Max Trainer,Electronic - UnSourced,CAM44626 1800BOWFLEX_BMT,Call Center Internal,5/4/2015,5/4/2015,2,2427.006
Bowflex Max Trainer,Online Search,CAM45624 ICAOSGCESL2,Call Center Internal,5/4/2015,5/4/2015,1,1356.135
Bowflex Max Trainer,Online Search,CAM45624 ICAOSGCESL2,Web,5/4/2015,5/4/2015,1,1003.268
Bowflex Max Trainer,Un-Sourced,CAM45327 1800MAXTRAINER,Call Center Internal,5/4/2015,5/4/2015,5,5974.941
Bowflex Max Trainer,Electronic - Short Form,CAM45693 ICASESF14A,Call Center Internal,5/4/2015,5/5/2015,1,1356.135
Bowflex Max Trainer,Electronic - Short Form,CAM45693 ICASESF14A,Web,5/4/2015,5/5/2015,1,1356.135
Bowflex Max Trainer,Electronic - Short Form,CAM45694 ICASESF14B,Web,5/4/2015,5/5/2015,1,1356.135
Bowflex Max Trainer,Online Display,CAM46536 ICAODAREDL3,Web,5/4/2015,5/5/2015,1,1003.268
Bowflex Max Trainer,Online Search,CAM45690 SAWICAOSGCE,Call Center Internal,5/4/2015,5/5/2015,1,1356.135
Bowflex Max Trainer,Online Search,CAM45692 SAWICAOFG2E,Call Center Internal,5/4/2015,5/5/2015,2,1906.536
Bowflex Max Trainer,Online Search,CAM45624 ICAOSGCESL2,Web,5/4/2015,5/5/2015,1,1003.268
Bowflex Max Trainer,Online Search,CAM45633 ICAOSGCEGL1CMT,Web,5/4/2015,5/5/2015,1,1003.268
Bowflex Max Trainer,Online Search,CAM47271 ICAOSGCESL10,Web,5/4/2015,5/5/2015,1,1356.135
Bowflex Max Trainer,Un-Sourced,CAM45327 1800MAXTRAINER,Call Center Internal,5/4/2015,5/5/2015,3,3715.538
Bowflex Max Trainer,Electronic - UnSourced,CAM45632 ICAEE1SITECMT,Call Center Internal,5/4/2015,5/6/2015,1,1356.135
Bowflex Max Trainer,Electronic - UnSourced,CAM45632 ICAEE1SITECMT,Web,5/4/2015,5/6/2015,2,2441.593
Bowflex Max Trainer,Online Search,CAM45624 ICAOSGCESL2,Call Center Internal,5/4/2015,5/6/2015,1,1356.135
Bowflex Max Trainer,Online Search,CAM45690 SAWICAOSGCE,Call Center Internal,5/4/2015,5/6/2015,1,1003.268
Bowflex Max Trainer,Online Search,CAM45624 ICAOSGCESL2,Web,5/4/2015,5/6/2015,2,2441.593
Bowflex Max Trainer,Short Form,CAM45941 IFC*C120BFMAXKST,Call Center Internal,5/4/2015,5/6/2015,1,1438.325
Bowflex Max Trainer,Short Form,CAM47570 CI**C120HAMF*KST,Call Center Internal,5/4/2015,5/6/2015,1,1725.168
Bowflex Max Trainer,Electronic - UnSourced,CAM44626 1800BOWFLEX_BMT,Call Center Internal,5/4/2015,5/7/2015,1,1003.268
Bowflex Max Trainer,Electronic - UnSourced,CAM45632 ICAEE1SITECMT,Web,5/4/2015,5/7/2015,1,1003.268
Bowflex Max Trainer,Online Search,CAM45624 ICAOSGCESL2,Web,5/4/2015,5/7/2015,2,3026.65
Bowflex Max Trainer,Online Search,CAM45626 ICAOSGCEML2,Web,5/4/2015,5/7/2015,1,1003.268
Bowflex Max Trainer,Online Search,CAM45633 ICAOSGCEGL1CMT,Web,5/4/2015,5/7/2015,1,1438.325
Bowflex Max Trainer,Online Search,CAM45634 ICAOSBCEGL1CMT,Web,5/4/2015,5/7/2015,1,1438.325
Bowflex Max Trainer,Electronic - Short Form,CAM45694 ICASESF14B,Call Center Internal,5/4/2015,5/8/2015,1,1356.135
Bowflex Max Trainer,Electronic - UnSourced,CAM45699 SAWICAEEMAX,Call Center Internal,5/4/2015,5/8/2015,1,1438.325
Bowflex Max Trainer,Electronic - UnSourced,CAM45632 ICAEE1SITECMT,Web,5/4/2015,5/8/2015,1,1003.268
Bowflex Max Trainer,Online Search,CAM45624 ICAOSGCESL2,Web,5/4/2015,5/8/2015,1,1438.325
Bowflex Max Trainer,Online Search,CAM47271 ICAOSGCESL10,Web,5/4/2015,5/8/2015,1,1003.268
Bowflex Max Trainer,Electronic - Short Form,CAM45693 ICASESF14A,Web,5/4/2015,5/9/2015,2,2591.593
Bowflex Max Trainer,Electronic - UnSourced,CAM45699 SAWICAEEMAX,Call Center Internal,5/4/2015,5/9/2015,1,1438.325
Bowflex Max Trainer,Online Search,CAM47274 ICAOSBCESL11,Call Center Internal,5/4/2015,5/9/2015,1,1438.325
Bowflex Max Trainer,Online Search,CAM45624 ICAOSGCESL2,Web,5/4/2015,5/9/2015,2,2441.593
Bowflex Max Trainer,Online Search,CAM45628 ICAOSBCESL2,Web,5/4/2015,5/9/2015,1,1438.325
Bowflex Max Trainer,Short Form,CAM47569 BIO*C120HAMF*KST,Call Center Internal,5/4/2015,5/9/2015,1,1725.168
Bowflex Max Trainer,Un-Sourced,CAM45327 1800MAXTRAINER,Call Center Internal,5/4/2015,5/9/2015,1,1438.325
Bowflex Max Trainer,Electronic - UnSourced,CAM44626 1800BOWFLEX_BMT,Call Center Internal,5/4/2015,5/10/2015,1,1003.268
Bowflex Max Trainer,Electronic - UnSourced,CAM45632 ICAEE1SITECMT,Web,5/4/2015,5/10/2015,1,1003.268
Bowflex Max Trainer,Online Search,CAM45624 ICAOSGCESL2,Web,5/4/2015,5/10/2015,2,2441.593
Bowflex Max Trainer,Online Search,CAM45628 ICAOSBCESL2,Web,5/4/2015,5/10/2015,1,1003.268
Bowflex Max Trainer,Online Search,CAM45633 ICAOSGCEGL1CMT,Web,5/4/2015,5/10/2015,2,2876.65
Bowflex Max Trainer,Electronic - Short Form,CAM45694 ICASESF14B,Web,5/11/2015,5/11/2015,1,1356.135
Bowflex Max Trainer,Electronic - UnSourced,CAM44236 SAWMAX,Call Center Internal,5/11/2015,5/11/2015,1,1356.135
Bowflex Max Trainer,Electronic - UnSourced,CAM45699 SAWICAEEMAX,Call Center Internal,5/11/2015,5/11/2015,1,1438.325
Bowflex Max Trainer,Electronic - UnSourced,CAM45632 ICAEE1SITECMT,Web,5/11/2015,5/11/2015,1,1438.325
Bowflex Max Trainer,Online Search,CAM45691 SAWICAOSBCE,Call Center Internal,5/11/2015,5/11/2015,1,1356.135
Bowflex Max Trainer,Online Search,CAM45624 ICAOSGCESL2,Web,5/11/2015,5/11/2015,1,1438.325
Bowflex Max Trainer,Online Search,CAM45633 ICAOSGCEGL1CMT,Web,5/11/2015,5/11/2015,1,1438.325
Bowflex Max Trainer,Un-Sourced,CAM45327 1800MAXTRAINER,Call Center Internal,5/11/2015,5/11/2015,1,1438.325
Bowflex Max Trainer,Electronic - Short Form,CAM45694 ICASESF14B,Web,5/11/2015,5/12/2015,1,1356.135
Bowflex Max Trainer,Electronic - UnSourced,CAM44626 1800BOWFLEX_BMT,Call Center Internal,5/11/2015,5/12/2015,1,1438.325
Bowflex Max Trainer,Online Search,CAM45690 SAWICAOSGCE,Call Center Internal,5/11/2015,5/12/2015,2,2006.536
Bowflex Max Trainer,Online Search,CAM45624 ICAOSGCESL2,Web,5/11/2015,5/12/2015,1,1003.268
Bowflex Max Trainer,Electronic - Short Form,CAM45693 ICASESF14A,Web,5/11/2015,5/13/2015,1,1356.135
Bowflex Max Trainer,Electronic - UnSourced,CAM44236 SAWMAX,Call Center Internal,5/11/2015,5/13/2015,1,1273.123
Bowflex Max Trainer,Electronic - UnSourced,CAM44626 1800BOWFLEX_BMT,Call Center Internal,5/11/2015,5/13/2015,2,2359.403
Bowflex Max Trainer,Electronic - UnSourced,CAM45632 ICAEE1SITECMT,Web,5/11/2015,5/13/2015,2,2876.65
Bowflex Max Trainer,Online Display,CAM46536 ICAODAREDL3,Web,5/11/2015,5/13/2015,1,1438.325
Bowflex Max Trainer,Online Search,CAM45624 ICAOSGCESL2,Web,5/11/2015,5/13/2015,1,1003.268
Bowflex Max Trainer,Online Search,CAM45634 ICAOSBCEGL1CMT,Web,5/11/2015,5/13/2015,1,1438.325
Bowflex Max Trainer,Un-Sourced,CAM45327 1800MAXTRAINER,Call Center Internal,5/11/2015,5/13/2015,2,2441.593
Bowflex Max Trainer,Electronic - Short Form,CAM45694 ICASESF14B,Call Center Internal,5/11/2015,5/14/2015,1,1356.135
Bowflex Max Trainer,Electronic - Short Form,CAM45694 ICASESF14B,Web,5/11/2015,5/14/2015,1,1356.135
Bowflex Max Trainer,Electronic - UnSourced,CAM44626 1800BOWFLEX_BMT,Call Center Internal,5/11/2015,5/14/2015,2,2794.46
Bowflex Max Trainer,Electronic - UnSourced,CAM45632 ICAEE1SITECMT,Web,5/11/2015,5/14/2015,1,1438.325
Bowflex Max Trainer,Online Search,CAM45690 SAWICAOSGCE,Call Center Internal,5/11/2015,5/14/2015,1,1438.325
Bowflex Max Trainer,Online Search,CAM45691 SAWICAOSBCE,Call Center Internal,5/11/2015,5/14/2015,1,1003.268
Bowflex Max Trainer,Un-Sourced,CAM45327 1800MAXTRAINER,Call Center Internal,5/11/2015,5/14/2015,2,2359.403
Bowflex Max Trainer,Electronic - Short Form,CAM45694 ICASESF14B,Web,5/11/2015,5/15/2015,1,1438.325
Bowflex Max Trainer,Electronic - UnSourced,CAM44626 1800BOWFLEX_BMT,Call Center Internal,5/11/2015,5/15/2015,1,1003.268
Bowflex Max Trainer,Electronic - UnSourced,CAM45699 SAWICAEEMAX,Call Center Internal,5/11/2015,5/15/2015,1,1356.135
Bowflex Max Trainer,Electronic - UnSourced,CAM45632 ICAEE1SITECMT,Web,5/11/2015,5/15/2015,1,1438.325
Bowflex Max Trainer,Online Search,CAM45690 SAWICAOSGCE,Call Center Internal,5/11/2015,5/15/2015,1,1003.268
Bowflex Max Trainer,Online Search,CAM45624 ICAOSGCESL2,Web,5/11/2015,5/15/2015,3,4029.918
Bowflex Max Trainer,Online Search,CAM45633 ICAOSGCEGL1CMT,Web,5/11/2015,5/15/2015,3,3797.728
Bowflex Max Trainer,Online Search,CAM45842 ICAOSGCESL9,Web,5/11/2015,5/15/2015,1,1588.325
Bowflex Max Trainer,Online Shopping,CAM45631 ICAOFG2EFEED1,Web,5/11/2015,5/15/2015,1,1438.325
Bowflex Max Trainer,Un-Sourced,CAM45327 1800MAXTRAINER,Call Center Internal,5/11/2015,5/15/2015,2,2794.46
Bowflex Max Trainer,Electronic - Short Form,CAM45694 ICASESF14B,Call Center Internal,5/11/2015,5/16/2015,1,1356.135
Bowflex Max Trainer,Electronic - Short Form,CAM45694 ICASESF14B,Web,5/11/2015,5/16/2015,1,1588.325
Bowflex Max Trainer,Electronic - UnSourced,CAM44236 SAWMAX,Call Center Internal,5/11/2015,5/16/2015,1,1003.268
Bowflex Max Trainer,Electronic - UnSourced,CAM45699 SAWICAEEMAX,Call Center Internal,5/11/2015,5/16/2015,1,1003.268
Bowflex Max Trainer,Online Search,CAM45690 SAWICAOSGCE,Call Center Internal,5/11/2015,5/16/2015,1,1438.325
Bowflex Max Trainer,Online Search,CAM45624 ICAOSGCESL2,Web,5/11/2015,5/16/2015,2,2441.593
Bowflex Max Trainer,Electronic - Short Form,CAM45694 ICASESF14B,Web,5/11/2015,5/17/2015,1,1356.135
Bowflex Max Trainer,Electronic - UnSourced,CAM44236 SAWMAX,Call Center Internal,5/11/2015,5/17/2015,2,2794.46
Bowflex Max Trainer,Online Search,CAM45624 ICAOSGCESL2,Web,5/11/2015,5/17/2015,3,4464.975
Bowflex Max Trainer,Online Search,CAM45626 ICAOSGCEML2,Web,5/11/2015,5/17/2015,1,1588.325
Bowflex Max Trainer,Online Search,CAM45633 ICAOSGCEGL1CMT,Web,5/11/2015,5/17/2015,1,1003.268
Bowflex Max Trainer,Un-Sourced,CAM45327 1800MAXTRAINER,Call Center Internal,5/11/2015,5/17/2015,3,3715.538
Bowflex Max Trainer,Electronic - Short Form,CAM45694 ICASESF14B,Web,5/18/2015,5/18/2015,2,2794.46
Bowflex Max Trainer,Electronic - UnSourced,CAM44236 SAWMAX,Call Center Internal,5/18/2015,5/18/2015,1,1356.135
Bowflex Max Trainer,Electronic - UnSourced,CAM44626 1800BOWFLEX_BMT,Call Center Internal,5/18/2015,5/18/2015,1,1356.135
Bowflex Max Trainer,Online Search,CAM45692 SAWICAOFG2E,Call Center Internal,5/18/2015,5/18/2015,1,1396.408
Bowflex Max Trainer,Online Search,CAM45624 ICAOSGCESL2,Web,5/18/2015,5/18/2015,1,1438.325
Bowflex Max Trainer,Online Search,CAM45633 ICAOSGCEGL1CMT,Web,5/18/2015,5/18/2015,3,4314.975
Bowflex Max Trainer,Online Search,CAM45634 ICAOSBCEGL1CMT,Web,5/18/2015,5/18/2015,1,1003.268
Bowflex Max Trainer,Online Search,CAM47272 ICAOSGCESL11,Web,5/18/2015,5/18/2015,1,1438.325
Bowflex Max Trainer,Un-Sourced,CAM45327 1800MAXTRAINER,Call Center Internal,5/18/2015,5/18/2015,1,1396.408
Bowflex Max Trainer,Electronic - UnSourced,CAM44626 1800BOWFLEX_BMT,Call Center Internal,5/18/2015,5/19/2015,1,1356.135
Bowflex Max Trainer,Electronic - UnSourced,CAM45699 SAWICAEEMAX,Call Center Internal,5/18/2015,5/19/2015,1,1438.325
Bowflex Max Trainer,Electronic - UnSourced,CAM45632 ICAEE1SITECMT,Web,5/18/2015,5/19/2015,3,4029.918
Bowflex Max Trainer,Online Search,CAM45690 SAWICAOSGCE,Call Center Internal,5/18/2015,5/19/2015,1,1003.268
Bowflex Max Trainer,Online Search,CAM45624 ICAOSGCESL2,Web,5/18/2015,5/19/2015,1,1438.325
Bowflex Max Trainer,Online Search,CAM45633 ICAOSGCEGL1CMT,Web,5/18/2015,5/19/2015,1,1438.325
Bowflex Max Trainer,Online Search,CAM47271 ICAOSGCESL10,Web,5/18/2015,5/19/2015,1,1356.135
Bowflex Max Trainer,Online Shopping,CAM45631 ICAOFG2EFEED1,Web,5/18/2015,5/19/2015,1,1438.325
Bowflex Max Trainer,Un-Sourced,CAM45327 1800MAXTRAINER,Call Center Internal,5/18/2015,5/19/2015,1,1356.135
Bowflex Max Trainer,Electronic - UnSourced,CAM44626 1800BOWFLEX_BMT,Call Center Internal,5/18/2015,5/20/2015,4,5153.863
Bowflex Max Trainer,Electronic - UnSourced,CAM45632 ICAEE1SITECMT,Call Center Internal,5/18/2015,5/20/2015,1,1438.325
Bowflex Max Trainer,Electronic - UnSourced,CAM45699 SAWICAEEMAX,Call Center Internal,5/18/2015,5/20/2015,1,1356.135
Bowflex Max Trainer,Online Search,CAM45624 ICAOSGCESL2,Web,5/18/2015,5/20/2015,2,2441.593
Bowflex Max Trainer,Online Search,CAM45628 ICAOSBCESL2,Web,5/18/2015,5/20/2015,1,1003.268
Bowflex Max Trainer,Online Search,CAM45841 ICAOSGCESL8,Web,5/18/2015,5/20/2015,1,1003.268
Bowflex Max Trainer,Online Shopping,CAM45631 ICAOFG2EFEED1,Web,5/18/2015,5/20/2015,1,1438.325
Bowflex Max Trainer,Electronic - Short Form,CAM45694 ICASESF14B,Web,5/18/2015,5/21/2015,1,1356.135
Bowflex Max Trainer,Electronic - UnSourced,CAM44626 1800BOWFLEX_BMT,Call Center Internal,5/18/2015,5/21/2015,1,1356.135
Bowflex Max Trainer,Online Search,CAM45690 SAWICAOSGCE,Call Center Internal,5/18/2015,5/21/2015,1,1438.325
Bowflex Max Trainer,Online Search,CAM45624 ICAOSGCESL2,Web,5/18/2015,5/21/2015,1,1438.325
Bowflex Max Trainer,Online Search,CAM45628 ICAOSBCESL2,Web,5/18/2015,5/21/2015,1,1003.268
Bowflex Max Trainer,Un-Sourced,CAM45327 1800MAXTRAINER,Call Center Internal,5/18/2015,5/21/2015,3,3221.576
Bowflex Max Trainer,Electronic - Short Form,CAM45694 ICASESF14B,Web,5/18/2015,5/22/2015,1,1003.268
Bowflex Max Trainer,Electronic - UnSourced,CAM45632 ICAEE1SITECMT,Web,5/18/2015,5/22/2015,2,2441.593
Bowflex Max Trainer,Online Search,CAM45624 ICAOSGCESL2,Call Center Internal,5/18/2015,5/22/2015,1,1438.325
Bowflex Max Trainer,Online Search,CAM45690 SAWICAOSGCE,Call Center Internal,5/18/2015,5/22/2015,1,1438.325
Bowflex Max Trainer,Online Search,CAM45691 SAWICAOSBCE,Call Center Internal,5/18/2015,5/22/2015,1,1356.135
Bowflex Max Trainer,Online Search,CAM45624 ICAOSGCESL2,Web,5/18/2015,5/22/2015,2,2441.593
Bowflex Max Trainer,Online Search,CAM45633 ICAOSGCEGL1CMT,Web,5/18/2015,5/22/2015,1,1003.268
Bowflex Max Trainer,Online Search,CAM45634 ICAOSBCEGL1CMT,Web,5/18/2015,5/22/2015,1,1438.325
Bowflex Max Trainer,Online Search,CAM45628 ICAOSBCESL2,Web,5/18/2015,5/23/2015,1,1356.135
Bowflex Max Trainer,Short Form,CAM47570 CI**C120HAMF*KST,Call Center Internal,5/18/2015,5/23/2015,1,2662.216
Bowflex Max Trainer,Un-Sourced,CAM45327 1800MAXTRAINER,Call Center Internal,5/18/2015,5/23/2015,2,2006.536
Bowflex Max Trainer,Electronic - Short Form,CAM45694 ICASESF14B,Web,5/18/2015,5/24/2015,1,1003.268
Bowflex Max Trainer,Online Search,CAM45690 SAWICAOSGCE,Call Center Internal,5/18/2015,5/24/2015,1,1356.135
Bowflex Max Trainer,Online Search,CAM45624 ICAOSGCESL2,Web,5/18/2015,5/24/2015,3,3444.861
Bowflex Max Trainer,Online Search,CAM45633 ICAOSGCEGL1CMT,Web,5/18/2015,5/24/2015,2,2591.593
Bowflex Max Trainer,Online Search,CAM45840 ICAOSGCESL7,Web,5/18/2015,5/24/2015,1,1588.325
Bowflex Max Trainer,Un-Sourced,CAM45327 1800MAXTRAINER,Call Center Internal,5/18/2015,5/24/2015,1,1356.135
Bowflex Max Trainer,Electronic - UnSourced,CAM44626 1800BOWFLEX_BMT,Call Center Internal,5/25/2015,5/25/2015,2,2712.27
Bowflex Max Trainer,Online Search,CAM45690 SAWICAOSGCE,Call Center Internal,5/25/2015,5/25/2015,1,1003.268
Bowflex Max Trainer,Online Search,CAM45624 ICAOSGCESL2,Web,5/25/2015,5/25/2015,2,2006.536
Bowflex Max Trainer,Online Search,CAM45626 ICAOSGCEML2,Web,5/25/2015,5/25/2015,1,1003.268
Bowflex Max Trainer,Short Form,CAM47678 HISTC60*HAMF*KST,Call Center Internal,5/25/2015,5/25/2015,1,2958.018
Bowflex Max Trainer,Un-Sourced,CAM45327 1800MAXTRAINER,Call Center Internal,5/25/2015,5/25/2015,3,4150.595
Bowflex Max Trainer,Electronic - UnSourced,CAM44236 SAWMAX,Call Center Internal,5/25/2015,5/26/2015,1,1438.325
Bowflex Max Trainer,Electronic - UnSourced,CAM44626 1800BOWFLEX_BMT,Call Center Internal,5/25/2015,5/26/2015,1,1003.268
Bowflex Max Trainer,Electronic - UnSourced,CAM45632 ICAEE1SITECMT,Call Center Internal,5/25/2015,5/26/2015,1,1356.135
Bowflex Max Trainer,Electronic - UnSourced,CAM45632 ICAEE1SITECMT,Web,5/25/2015,5/26/2015,1,1438.325
Bowflex Max Trainer,Online Search,CAM45624 ICAOSGCESL2,Call Center Internal,5/25/2015,5/26/2015,2,2876.65
Bowflex Max Trainer,Online Search,CAM45691 SAWICAOSBCE,Call Center Internal,5/25/2015,5/26/2015,1,1438.325
Bowflex Max Trainer,Online Search,CAM45633 ICAOSGCEGL1CMT,Web,5/25/2015,5/26/2015,1,1003.268
Bowflex Max Trainer,Online Shopping,CAM45631 ICAOFG2EFEED1,Web,5/25/2015,5/26/2015,1,1438.325
Bowflex Max Trainer,Online Search,CAM45628 ICAOSBCESL2,Call Center Internal,5/25/2015,5/27/2015,1,1356.135
Bowflex Max Trainer,Online Search,CAM45691 SAWICAOSBCE,Call Center Internal,5/25/2015,5/27/2015,1,1438.325
Bowflex Max Trainer,Online Search,CAM45624 ICAOSGCESL2,Web,5/25/2015,5/27/2015,1,1438.325
Bowflex Max Trainer,Online Search,CAM45626 ICAOSGCEML2,Web,5/25/2015,5/27/2015,1,1438.325
Bowflex Max Trainer,Online Search,CAM45841 ICAOSGCESL8,Web,5/25/2015,5/27/2015,1,1003.268
Bowflex Max Trainer,Online Shopping,CAM45631 ICAOFG2EFEED1,Web,5/25/2015,5/27/2015,1,1438.325
Bowflex Max Trainer,Un-Sourced,CAM45327 1800MAXTRAINER,Call Center Internal,5/25/2015,5/27/2015,2,2006.536
Bowflex Max Trainer,Electronic - UnSourced,CAM44236 SAWMAX,Call Center Internal,5/25/2015,5/28/2015,2,2712.27
Bowflex Max Trainer,Electronic - UnSourced,CAM44626 1800BOWFLEX_BMT,Call Center Internal,5/25/2015,5/28/2015,1,1356.135
Bowflex Max Trainer,Online Search,CAM45692 SAWICAOFG2E,Call Center Internal,5/25/2015,5/28/2015,1,1356.135
Bowflex Max Trainer,Online Search,CAM45624 ICAOSGCESL2,Web,5/25/2015,5/28/2015,1,1438.325
Bowflex Max Trainer,Online Shopping,CAM45631 ICAOFG2EFEED1,Web,5/25/2015,5/28/2015,1,1003.268
Bowflex Max Trainer,Un-Sourced,CAM45327 1800MAXTRAINER,Call Center Internal,5/25/2015,5/28/2015,1,1356.135
Bowflex Max Trainer,Electronic - UnSourced,CAM45632 ICAEE1SITECMT,Web,5/25/2015,5/29/2015,1,1003.268
Bowflex Max Trainer,Online Search,CAM45690 SAWICAOSGCE,Call Center Internal,5/25/2015,5/29/2015,2,2794.46
Bowflex Max Trainer,Online Search,CAM45624 ICAOSGCESL2,Web,5/25/2015,5/29/2015,1,1438.325
Bowflex Max Trainer,Online Shopping,CAM45631 ICAOFG2EFEED1,Call Center Internal,5/25/2015,5/29/2015,1,1356.135
Bowflex Max Trainer,Un-Sourced,CAM45327 1800MAXTRAINER,Call Center Internal,5/25/2015,5/29/2015,1,1356.135
Bowflex Max Trainer,Electronic - UnSourced,CAM44626 1800BOWFLEX_BMT,Call Center Internal,5/25/2015,5/30/2015,3,3797.728
Bowflex Max Trainer,Electronic - UnSourced,CAM45632 ICAEE1SITECMT,Call Center Internal,5/25/2015,5/30/2015,2,2794.46
Bowflex Max Trainer,Electronic - UnSourced,CAM45632 ICAEE1SITECMT,Web,5/25/2015,5/30/2015,2,2441.593
Bowflex Max Trainer,Online Search,CAM47271 ICAOSGCESL10,Call Center Internal,5/25/2015,5/30/2015,1,1003.268
Bowflex Max Trainer,Online Search,CAM45633 ICAOSGCEGL1CMT,Web,5/25/2015,5/30/2015,1,1438.325
Bowflex Max Trainer,Un-Sourced,CAM45327 1800MAXTRAINER,Call Center Internal,5/25/2015,5/30/2015,1,1356.135
Bowflex Max Trainer,Electronic - Short Form,CAM45694 ICASESF14B,Web,5/25/2015,5/31/2015,1,1356.135
Bowflex Max Trainer,Electronic - UnSourced,CAM44626 1800BOWFLEX_BMT,Call Center Internal,5/25/2015,5/31/2015,1,1438.325
Bowflex Max Trainer,Electronic - UnSourced,CAM45632 ICAEE1SITECMT,Web,5/25/2015,5/31/2015,1,1438.325
Bowflex Max Trainer,Online Search,CAM45690 SAWICAOSGCE,Call Center Internal,5/25/2015,5/31/2015,2,2318.308
Bowflex Max Trainer,Online Search,CAM45624 ICAOSGCESL2,Web,5/25/2015,5/31/2015,2,2441.593
Bowflex Max Trainer,Online Search,CAM45626 ICAOSGCEML2,Web,5/25/2015,5/31/2015,1,1438.325
Bowflex Max Trainer,Online Search,CAM45633 ICAOSGCEGL1CMT,Web,5/25/2015,5/31/2015,1,1438.325
Bowflex Max Trainer,Online Shopping,CAM45631 ICAOFG2EFEED1,Web,5/25/2015,5/31/2015,1,1438.325
Bowflex Max Trainer,Short Form,CAM47570 CI**C120HAMF*KST,Call Center Internal,5/25/2015,5/31/2015,1,1356.135
Bowflex Max Trainer,Electronic - Short Form,CAM45694 ICASESF14B,Call Center Internal,6/1/2015,6/1/2015,1,1416.275
Bowflex Max Trainer,Electronic - UnSourced,CAM45699 SAWICAEEMAX,Call Center Internal,6/1/2015,6/1/2015,1,1416.275
Bowflex Max Trainer,Online Search,CAM45690 SAWICAOSGCE,Call Center Internal,6/1/2015,6/1/2015,1,1416.275
Bowflex Max Trainer,Online Search,CAM45841 ICAOSGCESL8,Call Center Internal,6/1/2015,6/1/2015,1,989.421
Bowflex Max Trainer,Online Search,CAM45626 ICAOSGCEML2,Web,6/1/2015,6/1/2015,1,1416.275
Bowflex Max Trainer,Online Search,CAM45633 ICAOSGCEGL1CMT,Web,6/1/2015,6/1/2015,1,1416.275
Bowflex Max Trainer,Online Shopping,CAM45631 ICAOFG2EFEED1,Web,6/1/2015,6/1/2015,1,1416.275
Bowflex Max Trainer,Electronic - UnSourced,CAM45699 SAWICAEEMAX,Call Center Internal,6/1/2015,6/2/2015,1,1691.275
Bowflex Max Trainer,Electronic - UnSourced,CAM45632 ICAEE1SITECMT,Web,6/1/2015,6/2/2015,1,1416.275
Bowflex Max Trainer,Online Display,CAM46536 ICAODAREDL3,Web,6/1/2015,6/2/2015,1,1416.275
Bowflex Max Trainer,Online Search,CAM45690 SAWICAOSGCE,Call Center Internal,6/1/2015,6/2/2015,1,1416.275
Bowflex Max Trainer,Online Search,CAM45624 ICAOSGCESL2,Web,6/1/2015,6/2/2015,2,2832.55
Bowflex Max Trainer,Online Search,CAM45633 ICAOSGCEGL1CMT,Web,6/1/2015,6/2/2015,4,5238.246
Bowflex Max Trainer,Online Shopping,CAM45631 ICAOFG2EFEED1,Web,6/1/2015,6/2/2015,1,989.421
Bowflex Max Trainer,Un-Sourced,CAM45327 1800MAXTRAINER,Call Center Internal,6/1/2015,6/2/2015,2,2670.69
Bowflex Max Trainer,Electronic - UnSourced,CAM44626 1800BOWFLEX_BMT,Call Center Internal,6/1/2015,6/3/2015,1,1335.345
Bowflex Max Trainer,Electronic - UnSourced,CAM45699 SAWICAEEMAX,Call Center Internal,6/1/2015,6/3/2015,2,2405.696
Bowflex Max Trainer,Online Search,CAM45690 SAWICAOSGCE,Call Center Internal,6/1/2015,6/3/2015,1,1416.275
Bowflex Max Trainer,Online Search,CAM45691 SAWICAOSBCE,Call Center Internal,6/1/2015,6/3/2015,1,1335.345
Bowflex Max Trainer,Online Search,CAM45624 ICAOSGCESL2,Web,6/1/2015,6/3/2015,2,2832.55
Bowflex Max Trainer,Online Search,CAM47271 ICAOSGCESL10,Web,6/1/2015,6/3/2015,1,989.421
Bowflex Max Trainer,Un-Sourced,CAM45327 1800MAXTRAINER,Call Center Internal,6/1/2015,6/3/2015,1,1416.275
Bowflex Max Trainer,Electronic - Short Form,CAM45694 ICASESF14B,Web,6/1/2015,6/4/2015,2,2324.766
Bowflex Max Trainer,Electronic - UnSourced,CAM45632 ICAEE1SITECMT,Web,6/1/2015,6/4/2015,1,1416.275
Bowflex Max Trainer,Online Display,CAM46570 SAWICAODARE,Call Center Internal,6/1/2015,6/4/2015,1,889.421
Bowflex Max Trainer,Online Search,CAM45624 ICAOSGCESL2,Web,6/1/2015,6/4/2015,2,2982.55
Bowflex Max Trainer,Online Search,CAM45628 ICAOSBCESL2,Web,6/1/2015,6/4/2015,1,989.421
Bowflex Max Trainer,Electronic - Short Form,CAM45694 ICASESF14B,Web,6/1/2015,6/5/2015,1,1335.345
Bowflex Max Trainer,Electronic - UnSourced,CAM45632 ICAEE1SITECMT,Web,6/1/2015,6/5/2015,1,1416.275
Bowflex Max Trainer,Online Search,CAM45841 ICAOSGCESL8,Web,6/1/2015,6/5/2015,1,1416.275
Bowflex Max Trainer,Un-Sourced,CAM45327 1800MAXTRAINER,Call Center Internal,6/1/2015,6/5/2015,3,4086.965
Bowflex Max Trainer,Electronic - Short Form,CAM45694 ICASESF14B,Web,6/1/2015,6/6/2015,1,1566.275
Bowflex Max Trainer,Electronic - UnSourced,CAM45699 SAWICAEEMAX,Call Center Internal,6/1/2015,6/6/2015,3,3944.609
Bowflex Max Trainer,Online Search,CAM45633 ICAOSGCEGL1CMT,Call Center Internal,6/1/2015,6/6/2015,1,989.421
Bowflex Max Trainer,Online Search,CAM45624 ICAOSGCESL2,Web,6/1/2015,6/6/2015,1,1416.275
Bowflex Max Trainer,Online Search,CAM45628 ICAOSBCESL2,Web,6/1/2015,6/6/2015,1,989.421
Bowflex Max Trainer,Online Shopping,CAM45631 ICAOFG2EFEED1,Web,6/1/2015,6/6/2015,1,989.421
Bowflex Max Trainer,Un-Sourced,CAM45327 1800MAXTRAINER,Call Center Internal,6/1/2015,6/6/2015,1,1335.345
Bowflex Max Trainer,Electronic - Short Form,CAM45694 ICASESF14B,Web,6/1/2015,6/7/2015,1,989.421
Bowflex Max Trainer,Electronic - UnSourced,CAM45632 ICAEE1SITECMT,Web,6/1/2015,6/7/2015,2,1978.841
Bowflex Max Trainer,Online Search,CAM45624 ICAOSGCESL2,Web,6/1/2015,6/7/2015,2,2832.55
Bowflex Max Trainer,Online Search,CAM45626 ICAOSGCEML2,Web,6/1/2015,6/7/2015,1,1566.275
Bowflex Max Trainer,Online Search,CAM45633 ICAOSGCEGL1CMT,Web,6/1/2015,6/7/2015,1,989.421
Bowflex Max Trainer,Online Search,CAM45842 ICAOSGCESL9,Web,6/1/2015,6/7/2015,1,1416.275
Bowflex Max Trainer,Online Shopping,CAM45631 ICAOFG2EFEED1,Web,6/1/2015,6/7/2015,1,989.421
Bowflex Max Trainer,Short Form,CAM47570 CI**C120HAMF*KST,Call Center Internal,6/1/2015,6/7/2015,1,2621.404
Bowflex Max Trainer,Electronic - Short Form,CAM45694 ICASESF14B,Call Center Internal,6/8/2015,6/8/2015,1,1335.345
Bowflex Max Trainer,Electronic - UnSourced,CAM44626 1800BOWFLEX_BMT,Call Center Internal,6/8/2015,6/8/2015,1,1416.275
Bowflex Max Trainer,Online Search,CAM45691 SAWICAOSBCE,Call Center Internal,6/8/2015,6/8/2015,1,1416.275
Bowflex Max Trainer,Online Search,CAM45628 ICAOSBCESL2,Web,6/8/2015,6/8/2015,1,989.421
Bowflex Max Trainer,Online Search,CAM45633 ICAOSGCEGL1CMT,Web,6/8/2015,6/8/2015,1,989.421
Bowflex Max Trainer,Online Search,CAM45840 ICAOSGCESL7,Web,6/8/2015,6/8/2015,1,989.421
Bowflex Max Trainer,Online Search,CAM47273 ICAOSBCESL10,Web,6/8/2015,6/8/2015,1,1416.275
Bowflex Max Trainer,Online Shopping,CAM45631 ICAOFG2EFEED1,Web,6/8/2015,6/8/2015,1,989.421
Bowflex Max Trainer,Short Form,CAM47704 IDISC120HAMF*KST,Call Center Internal,6/8/2015,6/8/2015,1,1335.345
Bowflex Max Trainer,Un-Sourced,CAM45327 1800MAXTRAINER,Call Center Internal,6/8/2015,6/8/2015,2,2670.69
Bowflex Max Trainer,Electronic - Short Form,CAM45693 ICASESF14A,Web,6/8/2015,6/9/2015,1,1335.345
Bowflex Max Trainer,Electronic - Short Form,CAM45694 ICASESF14B,Web,6/8/2015,6/9/2015,1,1335.345
Bowflex Max Trainer,Electronic - UnSourced,CAM44626 1800BOWFLEX_BMT,Call Center Internal,6/8/2015,6/9/2015,1,1416.275
Bowflex Max Trainer,Electronic - UnSourced,CAM45632 ICAEE1SITECMT,Call Center Internal,6/8/2015,6/9/2015,1,1416.275
Bowflex Max Trainer,Electronic - UnSourced,CAM45699 SAWICAEEMAX,Call Center Internal,6/8/2015,6/9/2015,1,1164.421
Bowflex Max Trainer,Electronic - UnSourced,CAM45632 ICAEE1SITECMT,Web,6/8/2015,6/9/2015,1,1416.275
Bowflex Max Trainer,Online Search,CAM45842 ICAOSGCESL9,Call Center Internal,6/8/2015,6/9/2015,1,1335.345
Bowflex Max Trainer,Online Search,CAM45624 ICAOSGCESL2,Web,6/8/2015,6/9/2015,3,4248.825
Bowflex Max Trainer,Un-Sourced,CAM45327 1800MAXTRAINER,Call Center Internal,6/8/2015,6/9/2015,2,2670.69
Bowflex Max Trainer,Electronic - Short Form,CAM45694 ICASESF14B,Web,6/8/2015,6/10/2015,1,1335.345
Bowflex Max Trainer,Electronic - UnSourced,CAM44236 SAWMAX,Call Center Internal,6/8/2015,6/10/2015,1,1335.345
Bowflex Max Trainer,Electronic - UnSourced,CAM44626 1800BOWFLEX_BMT,Call Center Internal,6/8/2015,6/10/2015,1,1335.345
Bowflex Max Trainer,Online Search,CAM45692 SAWICAOFG2E,Call Center Internal,6/8/2015,6/10/2015,1,1416.275
Bowflex Max Trainer,Online Search,CAM45624 ICAOSGCESL2,Web,6/8/2015,6/10/2015,7,8783.362
Bowflex Max Trainer,Online Search,CAM45626 ICAOSGCEML2,Web,6/8/2015,6/10/2015,1,1416.275
Bowflex Max Trainer,Online Search,CAM45633 ICAOSGCEGL1CMT,Web,6/8/2015,6/10/2015,1,1416.275
Bowflex Max Trainer,Online Search,CAM47271 ICAOSGCESL10,Web,6/8/2015,6/10/2015,1,989.421
Bowflex Max Trainer,Un-Sourced,CAM45327 1800MAXTRAINER,Call Center Internal,6/8/2015,6/10/2015,1,1335.345
Bowflex Max Trainer,Electronic - UnSourced,CAM45699 SAWICAEEMAX,Call Center Internal,6/8/2015,6/11/2015,1,1416.275
Bowflex Max Trainer,Online Search,CAM45633 ICAOSGCEGL1CMT,Web,6/8/2015,6/11/2015,2,2405.696
Bowflex Max Trainer,Online Search,CAM45634 ICAOSBCEGL1CMT,Web,6/8/2015,6/11/2015,1,989.421
Bowflex Max Trainer,Electronic - UnSourced,CAM44626 1800BOWFLEX_BMT,Call Center Internal,6/8/2015,6/12/2015,1,1416.275
Bowflex Max Trainer,Electronic - UnSourced,CAM45632 ICAEE1SITECMT,Call Center Internal,6/8/2015,6/12/2015,1,1416.275
Bowflex Max Trainer,Online Search,CAM45624 ICAOSGCESL2,Call Center Internal,6/8/2015,6/12/2015,1,1416.275
Bowflex Max Trainer,Online Search,CAM45690 SAWICAOSGCE,Call Center Internal,6/8/2015,6/12/2015,1,989.421
Bowflex Max Trainer,Online Search,CAM45692 SAWICAOFG2E,Call Center Internal,6/8/2015,6/12/2015,2,2324.766
Bowflex Max Trainer,Online Search,CAM45836 ICAOSGCESL3,Call Center Internal,6/8/2015,6/12/2015,1,1416.275
Bowflex Max Trainer,Online Search,CAM45626 ICAOSGCEML2,Web,6/8/2015,6/12/2015,1,989.421
Bowflex Max Trainer,Online Shopping,CAM45631 ICAOFG2EFEED1,Web,6/8/2015,6/12/2015,2,2555.696
Bowflex Max Trainer,Un-Sourced,CAM45327 1800MAXTRAINER,Call Center Internal,6/8/2015,6/12/2015,2,2405.696
Bowflex Max Trainer,Electronic - UnSourced,CAM45632 ICAEE1SITECMT,Web,6/8/2015,6/13/2015,2,2405.696
Bowflex Max Trainer,Online Search,CAM45626 ICAOSGCEML2,Web,6/8/2015,6/13/2015,2,1978.841
Bowflex Max Trainer,Online Search,CAM45842 ICAOSGCESL9,Web,6/8/2015,6/13/2015,1,1416.275
Bowflex Max Trainer,Online Search,CAM47271 ICAOSGCESL10,Web,6/8/2015,6/13/2015,1,1416.275
Bowflex Max Trainer,Un-Sourced,CAM45327 1800MAXTRAINER,Call Center Internal,6/8/2015,6/13/2015,1,1335.345
Bowflex Max Trainer,Electronic - UnSourced,CAM45632 ICAEE1SITECMT,Web,6/8/2015,6/14/2015,1,1335.345
Bowflex Max Trainer,Electronic - Short Form,CAM45694 ICASESF14B,Web,6/15/2015,6/15/2015,1,1335.345
Bowflex Max Trainer,Electronic - UnSourced,CAM44626 1800BOWFLEX_BMT,Call Center Internal,6/15/2015,6/15/2015,1,1335.345
Bowflex Max Trainer,Online Search,CAM45690 SAWICAOSGCE,Call Center Internal,6/15/2015,6/15/2015,1,989.421
Bowflex Max Trainer,Online Search,CAM45626 ICAOSGCEML2,Web,6/15/2015,6/15/2015,1,989.421
Bowflex Max Trainer,Online Search,CAM45633 ICAOSGCEGL1CMT,Web,6/15/2015,6/15/2015,1,989.421
Bowflex Max Trainer,Un-Sourced,CAM45327 1800MAXTRAINER,Call Center Internal,6/15/2015,6/15/2015,3,3721.971
Bowflex Max Trainer,Electronic - UnSourced,CAM45632 ICAEE1SITECMT,Web,6/15/2015,6/16/2015,1,1416.275
Bowflex Max Trainer,Online Search,CAM45690 SAWICAOSGCE,Call Center Internal,6/15/2015,6/16/2015,1,1416.275
Bowflex Max Trainer,Online Search,CAM45624 ICAOSGCESL2,Web,6/15/2015,6/16/2015,1,1416.275
Bowflex Max Trainer,Online Search,CAM45626 ICAOSGCEML2,Web,6/15/2015,6/16/2015,1,1416.275
Bowflex Max Trainer,Online Search,CAM47271 ICAOSGCESL10,Web,6/15/2015,6/16/2015,1,989.421
Bowflex Max Trainer,Un-Sourced,CAM45327 1800MAXTRAINER,Call Center Internal,6/15/2015,6/16/2015,2,2670.69
Bowflex Max Trainer,Electronic - Short Form,CAM45693 ICASESF14A,Web,6/15/2015,6/17/2015,1,989.421
Bowflex Max Trainer,Electronic - UnSourced,CAM44236 SAWMAX,Call Center Internal,6/15/2015,6/17/2015,1,1416.275
Bowflex Max Trainer,Electronic - UnSourced,CAM45632 ICAEE1SITECMT,Web,6/15/2015,6/17/2015,1,1416.275
Bowflex Max Trainer,Online Search,CAM45624 ICAOSGCESL2,Call Center Internal,6/15/2015,6/17/2015,1,1416.275
Bowflex Max Trainer,Online Search,CAM45628 ICAOSBCESL2,Web,6/15/2015,6/17/2015,1,1416.275
Bowflex Max Trainer,Un-Sourced,CAM45327 1800MAXTRAINER,Call Center Internal,6/15/2015,6/17/2015,1,1335.345
Bowflex Max Trainer,Electronic - Short Form,CAM45693 ICASESF14A,Call Center Internal,6/15/2015,6/18/2015,1,1416.275
Bowflex Max Trainer,Electronic - UnSourced,CAM45632 ICAEE1SITECMT,Call Center Internal,6/15/2015,6/18/2015,1,1335.345
Bowflex Max Trainer,Electronic - UnSourced,CAM45632 ICAEE1SITECMT,Web,6/15/2015,6/18/2015,1,1416.275
Bowflex Max Trainer,Online Search,CAM45690 SAWICAOSGCE,Call Center Internal,6/15/2015,6/18/2015,1,989.421
Bowflex Max Trainer,Online Search,CAM45692 SAWICAOFG2E,Call Center Internal,6/15/2015,6/18/2015,1,1335.345
Bowflex Max Trainer,Online Search,CAM45624 ICAOSGCESL2,Web,6/15/2015,6/18/2015,2,2751.62
Bowflex Max Trainer,Online Search,CAM45626 ICAOSGCEML2,Web,6/15/2015,6/18/2015,1,1416.275
Bowflex Max Trainer,Online Search,CAM45628 ICAOSBCESL2,Web,6/15/2015,6/18/2015,1,1566.275
Bowflex Max Trainer,Online Search,CAM45630 ICAOSBCEML2,Web,6/15/2015,6/18/2015,1,1416.275
Bowflex Max Trainer,Un-Sourced,CAM45327 1800MAXTRAINER,Call Center Internal,6/15/2015,6/18/2015,1,989.421
Bowflex Max Trainer,Electronic - UnSourced,CAM44626 1800BOWFLEX_BMT,Call Center Internal,6/15/2015,6/19/2015,3,4167.895
Bowflex Max Trainer,Electronic - UnSourced,CAM45699 SAWICAEEMAX,Call Center Internal,6/15/2015,6/19/2015,1,1335.345
Bowflex Max Trainer,Electronic - UnSourced,CAM45632 ICAEE1SITECMT,Web,6/15/2015,6/19/2015,1,989.421
Bowflex Max Trainer,Online Search,CAM45624 ICAOSGCESL2,Web,6/15/2015,6/19/2015,3,4248.825
Bowflex Max Trainer,Online Search,CAM45626 ICAOSGCEML2,Web,6/15/2015,6/19/2015,1,1405.981
Bowflex Max Trainer,Online Search,CAM45633 ICAOSGCEGL1CMT,Web,6/15/2015,6/19/2015,1,989.421
Bowflex Max Trainer,Electronic - UnSourced,CAM45632 ICAEE1SITECMT,Web,6/15/2015,6/20/2015,1,1416.275
Bowflex Max Trainer,Online Search,CAM45690 SAWICAOSGCE,Call Center Internal,6/15/2015,6/20/2015,1,1335.345
Bowflex Max Trainer,Online Search,CAM45838 ICAOSGCESL5,Call Center Internal,6/15/2015,6/20/2015,1,1335.345
Bowflex Max Trainer,Online Search,CAM45624 ICAOSGCESL2,Web,6/15/2015,6/20/2015,3,3395.116
Bowflex Max Trainer,Online Search,CAM45633 ICAOSGCEGL1CMT,Web,6/15/2015,6/20/2015,2,2832.55
Bowflex Max Trainer,Online Search,CAM47271 ICAOSGCESL10,Web,6/15/2015,6/20/2015,1,989.421
Bowflex Max Trainer,Electronic - Short Form,CAM45695 ICASESF14C,Web,6/15/2015,6/21/2015,1,989.421
Bowflex Max Trainer,Online Search,CAM45624 ICAOSGCESL2,Web,6/15/2015,6/21/2015,3,4086.965
Bowflex Max Trainer,Online Search,CAM45628 ICAOSBCESL2,Web,6/15/2015,6/21/2015,1,989.421
Bowflex Max Trainer,Electronic - Short Form,CAM45694 ICASESF14B,Call Center Internal,6/22/2015,6/22/2015,1,1335.345
Bowflex Max Trainer,Electronic - UnSourced,CAM44626 1800BOWFLEX_BMT,Call Center Internal,6/22/2015,6/22/2015,4,4649.531
Bowflex Max Trainer,Electronic - UnSourced,CAM45699 SAWICAEEMAX,Call Center Internal,6/22/2015,6/22/2015,1,1335.345
Bowflex Max Trainer,Online Search,CAM45690 SAWICAOSGCE,Call Center Internal,6/22/2015,6/22/2015,1,1335.345
Bowflex Max Trainer,Online Search,CAM45624 ICAOSGCESL2,Web,6/22/2015,6/22/2015,3,3721.971
Bowflex Max Trainer,Online Search,CAM45628 ICAOSBCESL2,Web,6/22/2015,6/22/2015,1,1335.345
Bowflex Max Trainer,Online Search,CAM45842 ICAOSGCESL9,Web,6/22/2015,6/22/2015,1,1416.275
Bowflex Max Trainer,Un-Sourced,CAM45327 1800MAXTRAINER,Call Center Internal,6/22/2015,6/22/2015,5,6411.731
Bowflex Max Trainer,Electronic - UnSourced,CAM44236 SAWMAX,Call Center Internal,6/22/2015,6/23/2015,1,1335.345
Bowflex Max Trainer,Online Search,CAM45690 SAWICAOSGCE,Call Center Internal,6/22/2015,6/23/2015,1,1335.345
Bowflex Max Trainer,Online Search,CAM45691 SAWICAOSBCE,Call Center Internal,6/22/2015,6/23/2015,1,1416.275
Bowflex Max Trainer,Online Search,CAM45692 SAWICAOFG2E,Call Center Internal,6/22/2015,6/23/2015,1,1416.275
Bowflex Max Trainer,Online Search,CAM45836 ICAOSGCESL3,Call Center Internal,6/22/2015,6/23/2015,1,1416.275
Bowflex Max Trainer,Online Search,CAM45624 ICAOSGCESL2,Web,6/22/2015,6/23/2015,4,4730.461
Bowflex Max Trainer,Online Search,CAM45626 ICAOSGCEML2,Web,6/22/2015,6/23/2015,1,1416.275
Bowflex Max Trainer,Online Search,CAM47271 ICAOSGCESL10,Web,6/22/2015,6/23/2015,1,1416.275
Bowflex Max Trainer,Online Shopping,CAM45631 ICAOFG2EFEED1,Web,6/22/2015,6/23/2015,1,1416.275
Bowflex Max Trainer,Un-Sourced,CAM45327 1800MAXTRAINER,Call Center Internal,6/22/2015,6/23/2015,2,2751.62
Bowflex Max Trainer,Electronic - Short Form,CAM45695 ICASESF14C,Web,6/22/2015,6/24/2015,1,1335.345
Bowflex Max Trainer,Electronic - UnSourced,CAM44236 SAWMAX,Call Center Internal,6/22/2015,6/24/2015,1,1416.275
Bowflex Max Trainer,Electronic - UnSourced,CAM45632 ICAEE1SITECMT,Web,6/22/2015,6/24/2015,2,2751.62
Bowflex Max Trainer,Online Search,CAM45690 SAWICAOSGCE,Call Center Internal,6/22/2015,6/24/2015,1,889.421
Bowflex Max Trainer,Online Search,CAM45624 ICAOSGCESL2,Web,6/22/2015,6/24/2015,1,1416.275
Bowflex Max Trainer,Online Search,CAM45628 ICAOSBCESL2,Web,6/22/2015,6/24/2015,2,2405.696
Bowflex Max Trainer,Online Search,CAM45634 ICAOSBCEGL1CMT,Web,6/22/2015,6/24/2015,1,989.421
Bowflex Max Trainer,Un-Sourced,CAM45327 1800MAXTRAINER,Call Center Internal,6/22/2015,6/24/2015,1,1416.275
Bowflex Max Trainer,Online Search,CAM45690 SAWICAOSGCE,Call Center Internal,6/22/2015,6/25/2015,1,889.421
Bowflex Max Trainer,Online Search,CAM45624 ICAOSGCESL2,Web,6/22/2015,6/25/2015,1,1416.275
Bowflex Max Trainer,Online Search,CAM45626 ICAOSGCEML2,Web,6/22/2015,6/25/2015,2,2405.696
Bowflex Max Trainer,Online Search,CAM45633 ICAOSGCEGL1CMT,Web,6/22/2015,6/25/2015,2,2405.696
Bowflex Max Trainer,Online Shopping,CAM45631 ICAOFG2EFEED1,Web,6/22/2015,6/25/2015,1,1566.275
Bowflex Max Trainer,Un-Sourced,CAM45327 1800MAXTRAINER,Call Center Internal,6/22/2015,6/25/2015,1,989.421
Bowflex Max Trainer,Electronic - UnSourced,CAM45699 SAWICAEEMAX,Call Center Internal,6/22/2015,6/26/2015,1,989.421
Bowflex Max Trainer,Electronic - UnSourced,CAM45632 ICAEE1SITECMT,Web,6/22/2015,6/26/2015,2,2832.55
Bowflex Max Trainer,Online Search,CAM45690 SAWICAOSGCE,Call Center Internal,6/22/2015,6/26/2015,1,989.421
Bowflex Max Trainer,Online Search,CAM45624 ICAOSGCESL2,Web,6/22/2015,6/26/2015,1,989.421
Bowflex Max Trainer,Online Search,CAM45626 ICAOSGCEML2,Web,6/22/2015,6/26/2015,1,1416.275
Bowflex Max Trainer,Electronic - Short Form,CAM45694 ICASESF14B,Web,6/22/2015,6/27/2015,1,989.421
Bowflex Max Trainer,Electronic - UnSourced,CAM45699 SAWICAEEMAX,Call Center Internal,6/22/2015,6/27/2015,1,1335.345
Bowflex Max Trainer,Online Search,CAM45690 SAWICAOSGCE,Call Center Internal,6/22/2015,6/27/2015,1,1416.275
Bowflex Max Trainer,Online Search,CAM45626 ICAOSGCEML2,Web,6/22/2015,6/27/2015,1,1416.275
Bowflex Max Trainer,Online Search,CAM45841 ICAOSGCESL8,Web,6/22/2015,6/27/2015,1,989.421
Bowflex Max Trainer,Online Shopping,CAM45631 ICAOFG2EFEED1,Web,6/22/2015,6/27/2015,1,1416.275
Bowflex Max Trainer,Un-Sourced,CAM45327 1800MAXTRAINER,Call Center Internal,6/22/2015,6/27/2015,1,1335.345
Bowflex Max Trainer,Electronic - UnSourced,CAM45632 ICAEE1SITECMT,Call Center Internal,6/22/2015,6/28/2015,1,1416.275
Bowflex Max Trainer,Electronic - UnSourced,CAM45632 ICAEE1SITECMT,Web,6/22/2015,6/28/2015,1,1416.275
Bowflex Max Trainer,Online Search,CAM45633 ICAOSGCEGL1CMT,Call Center Internal,6/22/2015,6/28/2015,1,989.421
Bowflex Max Trainer,Online Search,CAM45634 ICAOSBCEGL1CMT,Call Center Internal,6/22/2015,6/28/2015,1,989.421
Bowflex Max Trainer,Online Search,CAM45690 SAWICAOSGCE,Call Center Internal,6/22/2015,6/28/2015,1,989.421
Bowflex Max Trainer,Online Search,CAM45624 ICAOSGCESL2,Web,6/22/2015,6/28/2015,2,2405.696
Bowflex Max Trainer,Online Search,CAM45626 ICAOSGCEML2,Web,6/22/2015,6/28/2015,1,1416.275
Bowflex Max Trainer,Online Search,CAM45628 ICAOSBCESL2,Web,6/22/2015,6/28/2015,2,2405.696
Bowflex Max Trainer,Electronic - UnSourced,CAM45632 ICAEE1SITECMT,Call Center Internal,6/29/2015,6/29/2015,1,1416.275
Bowflex Max Trainer,Un-Sourced,CAM45327 1800MAXTRAINER,Call Center Internal,6/29/2015,6/29/2015,1,1335.345
Bowflex Max Trainer,Electronic - Short Form,CAM45694 ICASESF14B,Call Center Internal,6/29/2015,6/30/2015,1,1335.345
Bowflex Max Trainer,Online Search,CAM45690 SAWICAOSGCE,Call Center Internal,6/29/2015,6/30/2015,1,1416.275
Bowflex Max Trainer,Online Search,CAM45624 ICAOSGCESL2,Web,6/29/2015,6/30/2015,2,2832.55
Bowflex Max Trainer,Online Search,CAM45626 ICAOSGCEML2,Web,6/29/2015,6/30/2015,1,1416.275
Bowflex Max Trainer,Online Search,CAM45633 ICAOSGCEGL1CMT,Web,6/29/2015,6/30/2015,3,4096.971
Bowflex Max Trainer,Online Search,CAM45842 ICAOSGCESL9,Web,6/29/2015,6/30/2015,1,1335.345
Bowflex Max Trainer,Un-Sourced,CAM45327 1800MAXTRAINER,Call Center Internal,6/29/2015,6/30/2015,1,1416.275
Bowflex Max Trainer,Electronic - Short Form,CAM45694 ICASESF14B,Web,6/29/2015,7/1/2015,2,2640.00
Bowflex Max Trainer,Electronic - Short Form,CAM45695 ICASESF14C,Web,6/29/2015,7/1/2015,1,1320.00
Bowflex Max Trainer,Electronic - UnSourced,CAM44626 1800BOWFLEX_BMT,Call Center Internal,6/29/2015,7/1/2015,1,979.20
Bowflex Max Trainer,Electronic - UnSourced,CAM45632 ICAEE1SITECMT,Web,6/29/2015,7/1/2015,1,1550.00
Bowflex Max Trainer,Online Search,CAM45624 ICAOSGCESL2,Web,6/29/2015,7/1/2015,2,2379.20
Bowflex Max Trainer,Online Search,CAM45630 ICAOSBCEML2,Web,6/29/2015,7/1/2015,1,1400.00
Bowflex Max Trainer,Online Search,CAM45842 ICAOSGCESL9,Web,6/29/2015,7/1/2015,1,1320.00
Bowflex Max Trainer,Online Search,CAM47271 ICAOSGCESL10,Web,6/29/2015,7/1/2015,1,979.20
Bowflex Max Trainer,Un-Sourced,CAM45327 1800MAXTRAINER,Call Center Internal,6/29/2015,7/1/2015,1,979.20
Bowflex Max Trainer,Electronic - Short Form,CAM45694 ICASESF14B,Web,6/29/2015,7/2/2015,1,1320.00
Bowflex Max Trainer,Electronic - UnSourced,CAM45699 SAWICAEEMAX,Call Center Internal,6/29/2015,7/2/2015,1,979.20
Bowflex Max Trainer,Electronic - UnSourced,CAM45632 ICAEE1SITECMT,Web,6/29/2015,7/2/2015,2,1958.40
Bowflex Max Trainer,Online Search,CAM45624 ICAOSGCESL2,Web,6/29/2015,7/2/2015,2,2800.00
Bowflex Max Trainer,Un-Sourced,CAM45327 1800MAXTRAINER,Call Center Internal,6/29/2015,7/2/2015,2,2640.00
Bowflex Max Trainer,Electronic - Short Form,CAM45694 ICASESF14B,Web,6/29/2015,7/3/2015,1,979.20
Bowflex Max Trainer,Electronic - UnSourced,CAM44626 1800BOWFLEX_BMT,Call Center Internal,6/29/2015,7/3/2015,2,2279.20
Bowflex Max Trainer,Electronic - UnSourced,CAM45699 SAWICAEEMAX,Call Center Internal,6/29/2015,7/3/2015,1,1400.00
Bowflex Max Trainer,Online Display,CAM45917 SAWICAODAKE,Call Center Internal,6/29/2015,7/3/2015,1,1320.00
Bowflex Max Trainer,Online Search,CAM45624 ICAOSGCESL2,Call Center Internal,6/29/2015,7/3/2015,1,1320.00
Bowflex Max Trainer,Online Search,CAM45691 SAWICAOSBCE,Call Center Internal,6/29/2015,7/3/2015,1,1320.00
Bowflex Max Trainer,Online Search,CAM45624 ICAOSGCESL2,Web,6/29/2015,7/3/2015,2,2379.20
Bowflex Max Trainer,Online Search,CAM45626 ICAOSGCEML2,Web,6/29/2015,7/3/2015,2,2950.00
Bowflex Max Trainer,Online Search,CAM45633 ICAOSGCEGL1CMT,Web,6/29/2015,7/3/2015,1,1400.00
Bowflex Max Trainer,Online Shopping,CAM45631 ICAOFG2EFEED1,Call Center Internal,6/29/2015,7/3/2015,1,1400.00
Bowflex Max Trainer,Electronic - UnSourced,CAM45699 SAWICAEEMAX,Call Center Internal,6/29/2015,7/4/2015,1,1400.00
Bowflex Max Trainer,Electronic - UnSourced,CAM45632 ICAEE1SITECMT,Web,6/29/2015,7/4/2015,1,1400.00
Bowflex Max Trainer,Online Search,CAM45692 SAWICAOFG2E,Call Center Internal,6/29/2015,7/4/2015,1,1400.00
Bowflex Max Trainer,Online Search,CAM45624 ICAOSGCESL2,Web,6/29/2015,7/4/2015,3,3699.20
Bowflex Max Trainer,Online Search,CAM45633 ICAOSGCEGL1CMT,Web,6/29/2015,7/4/2015,1,979.20
Bowflex Max Trainer,Short Form,CAM47570 CI**C120HAMF*KST,Call Center Internal,6/29/2015,7/4/2015,1,2639.20
Bowflex Max Trainer,Electronic - Short Form,CAM45694 ICASESF14B,Web,6/29/2015,7/5/2015,2,2299.20
Bowflex Max Trainer,Electronic - UnSourced,CAM45632 ICAEE1SITECMT,Web,6/29/2015,7/5/2015,1,979.20
Bowflex Max Trainer,Online Search,CAM45690 SAWICAOSGCE,Call Center Internal,6/29/2015,7/5/2015,1,1320.00
Bowflex Max Trainer,Online Search,CAM45626 ICAOSGCEML2,Web,6/29/2015,7/5/2015,1,1400.00
Bowflex Max Trainer,Online Search,CAM45633 ICAOSGCEGL1CMT,Web,6/29/2015,7/5/2015,2,2950.00
Bowflex Max Trainer,Online Search,CAM45842 ICAOSGCESL9,Web,6/29/2015,7/5/2015,1,1400.00
Bowflex Max Trainer,Online Search,CAM45849 ICAOSBCESL9,Web,6/29/2015,7/5/2015,1,1400.00
Bowflex Max Trainer,Online Search,CAM47272 ICAOSGCESL11,Web,6/29/2015,7/5/2015,1,979.20
Bowflex Max Trainer,Online Search,CAM47273 ICAOSBCESL10,Web,6/29/2015,7/5/2015,1,979.20
Bowflex Max Trainer,Un-Sourced,CAM45327 1800MAXTRAINER,Call Center Internal,6/29/2015,7/5/2015,2,2640.00
Bowflex Max Trainer,Electronic - Short Form,CAM45694 ICASESF14B,Call Center Internal,7/6/2015,7/6/2015,1,979.20
Bowflex Max Trainer,Electronic - UnSourced,CAM44626 1800BOWFLEX_BMT,Call Center Internal,7/6/2015,7/6/2015,3,3779.20
Bowflex Max Trainer,Electronic - UnSourced,CAM45699 SAWICAEEMAX,Call Center Internal,7/6/2015,7/6/2015,1,1320.00
Bowflex Max Trainer,Electronic - UnSourced,CAM45632 ICAEE1SITECMT,Web,7/6/2015,7/6/2015,4,4758.40
Bowflex Max Trainer,Online Search,CAM45633 ICAOSGCEGL1CMT,Call Center Internal,7/6/2015,7/6/2015,1,979.20
Bowflex Max Trainer,Online Search,CAM45634 ICAOSBCEGL1CMT,Call Center Internal,7/6/2015,7/6/2015,1,1400.00
Bowflex Max Trainer,Online Search,CAM45690 SAWICAOSGCE,Call Center Internal,7/6/2015,7/6/2015,1,1320.00
Bowflex Max Trainer,Online Search,CAM45624 ICAOSGCESL2,Web,7/6/2015,7/6/2015,2,2800.00
Bowflex Max Trainer,Un-Sourced,CAM45327 1800MAXTRAINER,Call Center Internal,7/6/2015,7/6/2015,1,1400.00
Bowflex Max Trainer,Electronic - Short Form,CAM45694 ICASESF14B,Web,7/6/2015,7/7/2015,1,1320.00
Bowflex Max Trainer,Electronic - Short Form,CAM45695 ICASESF14C,Web,7/6/2015,7/7/2015,1,1320.00
Bowflex Max Trainer,Electronic - UnSourced,CAM44626 1800BOWFLEX_BMT,Call Center Internal,7/6/2015,7/7/2015,1,1400.00
Bowflex Max Trainer,Electronic - UnSourced,CAM45699 SAWICAEEMAX,Call Center Internal,7/6/2015,7/7/2015,1,979.20
Bowflex Max Trainer,Electronic - UnSourced,CAM45632 ICAEE1SITECMT,Web,7/6/2015,7/7/2015,1,1400.00
Bowflex Max Trainer,Online Search,CAM45633 ICAOSGCEGL1CMT,Call Center Internal,7/6/2015,7/7/2015,1,1400.00
Bowflex Max Trainer,Online Search,CAM45624 ICAOSGCESL2,Web,7/6/2015,7/7/2015,1,979.20
Bowflex Max Trainer,Online Search,CAM45633 ICAOSGCEGL1CMT,Web,7/6/2015,7/7/2015,1,979.20
Bowflex Max Trainer,Online Search,CAM45836 ICAOSGCESL3,Web,7/6/2015,7/7/2015,1,1400.00
Bowflex Max Trainer,Short Form,CAM47573 NGW*C120HAMF*KST,Call Center Internal,7/6/2015,7/7/2015,1,1320.00
Bowflex Max Trainer,Un-Sourced,CAM45327 1800MAXTRAINER,Call Center Internal,7/6/2015,7/7/2015,4,4257.60
Bowflex Max Trainer,Electronic - Short Form,CAM45694 ICASESF14B,Web,7/6/2015,7/8/2015,3,3619.20
Bowflex Max Trainer,Electronic - UnSourced,CAM44236 SAWMAX,Call Center Internal,7/6/2015,7/8/2015,1,1400.00
Bowflex Max Trainer,Electronic - UnSourced,CAM45699 SAWICAEEMAX,Call Center Internal,7/6/2015,7/8/2015,1,1320.00
Bowflex Max Trainer,Electronic - UnSourced,CAM45632 ICAEE1SITECMT,Web,7/6/2015,7/8/2015,1,1400.00
Bowflex Max Trainer,Online Search,CAM45624 ICAOSGCESL2,Web,7/6/2015,7/8/2015,2,2279.20
Bowflex Max Trainer,Un-Sourced,CAM45327 1800MAXTRAINER,Call Center Internal,7/6/2015,7/8/2015,3,3960.00
Bowflex Max Trainer,Electronic - Short Form,CAM45694 ICASESF14B,Call Center Internal,7/6/2015,7/9/2015,1,1320.00
Bowflex Max Trainer,Electronic - Short Form,CAM45694 ICASESF14B,Web,7/6/2015,7/9/2015,1,1320.00
Bowflex Max Trainer,Electronic - UnSourced,CAM45632 ICAEE1SITECMT,Web,7/6/2015,7/9/2015,3,3358.40
Bowflex Max Trainer,Online Search,CAM45624 ICAOSGCESL2,Web,7/6/2015,7/9/2015,1,979.20
Bowflex Max Trainer,Online Search,CAM45626 ICAOSGCEML2,Web,7/6/2015,7/9/2015,1,1320.00
Bowflex Max Trainer,Online Search,CAM45628 ICAOSBCESL2,Web,7/6/2015,7/9/2015,1,1400.00
Bowflex Max Trainer,Online Search,CAM45842 ICAOSGCESL9,Web,7/6/2015,7/9/2015,1,1400.00
Bowflex Max Trainer,Online Search,CAM47271 ICAOSGCESL10,Web,7/6/2015,7/9/2015,1,1400.00
Bowflex Max Trainer,Un-Sourced,CAM45327 1800MAXTRAINER,Call Center Internal,7/6/2015,7/9/2015,2,2299.20
Bowflex Max Trainer,Electronic - Short Form,CAM45694 ICASESF14B,Web,7/6/2015,7/10/2015,1,1550.00
Bowflex Max Trainer,Electronic - UnSourced,CAM44236 SAWMAX,Call Center Internal,7/6/2015,7/10/2015,1,879.20
Bowflex Max Trainer,Electronic - UnSourced,CAM44626 1800BOWFLEX_BMT,Call Center Internal,7/6/2015,7/10/2015,1,1320.00
Bowflex Max Trainer,Online Search,CAM45624 ICAOSGCESL2,Call Center Internal,7/6/2015,7/10/2015,1,879.20
Bowflex Max Trainer,Online Search,CAM45690 SAWICAOSGCE,Call Center Internal,7/6/2015,7/10/2015,1,1400.00
Bowflex Max Trainer,Online Search,CAM45624 ICAOSGCESL2,Web,7/6/2015,7/10/2015,3,3779.20
Bowflex Max Trainer,Online Shopping,CAM45631 ICAOFG2EFEED1,Web,7/6/2015,7/10/2015,1,1550.00
Bowflex Max Trainer,Un-Sourced,CAM45327 1800MAXTRAINER,Call Center Internal,7/6/2015,7/10/2015,1,1320.00
Bowflex Max Trainer,Electronic - Short Form,CAM45694 ICASESF14B,Web,7/6/2015,7/11/2015,2,2299.20
Bowflex Max Trainer,Electronic - UnSourced,CAM45632 ICAEE1SITECMT,Web,7/6/2015,7/11/2015,1,979.20
Bowflex Max Trainer,Online Search,CAM45626 ICAOSGCEML2,Web,7/6/2015,7/11/2015,1,1400.00
Bowflex Max Trainer,Online Search,CAM45633 ICAOSGCEGL1CMT,Web,7/6/2015,7/11/2015,1,1400.00
Bowflex Max Trainer,Online Search,CAM45634 ICAOSBCEGL1CMT,Web,7/6/2015,7/11/2015,1,1550.00
Bowflex Max Trainer,Un-Sourced,CAM45327 1800MAXTRAINER,Call Center Internal,7/6/2015,7/11/2015,1,979.20
Bowflex Max Trainer,Electronic - Short Form,CAM45694 ICASESF14B,Web,7/6/2015,7/12/2015,3,3278.40
Bowflex Max Trainer,Electronic - UnSourced,CAM45632 ICAEE1SITECMT,Web,7/6/2015,7/12/2015,2,2529.20
Bowflex Max Trainer,Online Search,CAM45692 SAWICAOFG2E,Call Center Internal,7/6/2015,7/12/2015,1,1400.00
Bowflex Max Trainer,Online Search,CAM45624 ICAOSGCESL2,Web,7/6/2015,7/12/2015,1,979.20
Bowflex Max Trainer,Online Search,CAM45628 ICAOSBCESL2,Web,7/6/2015,7/12/2015,1,979.20
Bowflex Max Trainer,Online Search,CAM45634 ICAOSBCEGL1CMT,Web,7/6/2015,7/12/2015,1,1400.00
Bowflex Max Trainer,Online Search,CAM45842 ICAOSGCESL9,Web,7/6/2015,7/12/2015,1,1400.00
Bowflex Max Trainer,Un-Sourced,CAM45327 1800MAXTRAINER,Call Center Internal,7/6/2015,7/12/2015,1,1320.00
