Bowflex Max Trainer,CAM44215 SAWDSEESF14A,,1/19/2015,1/19/2015,1,Electronic - Short Form,Call Center Internal
Bowflex Max Trainer,CAM44215 SAWDSEESF14A,,1/23/2015,1/19/2015,1,Electronic - Short Form,Call Center Internal
Bowflex Max Trainer,CAM45693 ICASESF14A,,1/21/2015,1/19/2015,1,Electronic - Short Form,Call Center Internal
Bowflex Max Trainer,CAM45693 ICASESF14A,1/19/2015,1/19/2015,1/19/2015,32,Electronic - Short Form,Web
Bowflex Max Trainer,CAM45693 ICASESF14A,,1/19/2015,1/19/2015,2,Electronic - Short Form,Web
Bowflex Max Trainer,CAM45693 ICASESF14A,1/20/2015,1/20/2015,1/19/2015,16,Electronic - Short Form,Web
Bowflex Max Trainer,CAM45693 ICASESF14A,1/30/2015,1/20/2015,1/19/2015,1,Electronic - Short Form,Web
Bowflex Max Trainer,CAM45693 ICASESF14A,1/21/2015,1/21/2015,1/19/2015,14,Electronic - Short Form,Web
Bowflex Max Trainer,CAM45693 ICASESF14A,,1/21/2015,1/19/2015,1,Electronic - Short Form,Web
Bowflex Max Trainer,CAM45693 ICASESF14A,1/22/2015,1/22/2015,1/19/2015,5,Electronic - Short Form,Web
Bowflex Max Trainer,CAM45693 ICASESF14A,,1/22/2015,1/19/2015,3,Electronic - Short Form,Web
Bowflex Max Trainer,CAM45693 ICASESF14A,1/23/2015,1/23/2015,1/19/2015,43,Electronic - Short Form,Web
Bowflex Max Trainer,CAM45693 ICASESF14A,1/26/2015,1/23/2015,1/19/2015,1,Electronic - Short Form,Web
Bowflex Max Trainer,CAM45693 ICASESF14A,,1/23/2015,1/19/2015,1,Electronic - Short Form,Web
Bowflex Max Trainer,CAM45693 ICASESF14A,1/24/2015,1/24/2015,1/19/2015,39,Electronic - Short Form,Web
Bowflex Max Trainer,CAM45693 ICASESF14A,,1/24/2015,1/19/2015,2,Electronic - Short Form,Web
Bowflex Max Trainer,CAM45693 ICASESF14A,1/25/2015,1/25/2015,1/19/2015,49,Electronic - Short Form,Web
Bowflex Max Trainer,CAM45693 ICASESF14A,1/29/2015,1/25/2015,1/19/2015,1,Electronic - Short Form,Web
Bowflex Max Trainer,CAM45693 ICASESF14A,2/4/2015,1/25/2015,1/19/2015,1,Electronic - Short Form,Web
Bowflex Max Trainer,CAM45693 ICASESF14A,,1/25/2015,1/19/2015,3,Electronic - Short Form,Web
Bowflex Max Trainer,CAM45694 ICASESF14B,1/19/2015,1/19/2015,1/19/2015,4,Electronic - Short Form,Web
Bowflex Max Trainer,CAM45694 ICASESF14B,,1/19/2015,1/19/2015,1,Electronic - Short Form,Web
Bowflex Max Trainer,CAM45694 ICASESF14B,1/20/2015,1/20/2015,1/19/2015,12,Electronic - Short Form,Web
Bowflex Max Trainer,CAM45694 ICASESF14B,,1/20/2015,1/19/2015,1,Electronic - Short Form,Web
Bowflex Max Trainer,CAM45694 ICASESF14B,1/21/2015,1/21/2015,1/19/2015,5,Electronic - Short Form,Web
Bowflex Max Trainer,CAM45694 ICASESF14B,1/22/2015,1/22/2015,1/19/2015,3,Electronic - Short Form,Web
Bowflex Max Trainer,CAM45694 ICASESF14B,,1/22/2015,1/19/2015,1,Electronic - Short Form,Web
Bowflex Max Trainer,CAM45694 ICASESF14B,1/23/2015,1/23/2015,1/19/2015,19,Electronic - Short Form,Web
Bowflex Max Trainer,CAM45694 ICASESF14B,,1/23/2015,1/19/2015,3,Electronic - Short Form,Web
Bowflex Max Trainer,CAM45694 ICASESF14B,1/24/2015,1/24/2015,1/19/2015,14,Electronic - Short Form,Web
Bowflex Max Trainer,CAM45694 ICASESF14B,,1/24/2015,1/19/2015,1,Electronic - Short Form,Web
Bowflex Max Trainer,CAM45694 ICASESF14B,1/25/2015,1/25/2015,1/19/2015,13,Electronic - Short Form,Web
Bowflex Max Trainer,CAM45694 ICASESF14B,,1/25/2015,1/19/2015,3,Electronic - Short Form,Web
Bowflex Max Trainer,CAM45695 ICASESF14C,1/19/2015,1/19/2015,1/19/2015,4,Electronic - Short Form,Web
Bowflex Max Trainer,CAM45695 ICASESF14C,,1/19/2015,1/19/2015,1,Electronic - Short Form,Web
Bowflex Max Trainer,CAM45695 ICASESF14C,1/20/2015,1/20/2015,1/19/2015,3,Electronic - Short Form,Web
Bowflex Max Trainer,CAM45695 ICASESF14C,1/23/2015,1/22/2015,1/19/2015,1,Electronic - Short Form,Web
Bowflex Max Trainer,CAM45695 ICASESF14C,,1/22/2015,1/19/2015,1,Electronic - Short Form,Web
Bowflex Max Trainer,CAM45695 ICASESF14C,1/23/2015,1/23/2015,1/19/2015,3,Electronic - Short Form,Web
Bowflex Max Trainer,CAM45695 ICASESF14C,1/24/2015,1/24/2015,1/19/2015,4,Electronic - Short Form,Web
Bowflex Max Trainer,CAM45695 ICASESF14C,1/25/2015,1/25/2015,1/19/2015,4,Electronic - Short Form,Web
Bowflex Max Trainer,CAM45695 ICASESF14C,,1/25/2015,1/19/2015,1,Electronic - Short Form,Web
Bowflex Max Trainer,CAM127 1800BOWFLEX_BFC,,1/19/2015,1/19/2015,2,Electronic - UnSourced,Call Center Internal
Bowflex Max Trainer,CAM127 1800BOWFLEX_BFC,,1/20/2015,1/19/2015,1,Electronic - UnSourced,Call Center Internal
Bowflex Max Trainer,CAM132 1800BOWFLEX_CAT,,1/19/2015,1/19/2015,1,Electronic - UnSourced,Call Center Internal
Bowflex Max Trainer,CAM132 1800BOWFLEX_CAT,,1/20/2015,1/19/2015,3,Electronic - UnSourced,Call Center Internal
Bowflex Max Trainer,CAM132 1800BOWFLEX_CAT,,1/22/2015,1/19/2015,1,Electronic - UnSourced,Call Center Internal
Bowflex Max Trainer,CAM132 1800BOWFLEX_CAT,,1/23/2015,1/19/2015,1,Electronic - UnSourced,Call Center Internal
Bowflex Max Trainer,CAM41189 degemax,1/25/2015,1/25/2015,1/19/2015,1,Electronic - UnSourced,Web
Bowflex Max Trainer,CAM44236 SAWMAX,,1/20/2015,1/19/2015,1,Electronic - UnSourced,Call Center Internal
Bowflex Max Trainer,CAM44236 SAWMAX,,1/22/2015,1/19/2015,1,Electronic - UnSourced,Call Center Internal
Bowflex Max Trainer,CAM44236 SAWMAX,1/24/2015,1/24/2015,1/19/2015,1,Electronic - UnSourced,Call Center Internal
Bowflex Max Trainer,CAM44236 SAWMAX,1/25/2015,1/25/2015,1/19/2015,1,Electronic - UnSourced,Call Center Internal
Bowflex Max Trainer,CAM44626 1800BOWFLEX_BMT,,1/19/2015,1/19/2015,2,Electronic - UnSourced,Call Center Internal
Bowflex Max Trainer,CAM44626 1800BOWFLEX_BMT,1/20/2015,1/20/2015,1/19/2015,1,Electronic - UnSourced,Call Center Internal
Bowflex Max Trainer,CAM44626 1800BOWFLEX_BMT,,1/20/2015,1/19/2015,4,Electronic - UnSourced,Call Center Internal
Bowflex Max Trainer,CAM44626 1800BOWFLEX_BMT,,1/21/2015,1/19/2015,2,Electronic - UnSourced,Call Center Internal
Bowflex Max Trainer,CAM44626 1800BOWFLEX_BMT,1/22/2015,1/22/2015,1/19/2015,1,Electronic - UnSourced,Call Center Internal
Bowflex Max Trainer,CAM44626 1800BOWFLEX_BMT,,1/24/2015,1/19/2015,1,Electronic - UnSourced,Call Center Internal
Bowflex Max Trainer,CAM44626 1800BOWFLEX_BMT,1/25/2015,1/25/2015,1/19/2015,1,Electronic - UnSourced,Call Center Internal
Bowflex Max Trainer,CAM45632 ICAEE1SITECMT,,1/19/2015,1/19/2015,10,Electronic - UnSourced,Web
Bowflex Max Trainer,CAM45632 ICAEE1SITECMT,1/20/2015,1/20/2015,1/19/2015,2,Electronic - UnSourced,Web
Bowflex Max Trainer,CAM45632 ICAEE1SITECMT,1/21/2015,1/20/2015,1/19/2015,1,Electronic - UnSourced,Web
Bowflex Max Trainer,CAM45632 ICAEE1SITECMT,,1/20/2015,1/19/2015,5,Electronic - UnSourced,Web
Bowflex Max Trainer,CAM45632 ICAEE1SITECMT,1/21/2015,1/21/2015,1/19/2015,3,Electronic - UnSourced,Web
Bowflex Max Trainer,CAM45632 ICAEE1SITECMT,,1/21/2015,1/19/2015,3,Electronic - UnSourced,Web
Bowflex Max Trainer,CAM45632 ICAEE1SITECMT,,1/22/2015,1/19/2015,6,Electronic - UnSourced,Web
Bowflex Max Trainer,CAM45632 ICAEE1SITECMT,1/23/2015,1/23/2015,1/19/2015,6,Electronic - UnSourced,Web
Bowflex Max Trainer,CAM45632 ICAEE1SITECMT,,1/23/2015,1/19/2015,7,Electronic - UnSourced,Web
Bowflex Max Trainer,CAM45632 ICAEE1SITECMT,1/24/2015,1/24/2015,1/19/2015,3,Electronic - UnSourced,Web
Bowflex Max Trainer,CAM45632 ICAEE1SITECMT,,1/24/2015,1/19/2015,6,Electronic - UnSourced,Web
Bowflex Max Trainer,CAM45632 ICAEE1SITECMT,1/25/2015,1/25/2015,1/19/2015,11,Electronic - UnSourced,Web
Bowflex Max Trainer,CAM45632 ICAEE1SITECMT,,1/25/2015,1/19/2015,6,Electronic - UnSourced,Web
Bowflex Max Trainer,CAM45699 SAWICAEEMAX,,1/19/2015,1/19/2015,2,Electronic - UnSourced,Call Center Internal
Bowflex Max Trainer,CAM45699 SAWICAEEMAX,,1/20/2015,1/19/2015,1,Electronic - UnSourced,Call Center Internal
Bowflex Max Trainer,CAM45699 SAWICAEEMAX,,1/21/2015,1/19/2015,2,Electronic - UnSourced,Call Center Internal
Bowflex Max Trainer,CAM45699 SAWICAEEMAX,,1/22/2015,1/19/2015,1,Electronic - UnSourced,Call Center Internal
Bowflex Max Trainer,CAM45699 SAWICAEEMAX,,1/23/2015,1/19/2015,3,Electronic - UnSourced,Call Center Internal
Bowflex Max Trainer,CAM45699 SAWICAEEMAX,1/24/2015,1/24/2015,1/19/2015,2,Electronic - UnSourced,Call Center Internal
Bowflex Max Trainer,CAM45699 SAWICAEEMAX,,1/24/2015,1/19/2015,2,Electronic - UnSourced,Call Center Internal
Bowflex Max Trainer,CAM46534 ICAODAREDL1,,1/20/2015,1/19/2015,1,Online Display,Web
Bowflex Max Trainer,CAM46534 ICAODAREDL1,,1/22/2015,1/19/2015,1,Online Display,Web
Bowflex Max Trainer,CAM46534 ICAODAREDL1,1/23/2015,1/23/2015,1/19/2015,1,Online Display,Web
Bowflex Max Trainer,CAM46534 ICAODAREDL1,,1/23/2015,1/19/2015,1,Online Display,Web
Bowflex Max Trainer,CAM46534 ICAODAREDL1,,1/24/2015,1/19/2015,1,Online Display,Web
Bowflex Max Trainer,CAM46534 ICAODAREDL1,1/25/2015,1/25/2015,1/19/2015,1,Online Display,Web
Bowflex Max Trainer,CAM46534 ICAODAREDL1,,1/25/2015,1/19/2015,1,Online Display,Web
Bowflex Max Trainer,CAM46536 ICAODAREDL3,1/19/2015,1/19/2015,1/19/2015,1,Online Display,Web
Bowflex Max Trainer,CAM46536 ICAODAREDL3,1/21/2015,1/21/2015,1/19/2015,1,Online Display,Web
Bowflex Max Trainer,CAM46536 ICAODAREDL3,1/24/2015,1/24/2015,1/19/2015,1,Online Display,Web
Bowflex Max Trainer,CAM46536 ICAODAREDL3,1/25/2015,1/25/2015,1/19/2015,1,Online Display,Web
Bowflex Max Trainer,CAM46536 ICAODAREDL3,,1/25/2015,1/19/2015,1,Online Display,Web
Bowflex Max Trainer,CAM30891 SAWICAOSGCW,,1/23/2015,1/19/2015,1,Online Search,Call Center Internal
Bowflex Max Trainer,CAM30896 SAWICAOSGCT,,1/21/2015,1/19/2015,1,Online Search,Call Center Internal
Bowflex Max Trainer,CAM45624 ICAOSGCESL2,,1/20/2015,1/19/2015,1,Online Search,Call Center Internal
Bowflex Max Trainer,CAM45624 ICAOSGCESL2,,1/22/2015,1/19/2015,1,Online Search,Call Center Internal
Bowflex Max Trainer,CAM45624 ICAOSGCESL2,,1/23/2015,1/19/2015,1,Online Search,Call Center Internal
Bowflex Max Trainer,CAM45624 ICAOSGCESL2,,1/24/2015,1/19/2015,1,Online Search,Call Center Internal
Bowflex Max Trainer,CAM45624 ICAOSGCESL2,1/19/2015,1/19/2015,1/19/2015,4,Online Search,Web
Bowflex Max Trainer,CAM45624 ICAOSGCESL2,,1/19/2015,1/19/2015,8,Online Search,Web
Bowflex Max Trainer,CAM45624 ICAOSGCESL2,1/20/2015,1/20/2015,1/19/2015,5,Online Search,Web
Bowflex Max Trainer,CAM45624 ICAOSGCESL2,,1/20/2015,1/19/2015,6,Online Search,Web
Bowflex Max Trainer,CAM45624 ICAOSGCESL2,1/21/2015,1/21/2015,1/19/2015,3,Online Search,Web
Bowflex Max Trainer,CAM45624 ICAOSGCESL2,,1/21/2015,1/19/2015,5,Online Search,Web
Bowflex Max Trainer,CAM45624 ICAOSGCESL2,,1/22/2015,1/19/2015,4,Online Search,Web
Bowflex Max Trainer,CAM45624 ICAOSGCESL2,1/23/2015,1/23/2015,1/19/2015,12,Online Search,Web
Bowflex Max Trainer,CAM45624 ICAOSGCESL2,,1/23/2015,1/19/2015,5,Online Search,Web
Bowflex Max Trainer,CAM45624 ICAOSGCESL2,1/24/2015,1/24/2015,1/19/2015,13,Online Search,Web
Bowflex Max Trainer,CAM45624 ICAOSGCESL2,,1/24/2015,1/19/2015,6,Online Search,Web
Bowflex Max Trainer,CAM45624 ICAOSGCESL2,1/25/2015,1/25/2015,1/19/2015,10,Online Search,Web
Bowflex Max Trainer,CAM45624 ICAOSGCESL2,,1/25/2015,1/19/2015,15,Online Search,Web
Bowflex Max Trainer,CAM45626 ICAOSGCEML2,1/20/2015,1/20/2015,1/19/2015,5,Online Search,Web
Bowflex Max Trainer,CAM45626 ICAOSGCEML2,,1/20/2015,1/19/2015,2,Online Search,Web
Bowflex Max Trainer,CAM45626 ICAOSGCEML2,1/21/2015,1/21/2015,1/19/2015,3,Online Search,Web
Bowflex Max Trainer,CAM45626 ICAOSGCEML2,,1/21/2015,1/19/2015,2,Online Search,Web
Bowflex Max Trainer,CAM45626 ICAOSGCEML2,,1/22/2015,1/19/2015,4,Online Search,Web
Bowflex Max Trainer,CAM45626 ICAOSGCEML2,1/23/2015,1/23/2015,1/19/2015,13,Online Search,Web
Bowflex Max Trainer,CAM45626 ICAOSGCEML2,,1/23/2015,1/19/2015,1,Online Search,Web
Bowflex Max Trainer,CAM45626 ICAOSGCEML2,1/24/2015,1/24/2015,1/19/2015,3,Online Search,Web
Bowflex Max Trainer,CAM45626 ICAOSGCEML2,,1/24/2015,1/19/2015,5,Online Search,Web
Bowflex Max Trainer,CAM45626 ICAOSGCEML2,1/25/2015,1/25/2015,1/19/2015,6,Online Search,Web
Bowflex Max Trainer,CAM45626 ICAOSGCEML2,,1/25/2015,1/19/2015,5,Online Search,Web
Bowflex Max Trainer,CAM45628 ICAOSBCESL2,1/20/2015,1/20/2015,1/19/2015,1,Online Search,Web
Bowflex Max Trainer,CAM45628 ICAOSBCESL2,,1/20/2015,1/19/2015,1,Online Search,Web
Bowflex Max Trainer,CAM45628 ICAOSBCESL2,,1/21/2015,1/19/2015,1,Online Search,Web
Bowflex Max Trainer,CAM45628 ICAOSBCESL2,1/23/2015,1/23/2015,1/19/2015,3,Online Search,Web
Bowflex Max Trainer,CAM45628 ICAOSBCESL2,,1/23/2015,1/19/2015,3,Online Search,Web
Bowflex Max Trainer,CAM45628 ICAOSBCESL2,,1/24/2015,1/19/2015,1,Online Search,Web
Bowflex Max Trainer,CAM45628 ICAOSBCESL2,1/25/2015,1/25/2015,1/19/2015,4,Online Search,Web
Bowflex Max Trainer,CAM45628 ICAOSBCESL2,,1/25/2015,1/19/2015,2,Online Search,Web
Bowflex Max Trainer,CAM45630 ICAOSBCEML2,1/21/2015,1/21/2015,1/19/2015,1,Online Search,Web
Bowflex Max Trainer,CAM45630 ICAOSBCEML2,1/22/2015,1/22/2015,1/19/2015,1,Online Search,Web
Bowflex Max Trainer,CAM45630 ICAOSBCEML2,1/23/2015,1/23/2015,1/19/2015,1,Online Search,Web
Bowflex Max Trainer,CAM45630 ICAOSBCEML2,,1/23/2015,1/19/2015,1,Online Search,Web
Bowflex Max Trainer,CAM45630 ICAOSBCEML2,1/24/2015,1/24/2015,1/19/2015,1,Online Search,Web
Bowflex Max Trainer,CAM45630 ICAOSBCEML2,1/25/2015,1/25/2015,1/19/2015,2,Online Search,Web
Bowflex Max Trainer,CAM45633 ICAOSGCEGL1CMT,1/19/2015,1/19/2015,1/19/2015,6,Online Search,Web
Bowflex Max Trainer,CAM45633 ICAOSGCEGL1CMT,,1/19/2015,1/19/2015,2,Online Search,Web
Bowflex Max Trainer,CAM45633 ICAOSGCEGL1CMT,1/20/2015,1/20/2015,1/19/2015,2,Online Search,Web
Bowflex Max Trainer,CAM45633 ICAOSGCEGL1CMT,,1/20/2015,1/19/2015,5,Online Search,Web
Bowflex Max Trainer,CAM45633 ICAOSGCEGL1CMT,1/21/2015,1/21/2015,1/19/2015,2,Online Search,Web
Bowflex Max Trainer,CAM45633 ICAOSGCEGL1CMT,,1/21/2015,1/19/2015,7,Online Search,Web
Bowflex Max Trainer,CAM45633 ICAOSGCEGL1CMT,1/23/2015,1/23/2015,1/19/2015,4,Online Search,Web
Bowflex Max Trainer,CAM45633 ICAOSGCEGL1CMT,,1/23/2015,1/19/2015,9,Online Search,Web
Bowflex Max Trainer,CAM45633 ICAOSGCEGL1CMT,1/24/2015,1/24/2015,1/19/2015,3,Online Search,Web
Bowflex Max Trainer,CAM45633 ICAOSGCEGL1CMT,,1/24/2015,1/19/2015,4,Online Search,Web
Bowflex Max Trainer,CAM45633 ICAOSGCEGL1CMT,1/25/2015,1/25/2015,1/19/2015,3,Online Search,Web
Bowflex Max Trainer,CAM45633 ICAOSGCEGL1CMT,,1/25/2015,1/19/2015,6,Online Search,Web
Bowflex Max Trainer,CAM45634 ICAOSBCEGL1CMT,1/19/2015,1/19/2015,1/19/2015,2,Online Search,Web
Bowflex Max Trainer,CAM45634 ICAOSBCEGL1CMT,,1/20/2015,1/19/2015,1,Online Search,Web
Bowflex Max Trainer,CAM45634 ICAOSBCEGL1CMT,1/21/2015,1/21/2015,1/19/2015,1,Online Search,Web
Bowflex Max Trainer,CAM45634 ICAOSBCEGL1CMT,1/22/2015,1/22/2015,1/19/2015,1,Online Search,Web
Bowflex Max Trainer,CAM45634 ICAOSBCEGL1CMT,1/23/2015,1/23/2015,1/19/2015,3,Online Search,Web
Bowflex Max Trainer,CAM45634 ICAOSBCEGL1CMT,,1/24/2015,1/19/2015,2,Online Search,Web
Bowflex Max Trainer,CAM45634 ICAOSBCEGL1CMT,,1/25/2015,1/19/2015,3,Online Search,Web
Bowflex Max Trainer,CAM45690 SAWICAOSGCE,1/19/2015,1/19/2015,1/19/2015,1,Online Search,Call Center Internal
Bowflex Max Trainer,CAM45690 SAWICAOSGCE,,1/19/2015,1/19/2015,4,Online Search,Call Center Internal
Bowflex Max Trainer,CAM45690 SAWICAOSGCE,1/20/2015,1/20/2015,1/19/2015,1,Online Search,Call Center Internal
Bowflex Max Trainer,CAM45690 SAWICAOSGCE,,1/20/2015,1/19/2015,3,Online Search,Call Center Internal
Bowflex Max Trainer,CAM45690 SAWICAOSGCE,,1/21/2015,1/19/2015,1,Online Search,Call Center Internal
Bowflex Max Trainer,CAM45690 SAWICAOSGCE,,1/22/2015,1/19/2015,1,Online Search,Call Center Internal
Bowflex Max Trainer,CAM45690 SAWICAOSGCE,,1/24/2015,1/19/2015,3,Online Search,Call Center Internal
Bowflex Max Trainer,CAM45690 SAWICAOSGCE,1/25/2015,1/25/2015,1/19/2015,1,Online Search,Call Center Internal
Bowflex Max Trainer,CAM45690 SAWICAOSGCE,,1/25/2015,1/19/2015,4,Online Search,Call Center Internal
Bowflex Max Trainer,CAM45691 SAWICAOSBCE,,1/19/2015,1/19/2015,1,Online Search,Call Center Internal
Bowflex Max Trainer,CAM45691 SAWICAOSBCE,,1/20/2015,1/19/2015,1,Online Search,Call Center Internal
Bowflex Max Trainer,CAM45691 SAWICAOSBCE,,1/21/2015,1/19/2015,1,Online Search,Call Center Internal
Bowflex Max Trainer,CAM45691 SAWICAOSBCE,,1/24/2015,1/19/2015,1,Online Search,Call Center Internal
Bowflex Max Trainer,CAM45692 SAWICAOFG2E,,1/19/2015,1/19/2015,3,Online Search,Call Center Internal
Bowflex Max Trainer,CAM45692 SAWICAOFG2E,,1/20/2015,1/19/2015,2,Online Search,Call Center Internal
Bowflex Max Trainer,CAM45838 ICAOSGCESL5,1/21/2015,1/21/2015,1/19/2015,1,Online Search,Web
Bowflex Max Trainer,CAM45839 ICAOSGCESL6,1/19/2015,1/19/2015,1/19/2015,1,Online Search,Web
Bowflex Max Trainer,CAM45839 ICAOSGCESL6,1/21/2015,1/21/2015,1/19/2015,1,Online Search,Web
Bowflex Max Trainer,CAM45839 ICAOSGCESL6,1/23/2015,1/23/2015,1/19/2015,1,Online Search,Web
Bowflex Max Trainer,CAM45839 ICAOSGCESL6,1/24/2015,1/24/2015,1/19/2015,1,Online Search,Web
Bowflex Max Trainer,CAM45839 ICAOSGCESL6,1/25/2015,1/25/2015,1/19/2015,2,Online Search,Web
Bowflex Max Trainer,CAM45840 ICAOSGCESL7,1/20/2015,1/20/2015,1/19/2015,1,Online Search,Call Center Internal
Bowflex Max Trainer,CAM45840 ICAOSGCESL7,1/19/2015,1/19/2015,1/19/2015,1,Online Search,Web
Bowflex Max Trainer,CAM45840 ICAOSGCESL7,,1/19/2015,1/19/2015,1,Online Search,Web
Bowflex Max Trainer,CAM45840 ICAOSGCESL7,1/21/2015,1/21/2015,1/19/2015,1,Online Search,Web
Bowflex Max Trainer,CAM45840 ICAOSGCESL7,1/23/2015,1/23/2015,1/19/2015,1,Online Search,Web
Bowflex Max Trainer,CAM45840 ICAOSGCESL7,,1/23/2015,1/19/2015,1,Online Search,Web
Bowflex Max Trainer,CAM45840 ICAOSGCESL7,1/24/2015,1/24/2015,1/19/2015,2,Online Search,Web
Bowflex Max Trainer,CAM45840 ICAOSGCESL7,1/25/2015,1/25/2015,1/19/2015,1,Online Search,Web
Bowflex Max Trainer,CAM45840 ICAOSGCESL7,,1/25/2015,1/19/2015,2,Online Search,Web
Bowflex Max Trainer,CAM45842 ICAOSGCESL9,,1/22/2015,1/19/2015,1,Online Search,Web
Bowflex Max Trainer,CAM45842 ICAOSGCESL9,,1/24/2015,1/19/2015,3,Online Search,Web
Bowflex Max Trainer,CAM45842 ICAOSGCESL9,,1/25/2015,1/19/2015,2,Online Search,Web
Bowflex Max Trainer,CAM45847 ICAOSBCESL7,1/19/2015,1/19/2015,1/19/2015,1,Online Search,Web
Bowflex Max Trainer,CAM45631 ICAOFG2EFEED1,1/19/2015,1/19/2015,1/19/2015,2,Online Shopping,Web
Bowflex Max Trainer,CAM45631 ICAOFG2EFEED1,,1/19/2015,1/19/2015,3,Online Shopping,Web
Bowflex Max Trainer,CAM45631 ICAOFG2EFEED1,1/20/2015,1/20/2015,1/19/2015,1,Online Shopping,Web
Bowflex Max Trainer,CAM45631 ICAOFG2EFEED1,,1/20/2015,1/19/2015,2,Online Shopping,Web
Bowflex Max Trainer,CAM45631 ICAOFG2EFEED1,1/21/2015,1/21/2015,1/19/2015,3,Online Shopping,Web
Bowflex Max Trainer,CAM45631 ICAOFG2EFEED1,,1/21/2015,1/19/2015,3,Online Shopping,Web
Bowflex Max Trainer,CAM45631 ICAOFG2EFEED1,,1/22/2015,1/19/2015,3,Online Shopping,Web
Bowflex Max Trainer,CAM45631 ICAOFG2EFEED1,1/23/2015,1/23/2015,1/19/2015,2,Online Shopping,Web
Bowflex Max Trainer,CAM45631 ICAOFG2EFEED1,1/24/2015,1/24/2015,1/19/2015,2,Online Shopping,Web
Bowflex Max Trainer,CAM45631 ICAOFG2EFEED1,,1/24/2015,1/19/2015,3,Online Shopping,Web
Bowflex Max Trainer,CAM45631 ICAOFG2EFEED1,1/25/2015,1/25/2015,1/19/2015,1,Online Shopping,Web
Bowflex Max Trainer,CAM45631 ICAOFG2EFEED1,,1/25/2015,1/19/2015,1,Online Shopping,Web
Bowflex Max Trainer,CAM35680 INTELEMEDIACA,,1/21/2015,1/19/2015,2,Short Form,Call Center Internal
Bowflex Max Trainer,CAM46576 GAMCC120NYMAXKST,1/19/2015,1/19/2015,1/19/2015,1,Short Form,Call Center Internal
Bowflex Max Trainer,CAM46578 MOVIC120NYMAXKST,1/22/2015,1/22/2015,1/19/2015,1,Short Form,Call Center Internal
Bowflex Max Trainer,CAM46580 NGEOC120NYMAXKST,1/19/2015,1/19/2015,1/19/2015,1,Short Form,Call Center Internal
Bowflex Max Trainer,CAM46583 TSN*C120NYMAXKST,1/20/2015,1/20/2015,1/19/2015,1,Short Form,Call Center Internal
Bowflex Max Trainer,CAM46583 TSN*C120NYMAXKST,1/21/2015,1/21/2015,1/19/2015,1,Short Form,Call Center Internal
Bowflex Max Trainer,CAM46583 TSN*C120NYMAXKST,1/24/2015,1/24/2015,1/19/2015,1,Short Form,Call Center Internal
Bowflex Max Trainer,CAM46584 TSN2C120NYMAXKST,1/24/2015,1/24/2015,1/19/2015,2,Short Form,Call Center Internal
Bowflex Max Trainer,CAM46584 TSN2C120NYMAXKST,1/25/2015,1/25/2015,1/19/2015,1,Short Form,Call Center Internal
Bowflex Max Trainer,CAM46587 CTV*C120NYMAXKST,1/19/2015,1/19/2015,1/19/2015,1,Short Form,Call Center Internal
Bowflex Max Trainer,CAM46588 CBCNC120NYMAXKST,1/19/2015,1/19/2015,1/19/2015,1,Short Form,Call Center Internal
Bowflex Max Trainer,CAM46588 CBCNC120NYMAXKST,1/24/2015,1/24/2015,1/19/2015,1,Short Form,Call Center Internal
Bowflex Max Trainer,CAM46588 CBCNC120NYMAXKST,1/25/2015,1/25/2015,1/19/2015,2,Short Form,Call Center Internal
Bowflex Max Trainer,CAM46588 CBCNC120NYMAXKST,,1/25/2015,1/19/2015,1,Short Form,Call Center Internal
Bowflex Max Trainer,CAM46590 APTNC120NYMAXKST,1/20/2015,1/20/2015,1/19/2015,2,Short Form,Call Center Internal
Bowflex Max Trainer,CAM46594 NGW*C120NYMAXKST,1/20/2015,1/20/2015,1/19/2015,1,Short Form,Call Center Internal
Bowflex Max Trainer,CAM46597 CI**C120NYMAXKST,1/21/2015,1/21/2015,1/19/2015,2,Short Form,Call Center Internal
Bowflex Max Trainer,CAM46605 TLN*C120NYMAXKST,1/21/2015,1/21/2015,1/19/2015,3,Short Form,Call Center Internal
Bowflex Max Trainer,CAM46608 WXYZC120NYMAXKST,1/19/2015,1/19/2015,1/19/2015,1,Short Form,Call Center Internal
Bowflex Max Trainer,CAM46609 CHCHC120NYMAXKST,1/21/2015,1/21/2015,1/19/2015,1,Short Form,Call Center Internal
Bowflex Max Trainer,CAM46609 CHCHC120NYMAXKST,1/24/2015,1/24/2015,1/19/2015,1,Short Form,Call Center Internal
Bowflex Max Trainer,CAM46666 ARTSN60*ALONYTIC,,1/22/2015,1/19/2015,1,Short Form,Call Center Internal
Bowflex Max Trainer,CAM46758 SHWCC60*NYMAXKST,1/25/2015,1/25/2015,1/19/2015,1,Short Form,Call Center Internal
Bowflex Max Trainer,CAM28157 SALESFOLLOWUP,,1/20/2015,1/19/2015,1,Un-Sourced,Call Center Internal
Bowflex Max Trainer,CAM28157 SALESFOLLOWUP,,1/21/2015,1/19/2015,2,Un-Sourced,Call Center Internal
Bowflex Max Trainer,CAM40821 1800BOWFLEX,,1/21/2015,1/19/2015,1,Un-Sourced,Call Center Internal
Bowflex Max Trainer,CAM45327 1800MAXTRAINER,,1/19/2015,1/19/2015,3,Un-Sourced,Call Center Internal
Bowflex Max Trainer,CAM45327 1800MAXTRAINER,,1/20/2015,1/19/2015,2,Un-Sourced,Call Center Internal
Bowflex Max Trainer,CAM45327 1800MAXTRAINER,1/21/2015,1/21/2015,1/19/2015,1,Un-Sourced,Call Center Internal
Bowflex Max Trainer,CAM45327 1800MAXTRAINER,,1/21/2015,1/19/2015,1,Un-Sourced,Call Center Internal
Bowflex Max Trainer,CAM45327 1800MAXTRAINER,1/22/2015,1/22/2015,1/19/2015,1,Un-Sourced,Call Center Internal
Bowflex Max Trainer,CAM45327 1800MAXTRAINER,,1/22/2015,1/19/2015,3,Un-Sourced,Call Center Internal
Bowflex Max Trainer,CAM45327 1800MAXTRAINER,,1/24/2015,1/19/2015,1,Un-Sourced,Call Center Internal
Bowflex Max Trainer,CAM45327 1800MAXTRAINER,1/25/2015,1/25/2015,1/19/2015,1,Un-Sourced,Call Center Internal
Bowflex Max Trainer,CAM45693 ICASESF14A,,1/28/2015,1/26/2015,1,Electronic - Short Form,Call Center Internal
Bowflex Max Trainer,CAM45693 ICASESF14A,,1/29/2015,1/26/2015,1,Electronic - Short Form,Call Center Internal
Bowflex Max Trainer,CAM45693 ICASESF14A,1/26/2015,1/26/2015,1/26/2015,38,Electronic - Short Form,Web
Bowflex Max Trainer,CAM45693 ICASESF14A,1/27/2015,1/26/2015,1/26/2015,1,Electronic - Short Form,Web
Bowflex Max Trainer,CAM45693 ICASESF14A,,1/26/2015,1/26/2015,4,Electronic - Short Form,Web
Bowflex Max Trainer,CAM45693 ICASESF14A,1/27/2015,1/27/2015,1/26/2015,15,Electronic - Short Form,Web
Bowflex Max Trainer,CAM45693 ICASESF14A,,1/27/2015,1/26/2015,6,Electronic - Short Form,Web
Bowflex Max Trainer,CAM45693 ICASESF14A,1/28/2015,1/28/2015,1/26/2015,12,Electronic - Short Form,Web
Bowflex Max Trainer,CAM45693 ICASESF14A,,1/28/2015,1/26/2015,2,Electronic - Short Form,Web
Bowflex Max Trainer,CAM45693 ICASESF14A,1/29/2015,1/29/2015,1/26/2015,26,Electronic - Short Form,Web
Bowflex Max Trainer,CAM45693 ICASESF14A,,1/29/2015,1/26/2015,1,Electronic - Short Form,Web
Bowflex Max Trainer,CAM45693 ICASESF14A,1/30/2015,1/30/2015,1/26/2015,11,Electronic - Short Form,Web
Bowflex Max Trainer,CAM45693 ICASESF14A,,1/30/2015,1/26/2015,3,Electronic - Short Form,Web
Bowflex Max Trainer,CAM45693 ICASESF14A,,1/31/2015,1/26/2015,1,Electronic - Short Form,Web
Bowflex Max Trainer,CAM45693 ICASESF14A,2/1/2015,2/1/2015,1/26/2015,15,Electronic - Short Form,Web
Bowflex Max Trainer,CAM45694 ICASESF14B,1/26/2015,1/26/2015,1/26/2015,1,Electronic - Short Form,Web
Bowflex Max Trainer,CAM45694 ICASESF14B,,1/26/2015,1/26/2015,2,Electronic - Short Form,Web
Bowflex Max Trainer,CAM45694 ICASESF14B,1/27/2015,1/27/2015,1/26/2015,2,Electronic - Short Form,Web
Bowflex Max Trainer,CAM45694 ICASESF14B,1/28/2015,1/28/2015,1/26/2015,4,Electronic - Short Form,Web
Bowflex Max Trainer,CAM45694 ICASESF14B,1/29/2015,1/29/2015,1/26/2015,4,Electronic - Short Form,Web
Bowflex Max Trainer,CAM45694 ICASESF14B,1/30/2015,1/30/2015,1/26/2015,5,Electronic - Short Form,Web
Bowflex Max Trainer,CAM45694 ICASESF14B,1/31/2015,1/31/2015,1/26/2015,3,Electronic - Short Form,Web
Bowflex Max Trainer,CAM45694 ICASESF14B,2/1/2015,1/31/2015,1/26/2015,2,Electronic - Short Form,Web
Bowflex Max Trainer,CAM45694 ICASESF14B,,1/31/2015,1/26/2015,2,Electronic - Short Form,Web
Bowflex Max Trainer,CAM45694 ICASESF14B,2/1/2015,2/1/2015,1/26/2015,21,Electronic - Short Form,Web
Bowflex Max Trainer,CAM45694 ICASESF14B,2/2/2015,2/1/2015,1/26/2015,1,Electronic - Short Form,Web
Bowflex Max Trainer,CAM45694 ICASESF14B,,2/1/2015,1/26/2015,1,Electronic - Short Form,Web
Bowflex Max Trainer,CAM45695 ICASESF14C,,1/26/2015,1/26/2015,1,Electronic - Short Form,Call Center Internal
Bowflex Max Trainer,CAM45695 ICASESF14C,1/26/2015,1/26/2015,1/26/2015,2,Electronic - Short Form,Web
Bowflex Max Trainer,CAM45695 ICASESF14C,1/27/2015,1/27/2015,1/26/2015,2,Electronic - Short Form,Web
Bowflex Max Trainer,CAM45695 ICASESF14C,,1/27/2015,1/26/2015,1,Electronic - Short Form,Web
Bowflex Max Trainer,CAM45695 ICASESF14C,1/28/2015,1/28/2015,1/26/2015,5,Electronic - Short Form,Web
Bowflex Max Trainer,CAM45695 ICASESF14C,,1/28/2015,1/26/2015,1,Electronic - Short Form,Web
Bowflex Max Trainer,CAM45695 ICASESF14C,1/30/2015,1/30/2015,1/26/2015,3,Electronic - Short Form,Web
Bowflex Max Trainer,CAM45695 ICASESF14C,,1/30/2015,1/26/2015,1,Electronic - Short Form,Web
Bowflex Max Trainer,CAM45695 ICASESF14C,,1/31/2015,1/26/2015,1,Electronic - Short Form,Web
Bowflex Max Trainer,CAM45800 DSEESF14J,1/26/2015,1/26/2015,1/26/2015,1,Electronic - Short Form,Web
Bowflex Max Trainer,CAM127 1800BOWFLEX_BFC,,1/27/2015,1/26/2015,1,Electronic - UnSourced,Call Center Internal
Bowflex Max Trainer,CAM127 1800BOWFLEX_BFC,,1/29/2015,1/26/2015,1,Electronic - UnSourced,Call Center Internal
Bowflex Max Trainer,CAM127 1800BOWFLEX_BFC,,1/30/2015,1/26/2015,1,Electronic - UnSourced,Call Center Internal
Bowflex Max Trainer,CAM44236 SAWMAX,,1/28/2015,1/26/2015,1,Electronic - UnSourced,Call Center Internal
Bowflex Max Trainer,CAM44626 1800BOWFLEX_BMT,,1/26/2015,1/26/2015,2,Electronic - UnSourced,Call Center Internal
Bowflex Max Trainer,CAM44626 1800BOWFLEX_BMT,,1/27/2015,1/26/2015,1,Electronic - UnSourced,Call Center Internal
Bowflex Max Trainer,CAM44626 1800BOWFLEX_BMT,1/28/2015,1/28/2015,1/26/2015,1,Electronic - UnSourced,Call Center Internal
Bowflex Max Trainer,CAM44626 1800BOWFLEX_BMT,,1/28/2015,1/26/2015,1,Electronic - UnSourced,Call Center Internal
Bowflex Max Trainer,CAM45632 ICAEE1SITECMT,1/26/2015,1/26/2015,1/26/2015,3,Electronic - UnSourced,Web
Bowflex Max Trainer,CAM45632 ICAEE1SITECMT,,1/26/2015,1/26/2015,7,Electronic - UnSourced,Web
Bowflex Max Trainer,CAM45632 ICAEE1SITECMT,1/27/2015,1/27/2015,1/26/2015,2,Electronic - UnSourced,Web
Bowflex Max Trainer,CAM45632 ICAEE1SITECMT,,1/27/2015,1/26/2015,4,Electronic - UnSourced,Web
Bowflex Max Trainer,CAM45632 ICAEE1SITECMT,1/28/2015,1/28/2015,1/26/2015,2,Electronic - UnSourced,Web
Bowflex Max Trainer,CAM45632 ICAEE1SITECMT,,1/28/2015,1/26/2015,4,Electronic - UnSourced,Web
Bowflex Max Trainer,CAM45632 ICAEE1SITECMT,1/29/2015,1/29/2015,1/26/2015,4,Electronic - UnSourced,Web
Bowflex Max Trainer,CAM45632 ICAEE1SITECMT,,1/29/2015,1/26/2015,5,Electronic - UnSourced,Web
Bowflex Max Trainer,CAM45632 ICAEE1SITECMT,1/30/2015,1/30/2015,1/26/2015,2,Electronic - UnSourced,Web
Bowflex Max Trainer,CAM45632 ICAEE1SITECMT,,1/30/2015,1/26/2015,4,Electronic - UnSourced,Web
Bowflex Max Trainer,CAM45632 ICAEE1SITECMT,,1/31/2015,1/26/2015,3,Electronic - UnSourced,Web
Bowflex Max Trainer,CAM45632 ICAEE1SITECMT,2/1/2015,2/1/2015,1/26/2015,2,Electronic - UnSourced,Web
Bowflex Max Trainer,CAM45632 ICAEE1SITECMT,,2/1/2015,1/26/2015,4,Electronic - UnSourced,Web
Bowflex Max Trainer,CAM45699 SAWICAEEMAX,,1/26/2015,1/26/2015,2,Electronic - UnSourced,Call Center Internal
Bowflex Max Trainer,CAM45699 SAWICAEEMAX,1/27/2015,1/27/2015,1/26/2015,1,Electronic - UnSourced,Call Center Internal
Bowflex Max Trainer,CAM45699 SAWICAEEMAX,,1/27/2015,1/26/2015,3,Electronic - UnSourced,Call Center Internal
Bowflex Max Trainer,CAM45699 SAWICAEEMAX,,1/28/2015,1/26/2015,2,Electronic - UnSourced,Call Center Internal
Bowflex Max Trainer,CAM30903 SAWICAODTFCW,,2/1/2015,1/26/2015,1,Online Display,Call Center Internal
Bowflex Max Trainer,CAM46534 ICAODAREDL1,,1/26/2015,1/26/2015,1,Online Display,Web
Bowflex Max Trainer,CAM46534 ICAODAREDL1,1/27/2015,1/27/2015,1/26/2015,1,Online Display,Web
Bowflex Max Trainer,CAM46534 ICAODAREDL1,,1/27/2015,1/26/2015,1,Online Display,Web
Bowflex Max Trainer,CAM46534 ICAODAREDL1,1/28/2015,1/28/2015,1/26/2015,1,Online Display,Web
Bowflex Max Trainer,CAM46534 ICAODAREDL1,,1/28/2015,1/26/2015,1,Online Display,Web
Bowflex Max Trainer,CAM46534 ICAODAREDL1,1/29/2015,1/29/2015,1/26/2015,2,Online Display,Web
Bowflex Max Trainer,CAM46536 ICAODAREDL3,1/26/2015,1/26/2015,1/26/2015,1,Online Display,Web
Bowflex Max Trainer,CAM46536 ICAODAREDL3,,1/26/2015,1/26/2015,1,Online Display,Web
Bowflex Max Trainer,CAM30828 icaosgcdsl2,,1/29/2015,1/26/2015,1,Online Search,Call Center Internal
Bowflex Max Trainer,CAM30891 SAWICAOSGCW,,1/27/2015,1/26/2015,1,Online Search,Call Center Internal
Bowflex Max Trainer,CAM30896 SAWICAOSGCT,,1/31/2015,1/26/2015,1,Online Search,Call Center Internal
Bowflex Max Trainer,CAM45624 ICAOSGCESL2,,1/27/2015,1/26/2015,1,Online Search,Call Center Internal
Bowflex Max Trainer,CAM45624 ICAOSGCESL2,,1/30/2015,1/26/2015,1,Online Search,Call Center Internal
Bowflex Max Trainer,CAM45624 ICAOSGCESL2,1/26/2015,1/26/2015,1/26/2015,7,Online Search,Web
Bowflex Max Trainer,CAM45624 ICAOSGCESL2,,1/26/2015,1/26/2015,9,Online Search,Web
Bowflex Max Trainer,CAM45624 ICAOSGCESL2,1/27/2015,1/27/2015,1/26/2015,7,Online Search,Web
Bowflex Max Trainer,CAM45624 ICAOSGCESL2,,1/27/2015,1/26/2015,9,Online Search,Web
Bowflex Max Trainer,CAM45624 ICAOSGCESL2,1/28/2015,1/28/2015,1/26/2015,1,Online Search,Web
Bowflex Max Trainer,CAM45624 ICAOSGCESL2,,1/28/2015,1/26/2015,3,Online Search,Web
Bowflex Max Trainer,CAM45624 ICAOSGCESL2,1/29/2015,1/29/2015,1/26/2015,9,Online Search,Web
Bowflex Max Trainer,CAM45624 ICAOSGCESL2,,1/29/2015,1/26/2015,2,Online Search,Web
Bowflex Max Trainer,CAM45624 ICAOSGCESL2,1/30/2015,1/30/2015,1/26/2015,6,Online Search,Web
Bowflex Max Trainer,CAM45624 ICAOSGCESL2,,1/30/2015,1/26/2015,4,Online Search,Web
Bowflex Max Trainer,CAM45624 ICAOSGCESL2,,1/31/2015,1/26/2015,6,Online Search,Web
Bowflex Max Trainer,CAM45624 ICAOSGCESL2,2/1/2015,2/1/2015,1/26/2015,6,Online Search,Web
Bowflex Max Trainer,CAM45624 ICAOSGCESL2,,2/1/2015,1/26/2015,2,Online Search,Web
Bowflex Max Trainer,CAM45626 ICAOSGCEML2,1/28/2015,1/28/2015,1/26/2015,1,Online Search,Call Center Internal
Bowflex Max Trainer,CAM45626 ICAOSGCEML2,1/26/2015,1/26/2015,1/26/2015,5,Online Search,Web
Bowflex Max Trainer,CAM45626 ICAOSGCEML2,,1/26/2015,1/26/2015,3,Online Search,Web
Bowflex Max Trainer,CAM45626 ICAOSGCEML2,1/27/2015,1/27/2015,1/26/2015,5,Online Search,Web
Bowflex Max Trainer,CAM45626 ICAOSGCEML2,1/30/2015,1/27/2015,1/26/2015,1,Online Search,Web
Bowflex Max Trainer,CAM45626 ICAOSGCEML2,,1/27/2015,1/26/2015,3,Online Search,Web
Bowflex Max Trainer,CAM45626 ICAOSGCEML2,1/28/2015,1/28/2015,1/26/2015,6,Online Search,Web
Bowflex Max Trainer,CAM45626 ICAOSGCEML2,,1/28/2015,1/26/2015,1,Online Search,Web
Bowflex Max Trainer,CAM45626 ICAOSGCEML2,1/29/2015,1/29/2015,1/26/2015,4,Online Search,Web
Bowflex Max Trainer,CAM45626 ICAOSGCEML2,1/30/2015,1/29/2015,1/26/2015,1,Online Search,Web
Bowflex Max Trainer,CAM45626 ICAOSGCEML2,,1/29/2015,1/26/2015,1,Online Search,Web
Bowflex Max Trainer,CAM45626 ICAOSGCEML2,1/30/2015,1/30/2015,1/26/2015,4,Online Search,Web
Bowflex Max Trainer,CAM45626 ICAOSGCEML2,,1/30/2015,1/26/2015,1,Online Search,Web
Bowflex Max Trainer,CAM45626 ICAOSGCEML2,,1/31/2015,1/26/2015,1,Online Search,Web
Bowflex Max Trainer,CAM45626 ICAOSGCEML2,2/1/2015,2/1/2015,1/26/2015,5,Online Search,Web
Bowflex Max Trainer,CAM45626 ICAOSGCEML2,,2/1/2015,1/26/2015,2,Online Search,Web
Bowflex Max Trainer,CAM45628 ICAOSBCESL2,1/26/2015,1/26/2015,1/26/2015,3,Online Search,Web
Bowflex Max Trainer,CAM45628 ICAOSBCESL2,,1/26/2015,1/26/2015,1,Online Search,Web
Bowflex Max Trainer,CAM45628 ICAOSBCESL2,1/27/2015,1/27/2015,1/26/2015,2,Online Search,Web
Bowflex Max Trainer,CAM45628 ICAOSBCESL2,,1/27/2015,1/26/2015,1,Online Search,Web
Bowflex Max Trainer,CAM45628 ICAOSBCESL2,,1/28/2015,1/26/2015,2,Online Search,Web
Bowflex Max Trainer,CAM45628 ICAOSBCESL2,1/29/2015,1/29/2015,1/26/2015,1,Online Search,Web
Bowflex Max Trainer,CAM45628 ICAOSBCESL2,,1/30/2015,1/26/2015,1,Online Search,Web
Bowflex Max Trainer,CAM45628 ICAOSBCESL2,,1/31/2015,1/26/2015,2,Online Search,Web
Bowflex Max Trainer,CAM45630 ICAOSBCEML2,1/26/2015,1/26/2015,1/26/2015,3,Online Search,Web
Bowflex Max Trainer,CAM45630 ICAOSBCEML2,,1/26/2015,1/26/2015,2,Online Search,Web
Bowflex Max Trainer,CAM45630 ICAOSBCEML2,1/28/2015,1/28/2015,1/26/2015,1,Online Search,Web
Bowflex Max Trainer,CAM45630 ICAOSBCEML2,2/1/2015,2/1/2015,1/26/2015,1,Online Search,Web
Bowflex Max Trainer,CAM45630 ICAOSBCEML2,,2/1/2015,1/26/2015,1,Online Search,Web
Bowflex Max Trainer,CAM45633 ICAOSGCEGL1CMT,1/27/2015,1/27/2015,1/26/2015,1,Online Search,Call Center Internal
Bowflex Max Trainer,CAM45633 ICAOSGCEGL1CMT,,1/28/2015,1/26/2015,1,Online Search,Call Center Internal
Bowflex Max Trainer,CAM45633 ICAOSGCEGL1CMT,,1/26/2015,1/26/2015,1,Online Search,Web
Bowflex Max Trainer,CAM45633 ICAOSGCEGL1CMT,1/27/2015,1/27/2015,1/26/2015,2,Online Search,Web
Bowflex Max Trainer,CAM45633 ICAOSGCEGL1CMT,,1/27/2015,1/26/2015,1,Online Search,Web
Bowflex Max Trainer,CAM45633 ICAOSGCEGL1CMT,1/28/2015,1/28/2015,1/26/2015,2,Online Search,Web
Bowflex Max Trainer,CAM45633 ICAOSGCEGL1CMT,,1/28/2015,1/26/2015,3,Online Search,Web
Bowflex Max Trainer,CAM45633 ICAOSGCEGL1CMT,1/29/2015,1/29/2015,1/26/2015,4,Online Search,Web
Bowflex Max Trainer,CAM45633 ICAOSGCEGL1CMT,,1/29/2015,1/26/2015,7,Online Search,Web
Bowflex Max Trainer,CAM45633 ICAOSGCEGL1CMT,1/30/2015,1/30/2015,1/26/2015,2,Online Search,Web
Bowflex Max Trainer,CAM45633 ICAOSGCEGL1CMT,2/2/2015,1/30/2015,1/26/2015,1,Online Search,Web
Bowflex Max Trainer,CAM45633 ICAOSGCEGL1CMT,,1/30/2015,1/26/2015,3,Online Search,Web
Bowflex Max Trainer,CAM45633 ICAOSGCEGL1CMT,,1/31/2015,1/26/2015,3,Online Search,Web
Bowflex Max Trainer,CAM45633 ICAOSGCEGL1CMT,2/1/2015,2/1/2015,1/26/2015,5,Online Search,Web
Bowflex Max Trainer,CAM45633 ICAOSGCEGL1CMT,,2/1/2015,1/26/2015,2,Online Search,Web
Bowflex Max Trainer,CAM45634 ICAOSBCEGL1CMT,,1/26/2015,1/26/2015,1,Online Search,Web
Bowflex Max Trainer,CAM45634 ICAOSBCEGL1CMT,1/27/2015,1/27/2015,1/26/2015,1,Online Search,Web
Bowflex Max Trainer,CAM45634 ICAOSBCEGL1CMT,,1/27/2015,1/26/2015,1,Online Search,Web
Bowflex Max Trainer,CAM45634 ICAOSBCEGL1CMT,,1/29/2015,1/26/2015,2,Online Search,Web
Bowflex Max Trainer,CAM45634 ICAOSBCEGL1CMT,1/30/2015,1/30/2015,1/26/2015,1,Online Search,Web
Bowflex Max Trainer,CAM45690 SAWICAOSGCE,,1/26/2015,1/26/2015,2,Online Search,Call Center Internal
Bowflex Max Trainer,CAM45690 SAWICAOSGCE,1/27/2015,1/27/2015,1/26/2015,1,Online Search,Call Center Internal
Bowflex Max Trainer,CAM45690 SAWICAOSGCE,,1/28/2015,1/26/2015,3,Online Search,Call Center Internal
Bowflex Max Trainer,CAM45690 SAWICAOSGCE,,1/29/2015,1/26/2015,2,Online Search,Call Center Internal
Bowflex Max Trainer,CAM45690 SAWICAOSGCE,1/30/2015,1/30/2015,1/26/2015,1,Online Search,Call Center Internal
Bowflex Max Trainer,CAM45690 SAWICAOSGCE,1/31/2015,1/31/2015,1/26/2015,1,Online Search,Call Center Internal
Bowflex Max Trainer,CAM45690 SAWICAOSGCE,,1/31/2015,1/26/2015,5,Online Search,Call Center Internal
Bowflex Max Trainer,CAM45690 SAWICAOSGCE,,2/1/2015,1/26/2015,2,Online Search,Call Center Internal
Bowflex Max Trainer,CAM45691 SAWICAOSBCE,1/27/2015,1/27/2015,1/26/2015,1,Online Search,Call Center Internal
Bowflex Max Trainer,CAM45691 SAWICAOSBCE,,1/27/2015,1/26/2015,1,Online Search,Call Center Internal
Bowflex Max Trainer,CAM45691 SAWICAOSBCE,,1/29/2015,1/26/2015,1,Online Search,Call Center Internal
Bowflex Max Trainer,CAM45838 ICAOSGCESL5,1/26/2015,1/26/2015,1/26/2015,1,Online Search,Web
Bowflex Max Trainer,CAM45838 ICAOSGCESL5,,1/26/2015,1/26/2015,1,Online Search,Web
Bowflex Max Trainer,CAM45839 ICAOSGCESL6,1/26/2015,1/26/2015,1/26/2015,1,Online Search,Web
Bowflex Max Trainer,CAM45839 ICAOSGCESL6,1/27/2015,1/27/2015,1/26/2015,3,Online Search,Web
Bowflex Max Trainer,CAM45839 ICAOSGCESL6,1/28/2015,1/27/2015,1/26/2015,1,Online Search,Web
Bowflex Max Trainer,CAM45839 ICAOSGCESL6,1/28/2015,1/28/2015,1/26/2015,1,Online Search,Web
Bowflex Max Trainer,CAM45839 ICAOSGCESL6,1/29/2015,1/29/2015,1/26/2015,1,Online Search,Web
Bowflex Max Trainer,CAM45839 ICAOSGCESL6,1/30/2015,1/30/2015,1/26/2015,1,Online Search,Web
Bowflex Max Trainer,CAM45840 ICAOSGCESL7,1/26/2015,1/26/2015,1/26/2015,1,Online Search,Web
Bowflex Max Trainer,CAM45840 ICAOSGCESL7,,1/26/2015,1/26/2015,2,Online Search,Web
Bowflex Max Trainer,CAM45840 ICAOSGCESL7,,1/27/2015,1/26/2015,1,Online Search,Web
Bowflex Max Trainer,CAM45840 ICAOSGCESL7,1/29/2015,1/28/2015,1/26/2015,1,Online Search,Web
Bowflex Max Trainer,CAM45840 ICAOSGCESL7,1/29/2015,1/29/2015,1/26/2015,1,Online Search,Web
Bowflex Max Trainer,CAM45840 ICAOSGCESL7,,1/29/2015,1/26/2015,1,Online Search,Web
Bowflex Max Trainer,CAM45840 ICAOSGCESL7,2/1/2015,2/1/2015,1/26/2015,1,Online Search,Web
Bowflex Max Trainer,CAM45842 ICAOSGCESL9,,1/26/2015,1/26/2015,1,Online Search,Web
Bowflex Max Trainer,CAM45842 ICAOSGCESL9,,1/27/2015,1/26/2015,2,Online Search,Web
Bowflex Max Trainer,CAM45842 ICAOSGCESL9,,1/28/2015,1/26/2015,1,Online Search,Web
Bowflex Max Trainer,CAM45842 ICAOSGCESL9,,1/29/2015,1/26/2015,2,Online Search,Web
Bowflex Max Trainer,CAM45842 ICAOSGCESL9,1/30/2015,1/30/2015,1/26/2015,1,Online Search,Web
Bowflex Max Trainer,CAM45842 ICAOSGCESL9,,1/30/2015,1/26/2015,1,Online Search,Web
Bowflex Max Trainer,CAM45842 ICAOSGCESL9,,1/31/2015,1/26/2015,1,Online Search,Web
Bowflex Max Trainer,CAM45842 ICAOSGCESL9,,2/1/2015,1/26/2015,1,Online Search,Web
Bowflex Max Trainer,CAM45846 ICAOSBCESL6,1/26/2015,1/26/2015,1/26/2015,1,Online Search,Web
Bowflex Max Trainer,CAM45631 ICAOFG2EFEED1,1/26/2015,1/26/2015,1/26/2015,1,Online Shopping,Web
Bowflex Max Trainer,CAM45631 ICAOFG2EFEED1,,1/26/2015,1/26/2015,3,Online Shopping,Web
Bowflex Max Trainer,CAM45631 ICAOFG2EFEED1,1/27/2015,1/27/2015,1/26/2015,3,Online Shopping,Web
Bowflex Max Trainer,CAM45631 ICAOFG2EFEED1,,1/27/2015,1/26/2015,3,Online Shopping,Web
Bowflex Max Trainer,CAM45631 ICAOFG2EFEED1,1/28/2015,1/28/2015,1/26/2015,1,Online Shopping,Web
Bowflex Max Trainer,CAM45631 ICAOFG2EFEED1,1/29/2015,1/29/2015,1/26/2015,1,Online Shopping,Web
Bowflex Max Trainer,CAM45631 ICAOFG2EFEED1,,1/30/2015,1/26/2015,1,Online Shopping,Web
Bowflex Max Trainer,CAM45631 ICAOFG2EFEED1,,1/31/2015,1/26/2015,3,Online Shopping,Web
Bowflex Max Trainer,CAM45631 ICAOFG2EFEED1,2/1/2015,2/1/2015,1/26/2015,2,Online Shopping,Web
Bowflex Max Trainer,CAM45631 ICAOFG2EFEED1,2/2/2015,2/1/2015,1/26/2015,1,Online Shopping,Web
Bowflex Max Trainer,CAM45631 ICAOFG2EFEED1,,2/1/2015,1/26/2015,2,Online Shopping,Web
Bowflex Max Trainer,CAM35680 INTELEMEDIACA,,1/27/2015,1/26/2015,2,Short Form,Call Center Internal
Bowflex Max Trainer,CAM35680 INTELEMEDIACA,,1/29/2015,1/26/2015,1,Short Form,Call Center Internal
Bowflex Max Trainer,CAM46574 DOCUC120NYMAXKST,1/30/2015,1/30/2015,1/26/2015,1,Short Form,Call Center Internal
Bowflex Max Trainer,CAM46576 GAMCC120NYMAXKST,,1/26/2015,1/26/2015,1,Short Form,Call Center Internal
Bowflex Max Trainer,CAM46576 GAMCC120NYMAXKST,1/31/2015,1/31/2015,1/26/2015,1,Short Form,Call Center Internal
Bowflex Max Trainer,CAM46576 GAMCC120NYMAXKST,2/1/2015,2/1/2015,1/26/2015,1,Short Form,Call Center Internal
Bowflex Max Trainer,CAM46578 MOVIC120NYMAXKST,1/27/2015,1/27/2015,1/26/2015,1,Short Form,Call Center Internal
Bowflex Max Trainer,CAM46580 NGEOC120NYMAXKST,1/29/2015,1/29/2015,1/26/2015,2,Short Form,Call Center Internal
Bowflex Max Trainer,CAM46581 SHWAC120NYMAXKST,,1/30/2015,1/26/2015,1,Short Form,Call Center Internal
Bowflex Max Trainer,CAM46583 TSN*C120NYMAXKST,1/29/2015,1/29/2015,1/26/2015,1,Short Form,Call Center Internal
Bowflex Max Trainer,CAM46583 TSN*C120NYMAXKST,1/31/2015,1/31/2015,1/26/2015,1,Short Form,Call Center Internal
Bowflex Max Trainer,CAM46587 CTV*C120NYMAXKST,1/28/2015,1/28/2015,1/26/2015,1,Short Form,Call Center Internal
Bowflex Max Trainer,CAM46587 CTV*C120NYMAXKST,1/30/2015,1/30/2015,1/26/2015,1,Short Form,Call Center Internal
Bowflex Max Trainer,CAM46587 CTV*C120NYMAXKST,2/1/2015,2/1/2015,1/26/2015,1,Short Form,Call Center Internal
Bowflex Max Trainer,CAM46587 CTV*C120NYMAXKST,,2/1/2015,1/26/2015,1,Short Form,Call Center Internal
Bowflex Max Trainer,CAM46588 CBCNC120NYMAXKST,1/26/2015,1/26/2015,1/26/2015,1,Short Form,Call Center Internal
Bowflex Max Trainer,CAM46588 CBCNC120NYMAXKST,1/28/2015,1/28/2015,1/26/2015,1,Short Form,Call Center Internal
Bowflex Max Trainer,CAM46588 CBCNC120NYMAXKST,1/29/2015,1/29/2015,1/26/2015,1,Short Form,Call Center Internal
Bowflex Max Trainer,CAM46590 APTNC120NYMAXKST,1/26/2015,1/26/2015,1/26/2015,1,Short Form,Call Center Internal
Bowflex Max Trainer,CAM46590 APTNC120NYMAXKST,,1/31/2015,1/26/2015,1,Short Form,Call Center Internal
Bowflex Max Trainer,CAM46604 KIROC120NYMAXKST,1/31/2015,1/31/2015,1/26/2015,1,Short Form,Call Center Internal
Bowflex Max Trainer,CAM46605 TLN*C120NYMAXKST,1/27/2015,1/27/2015,1/26/2015,1,Short Form,Call Center Internal
Bowflex Max Trainer,CAM46605 TLN*C120NYMAXKST,1/29/2015,1/29/2015,1/26/2015,1,Short Form,Call Center Internal
Bowflex Max Trainer,CAM46607 WDIVC120NYMAXKST,1/27/2015,1/27/2015,1/26/2015,1,Short Form,Call Center Internal
Bowflex Max Trainer,CAM46607 WDIVC120NYMAXKST,1/29/2015,1/29/2015,1/26/2015,1,Short Form,Call Center Internal
Bowflex Max Trainer,CAM46609 CHCHC120NYMAXKST,1/29/2015,1/29/2015,1/26/2015,1,Short Form,Call Center Internal
Bowflex Max Trainer,CAM46612 ARTSN60*NYMAXTIC,1/28/2015,1/28/2015,1/26/2015,1,Short Form,Call Center Internal
Bowflex Max Trainer,CAM46757 HISCC60*NYMAXKST,1/28/2015,1/28/2015,1/26/2015,1,Short Form,Call Center Internal
Bowflex Max Trainer,CAM46757 HISCC60*NYMAXKST,1/30/2015,1/30/2015,1/26/2015,1,Short Form,Call Center Internal
Bowflex Max Trainer,CAM28157 SALESFOLLOWUP,,1/28/2015,1/26/2015,1,Un-Sourced,Call Center Internal
Bowflex Max Trainer,CAM28157 SALESFOLLOWUP,,1/31/2015,1/26/2015,2,Un-Sourced,Call Center Internal
Bowflex Max Trainer,CAM45327 1800MAXTRAINER,1/26/2015,1/26/2015,1/26/2015,2,Un-Sourced,Call Center Internal
Bowflex Max Trainer,CAM45327 1800MAXTRAINER,,1/26/2015,1/26/2015,2,Un-Sourced,Call Center Internal
Bowflex Max Trainer,CAM45327 1800MAXTRAINER,,1/27/2015,1/26/2015,5,Un-Sourced,Call Center Internal
Bowflex Max Trainer,CAM45327 1800MAXTRAINER,,1/28/2015,1/26/2015,1,Un-Sourced,Call Center Internal
Bowflex Max Trainer,CAM45327 1800MAXTRAINER,1/29/2015,1/29/2015,1/26/2015,3,Un-Sourced,Call Center Internal
Bowflex Max Trainer,CAM45327 1800MAXTRAINER,,1/29/2015,1/26/2015,1,Un-Sourced,Call Center Internal
Bowflex Max Trainer,CAM45327 1800MAXTRAINER,,1/30/2015,1/26/2015,4,Un-Sourced,Call Center Internal
Bowflex Max Trainer,CAM45327 1800MAXTRAINER,,2/1/2015,1/26/2015,3,Un-Sourced,Call Center Internal
Bowflex Max Trainer,CAM27557 Bowflex Catalog,,2/6/2015,2/2/2015,1,Catalog,Call Center Internal
Bowflex Max Trainer,CAM44215 SAWDSEESF14A,2/8/2015,2/8/2015,2/2/2015,1,Electronic - Short Form,Call Center Internal
Bowflex Max Trainer,CAM45693 ICASESF14A,,2/3/2015,2/2/2015,1,Electronic - Short Form,Call Center Internal
Bowflex Max Trainer,CAM45693 ICASESF14A,2/6/2015,2/6/2015,2/2/2015,1,Electronic - Short Form,Call Center Internal
Bowflex Max Trainer,CAM45693 ICASESF14A,2/2/2015,2/2/2015,2/2/2015,53,Electronic - Short Form,Web
Bowflex Max Trainer,CAM45693 ICASESF14A,2/7/2015,2/2/2015,2/2/2015,1,Electronic - Short Form,Web
Bowflex Max Trainer,CAM45693 ICASESF14A,2/3/2015,2/3/2015,2/2/2015,23,Electronic - Short Form,Web
Bowflex Max Trainer,CAM45693 ICASESF14A,,2/3/2015,2/2/2015,1,Electronic - Short Form,Web
Bowflex Max Trainer,CAM45693 ICASESF14A,2/4/2015,2/4/2015,2/2/2015,20,Electronic - Short Form,Web
Bowflex Max Trainer,CAM45693 ICASESF14A,,2/4/2015,2/2/2015,2,Electronic - Short Form,Web
Bowflex Max Trainer,CAM45693 ICASESF14A,2/5/2015,2/5/2015,2/2/2015,13,Electronic - Short Form,Web
Bowflex Max Trainer,CAM45693 ICASESF14A,,2/5/2015,2/2/2015,3,Electronic - Short Form,Web
Bowflex Max Trainer,CAM45693 ICASESF14A,2/6/2015,2/6/2015,2/2/2015,20,Electronic - Short Form,Web
Bowflex Max Trainer,CAM45693 ICASESF14A,,2/6/2015,2/2/2015,3,Electronic - Short Form,Web
Bowflex Max Trainer,CAM45693 ICASESF14A,2/7/2015,2/7/2015,2/2/2015,20,Electronic - Short Form,Web
Bowflex Max Trainer,CAM45693 ICASESF14A,,2/7/2015,2/2/2015,3,Electronic - Short Form,Web
Bowflex Max Trainer,CAM45693 ICASESF14A,2/8/2015,2/8/2015,2/2/2015,34,Electronic - Short Form,Web
Bowflex Max Trainer,CAM45693 ICASESF14A,,2/8/2015,2/2/2015,5,Electronic - Short Form,Web
Bowflex Max Trainer,CAM45694 ICASESF14B,2/2/2015,2/2/2015,2/2/2015,12,Electronic - Short Form,Web
Bowflex Max Trainer,CAM45694 ICASESF14B,,2/2/2015,2/2/2015,1,Electronic - Short Form,Web
Bowflex Max Trainer,CAM45694 ICASESF14B,2/3/2015,2/3/2015,2/2/2015,3,Electronic - Short Form,Web
Bowflex Max Trainer,CAM45694 ICASESF14B,,2/3/2015,2/2/2015,1,Electronic - Short Form,Web
Bowflex Max Trainer,CAM45694 ICASESF14B,2/4/2015,2/4/2015,2/2/2015,7,Electronic - Short Form,Web
Bowflex Max Trainer,CAM45694 ICASESF14B,,2/4/2015,2/2/2015,2,Electronic - Short Form,Web
Bowflex Max Trainer,CAM45694 ICASESF14B,2/5/2015,2/5/2015,2/2/2015,2,Electronic - Short Form,Web
Bowflex Max Trainer,CAM45694 ICASESF14B,2/6/2015,2/6/2015,2/2/2015,2,Electronic - Short Form,Web
Bowflex Max Trainer,CAM45694 ICASESF14B,2/7/2015,2/7/2015,2/2/2015,12,Electronic - Short Form,Web
Bowflex Max Trainer,CAM45694 ICASESF14B,2/8/2015,2/8/2015,2/2/2015,10,Electronic - Short Form,Web
Bowflex Max Trainer,CAM45695 ICASESF14C,2/2/2015,2/2/2015,2/2/2015,5,Electronic - Short Form,Web
Bowflex Max Trainer,CAM45695 ICASESF14C,2/6/2015,2/6/2015,2/2/2015,2,Electronic - Short Form,Web
Bowflex Max Trainer,CAM45695 ICASESF14C,2/8/2015,2/8/2015,2/2/2015,3,Electronic - Short Form,Web
Bowflex Max Trainer,CAM45800 DSEESF14J,2/3/2015,2/3/2015,2/2/2015,2,Electronic - Short Form,Web
Bowflex Max Trainer,CAM128 1800BOWFLEX_CAB,,2/5/2015,2/2/2015,1,Electronic - UnSourced,Call Center Internal
Bowflex Max Trainer,CAM128 1800BOWFLEX_CAB,,2/7/2015,2/2/2015,1,Electronic - UnSourced,Call Center Internal
Bowflex Max Trainer,CAM132 1800BOWFLEX_CAT,,2/3/2015,2/2/2015,2,Electronic - UnSourced,Call Center Internal
Bowflex Max Trainer,CAM132 1800BOWFLEX_CAT,,2/7/2015,2/2/2015,1,Electronic - UnSourced,Call Center Internal
Bowflex Max Trainer,CAM44236 SAWMAX,2/2/2015,2/2/2015,2/2/2015,1,Electronic - UnSourced,Call Center Internal
Bowflex Max Trainer,CAM44626 1800BOWFLEX_BMT,,2/2/2015,2/2/2015,1,Electronic - UnSourced,Call Center Internal
Bowflex Max Trainer,CAM44626 1800BOWFLEX_BMT,,2/3/2015,2/2/2015,3,Electronic - UnSourced,Call Center Internal
Bowflex Max Trainer,CAM44626 1800BOWFLEX_BMT,,2/5/2015,2/2/2015,2,Electronic - UnSourced,Call Center Internal
Bowflex Max Trainer,CAM44626 1800BOWFLEX_BMT,2/6/2015,2/6/2015,2/2/2015,1,Electronic - UnSourced,Call Center Internal
Bowflex Max Trainer,CAM45632 ICAEE1SITECMT,,2/2/2015,2/2/2015,1,Electronic - UnSourced,Call Center Internal
Bowflex Max Trainer,CAM45632 ICAEE1SITECMT,2/2/2015,2/2/2015,2/2/2015,3,Electronic - UnSourced,Web
Bowflex Max Trainer,CAM45632 ICAEE1SITECMT,,2/2/2015,2/2/2015,7,Electronic - UnSourced,Web
Bowflex Max Trainer,CAM45632 ICAEE1SITECMT,2/3/2015,2/3/2015,2/2/2015,1,Electronic - UnSourced,Web
Bowflex Max Trainer,CAM45632 ICAEE1SITECMT,,2/3/2015,2/2/2015,6,Electronic - UnSourced,Web
Bowflex Max Trainer,CAM45632 ICAEE1SITECMT,2/4/2015,2/4/2015,2/2/2015,1,Electronic - UnSourced,Web
Bowflex Max Trainer,CAM45632 ICAEE1SITECMT,,2/4/2015,2/2/2015,6,Electronic - UnSourced,Web
Bowflex Max Trainer,CAM45632 ICAEE1SITECMT,2/5/2015,2/5/2015,2/2/2015,1,Electronic - UnSourced,Web
Bowflex Max Trainer,CAM45632 ICAEE1SITECMT,,2/5/2015,2/2/2015,5,Electronic - UnSourced,Web
Bowflex Max Trainer,CAM45632 ICAEE1SITECMT,2/6/2015,2/6/2015,2/2/2015,1,Electronic - UnSourced,Web
Bowflex Max Trainer,CAM45632 ICAEE1SITECMT,,2/6/2015,2/2/2015,4,Electronic - UnSourced,Web
Bowflex Max Trainer,CAM45632 ICAEE1SITECMT,2/7/2015,2/7/2015,2/2/2015,1,Electronic - UnSourced,Web
Bowflex Max Trainer,CAM45632 ICAEE1SITECMT,,2/7/2015,2/2/2015,6,Electronic - UnSourced,Web
Bowflex Max Trainer,CAM45632 ICAEE1SITECMT,2/8/2015,2/8/2015,2/2/2015,3,Electronic - UnSourced,Web
Bowflex Max Trainer,CAM45632 ICAEE1SITECMT,,2/8/2015,2/2/2015,8,Electronic - UnSourced,Web
Bowflex Max Trainer,CAM45699 SAWICAEEMAX,,2/7/2015,2/2/2015,1,Electronic - UnSourced,Call Center Internal
Bowflex Max Trainer,CAM45699 SAWICAEEMAX,,2/8/2015,2/2/2015,3,Electronic - UnSourced,Call Center Internal
Bowflex Max Trainer,CAM6025 SAWWEBTC,,2/4/2015,2/2/2015,1,Electronic - UnSourced,Call Center Internal
Bowflex Max Trainer,CAM46534 ICAODAREDL1,2/2/2015,2/2/2015,2/2/2015,1,Online Display,Web
Bowflex Max Trainer,CAM46534 ICAODAREDL1,2/3/2015,2/3/2015,2/2/2015,1,Online Display,Web
Bowflex Max Trainer,CAM46534 ICAODAREDL1,,2/4/2015,2/2/2015,1,Online Display,Web
Bowflex Max Trainer,CAM46534 ICAODAREDL1,2/8/2015,2/8/2015,2/2/2015,1,Online Display,Web
Bowflex Max Trainer,CAM46570 SAWICAODARE,,2/2/2015,2/2/2015,1,Online Display,Call Center Internal
Bowflex Max Trainer,CAM46570 SAWICAODARE,,2/6/2015,2/2/2015,1,Online Display,Call Center Internal
Bowflex Max Trainer,CAM30891 SAWICAOSGCW,,2/3/2015,2/2/2015,1,Online Search,Call Center Internal
Bowflex Max Trainer,CAM30891 SAWICAOSGCW,,2/6/2015,2/2/2015,1,Online Search,Call Center Internal
Bowflex Max Trainer,CAM45624 ICAOSGCESL2,,2/4/2015,2/2/2015,1,Online Search,Call Center Internal
Bowflex Max Trainer,CAM45624 ICAOSGCESL2,,2/5/2015,2/2/2015,1,Online Search,Call Center Internal
Bowflex Max Trainer,CAM45624 ICAOSGCESL2,,2/6/2015,2/2/2015,1,Online Search,Call Center Internal
Bowflex Max Trainer,CAM45624 ICAOSGCESL2,2/2/2015,2/2/2015,2/2/2015,12,Online Search,Web
Bowflex Max Trainer,CAM45624 ICAOSGCESL2,,2/2/2015,2/2/2015,10,Online Search,Web
Bowflex Max Trainer,CAM45624 ICAOSGCESL2,2/3/2015,2/3/2015,2/2/2015,7,Online Search,Web
Bowflex Max Trainer,CAM45624 ICAOSGCESL2,,2/3/2015,2/2/2015,5,Online Search,Web
Bowflex Max Trainer,CAM45624 ICAOSGCESL2,2/4/2015,2/4/2015,2/2/2015,8,Online Search,Web
Bowflex Max Trainer,CAM45624 ICAOSGCESL2,,2/4/2015,2/2/2015,7,Online Search,Web
Bowflex Max Trainer,CAM45624 ICAOSGCESL2,2/5/2015,2/5/2015,2/2/2015,6,Online Search,Web
Bowflex Max Trainer,CAM45624 ICAOSGCESL2,,2/5/2015,2/2/2015,5,Online Search,Web
Bowflex Max Trainer,CAM45624 ICAOSGCESL2,2/6/2015,2/6/2015,2/2/2015,3,Online Search,Web
Bowflex Max Trainer,CAM45624 ICAOSGCESL2,,2/6/2015,2/2/2015,4,Online Search,Web
Bowflex Max Trainer,CAM45624 ICAOSGCESL2,2/7/2015,2/7/2015,2/2/2015,4,Online Search,Web
Bowflex Max Trainer,CAM45624 ICAOSGCESL2,,2/7/2015,2/2/2015,5,Online Search,Web
Bowflex Max Trainer,CAM45624 ICAOSGCESL2,2/8/2015,2/8/2015,2/2/2015,7,Online Search,Web
Bowflex Max Trainer,CAM45624 ICAOSGCESL2,,2/8/2015,2/2/2015,8,Online Search,Web
Bowflex Max Trainer,CAM45626 ICAOSGCEML2,2/2/2015,2/2/2015,2/2/2015,15,Online Search,Web
Bowflex Max Trainer,CAM45626 ICAOSGCEML2,,2/2/2015,2/2/2015,4,Online Search,Web
Bowflex Max Trainer,CAM45626 ICAOSGCEML2,2/3/2015,2/3/2015,2/2/2015,3,Online Search,Web
Bowflex Max Trainer,CAM45626 ICAOSGCEML2,,2/3/2015,2/2/2015,1,Online Search,Web
Bowflex Max Trainer,CAM45626 ICAOSGCEML2,2/4/2015,2/4/2015,2/2/2015,2,Online Search,Web
Bowflex Max Trainer,CAM45626 ICAOSGCEML2,,2/4/2015,2/2/2015,2,Online Search,Web
Bowflex Max Trainer,CAM45626 ICAOSGCEML2,2/5/2015,2/5/2015,2/2/2015,4,Online Search,Web
Bowflex Max Trainer,CAM45626 ICAOSGCEML2,,2/5/2015,2/2/2015,1,Online Search,Web
Bowflex Max Trainer,CAM45626 ICAOSGCEML2,2/6/2015,2/6/2015,2/2/2015,3,Online Search,Web
Bowflex Max Trainer,CAM45626 ICAOSGCEML2,,2/6/2015,2/2/2015,1,Online Search,Web
Bowflex Max Trainer,CAM45626 ICAOSGCEML2,2/7/2015,2/7/2015,2/2/2015,4,Online Search,Web
Bowflex Max Trainer,CAM45626 ICAOSGCEML2,,2/7/2015,2/2/2015,1,Online Search,Web
Bowflex Max Trainer,CAM45626 ICAOSGCEML2,2/8/2015,2/8/2015,2/2/2015,10,Online Search,Web
Bowflex Max Trainer,CAM45626 ICAOSGCEML2,,2/8/2015,2/2/2015,1,Online Search,Web
Bowflex Max Trainer,CAM45628 ICAOSBCESL2,2/2/2015,2/2/2015,2/2/2015,4,Online Search,Web
Bowflex Max Trainer,CAM45628 ICAOSBCESL2,,2/2/2015,2/2/2015,4,Online Search,Web
Bowflex Max Trainer,CAM45628 ICAOSBCESL2,2/4/2015,2/4/2015,2/2/2015,1,Online Search,Web
Bowflex Max Trainer,CAM45628 ICAOSBCESL2,,2/4/2015,2/2/2015,2,Online Search,Web
Bowflex Max Trainer,CAM45628 ICAOSBCESL2,,2/5/2015,2/2/2015,2,Online Search,Web
Bowflex Max Trainer,CAM45628 ICAOSBCESL2,,2/6/2015,2/2/2015,2,Online Search,Web
Bowflex Max Trainer,CAM45628 ICAOSBCESL2,,2/7/2015,2/2/2015,3,Online Search,Web
Bowflex Max Trainer,CAM45628 ICAOSBCESL2,2/8/2015,2/8/2015,2/2/2015,1,Online Search,Web
Bowflex Max Trainer,CAM45630 ICAOSBCEML2,2/2/2015,2/2/2015,2/2/2015,1,Online Search,Web
Bowflex Max Trainer,CAM45630 ICAOSBCEML2,,2/3/2015,2/2/2015,1,Online Search,Web
Bowflex Max Trainer,CAM45630 ICAOSBCEML2,2/5/2015,2/5/2015,2/2/2015,2,Online Search,Web
Bowflex Max Trainer,CAM45630 ICAOSBCEML2,2/8/2015,2/8/2015,2/2/2015,1,Online Search,Web
Bowflex Max Trainer,CAM45633 ICAOSGCEGL1CMT,,2/6/2015,2/2/2015,1,Online Search,Call Center Internal
Bowflex Max Trainer,CAM45633 ICAOSGCEGL1CMT,,2/7/2015,2/2/2015,1,Online Search,Call Center Internal
Bowflex Max Trainer,CAM45633 ICAOSGCEGL1CMT,2/2/2015,2/2/2015,2/2/2015,2,Online Search,Web
Bowflex Max Trainer,CAM45633 ICAOSGCEGL1CMT,2/3/2015,2/2/2015,2/2/2015,1,Online Search,Web
Bowflex Max Trainer,CAM45633 ICAOSGCEGL1CMT,,2/2/2015,2/2/2015,7,Online Search,Web
Bowflex Max Trainer,CAM45633 ICAOSGCEGL1CMT,2/3/2015,2/3/2015,2/2/2015,5,Online Search,Web
Bowflex Max Trainer,CAM45633 ICAOSGCEGL1CMT,,2/3/2015,2/2/2015,3,Online Search,Web
Bowflex Max Trainer,CAM45633 ICAOSGCEGL1CMT,2/4/2015,2/4/2015,2/2/2015,2,Online Search,Web
Bowflex Max Trainer,CAM45633 ICAOSGCEGL1CMT,,2/4/2015,2/2/2015,4,Online Search,Web
Bowflex Max Trainer,CAM45633 ICAOSGCEGL1CMT,2/5/2015,2/5/2015,2/2/2015,2,Online Search,Web
Bowflex Max Trainer,CAM45633 ICAOSGCEGL1CMT,,2/5/2015,2/2/2015,3,Online Search,Web
Bowflex Max Trainer,CAM45633 ICAOSGCEGL1CMT,2/6/2015,2/6/2015,2/2/2015,1,Online Search,Web
Bowflex Max Trainer,CAM45633 ICAOSGCEGL1CMT,,2/6/2015,2/2/2015,3,Online Search,Web
Bowflex Max Trainer,CAM45633 ICAOSGCEGL1CMT,,2/7/2015,2/2/2015,4,Online Search,Web
Bowflex Max Trainer,CAM45633 ICAOSGCEGL1CMT,2/8/2015,2/8/2015,2/2/2015,5,Online Search,Web
Bowflex Max Trainer,CAM45633 ICAOSGCEGL1CMT,,2/8/2015,2/2/2015,8,Online Search,Web
Bowflex Max Trainer,CAM45634 ICAOSBCEGL1CMT,,2/2/2015,2/2/2015,1,Online Search,Web
Bowflex Max Trainer,CAM45634 ICAOSBCEGL1CMT,,2/3/2015,2/2/2015,1,Online Search,Web
Bowflex Max Trainer,CAM45634 ICAOSBCEGL1CMT,2/4/2015,2/4/2015,2/2/2015,1,Online Search,Web
Bowflex Max Trainer,CAM45634 ICAOSBCEGL1CMT,,2/4/2015,2/2/2015,2,Online Search,Web
Bowflex Max Trainer,CAM45634 ICAOSBCEGL1CMT,2/5/2015,2/5/2015,2/2/2015,1,Online Search,Web
Bowflex Max Trainer,CAM45634 ICAOSBCEGL1CMT,2/6/2015,2/6/2015,2/2/2015,1,Online Search,Web
Bowflex Max Trainer,CAM45634 ICAOSBCEGL1CMT,2/7/2015,2/7/2015,2/2/2015,1,Online Search,Web
Bowflex Max Trainer,CAM45634 ICAOSBCEGL1CMT,2/8/2015,2/8/2015,2/2/2015,1,Online Search,Web
Bowflex Max Trainer,CAM45634 ICAOSBCEGL1CMT,,2/8/2015,2/2/2015,1,Online Search,Web
Bowflex Max Trainer,CAM45690 SAWICAOSGCE,,2/2/2015,2/2/2015,3,Online Search,Call Center Internal
Bowflex Max Trainer,CAM45690 SAWICAOSGCE,2/3/2015,2/3/2015,2/2/2015,1,Online Search,Call Center Internal
Bowflex Max Trainer,CAM45690 SAWICAOSGCE,,2/3/2015,2/2/2015,2,Online Search,Call Center Internal
Bowflex Max Trainer,CAM45690 SAWICAOSGCE,2/4/2015,2/4/2015,2/2/2015,1,Online Search,Call Center Internal
Bowflex Max Trainer,CAM45690 SAWICAOSGCE,,2/4/2015,2/2/2015,3,Online Search,Call Center Internal
Bowflex Max Trainer,CAM45690 SAWICAOSGCE,2/6/2015,2/6/2015,2/2/2015,2,Online Search,Call Center Internal
Bowflex Max Trainer,CAM45690 SAWICAOSGCE,,2/6/2015,2/2/2015,2,Online Search,Call Center Internal
Bowflex Max Trainer,CAM45691 SAWICAOSBCE,2/2/2015,2/2/2015,2/2/2015,1,Online Search,Call Center Internal
Bowflex Max Trainer,CAM45691 SAWICAOSBCE,,2/2/2015,2/2/2015,2,Online Search,Call Center Internal
Bowflex Max Trainer,CAM45691 SAWICAOSBCE,,2/4/2015,2/2/2015,1,Online Search,Call Center Internal
Bowflex Max Trainer,CAM45691 SAWICAOSBCE,2/5/2015,2/5/2015,2/2/2015,1,Online Search,Call Center Internal
Bowflex Max Trainer,CAM45691 SAWICAOSBCE,2/6/2015,2/6/2015,2/2/2015,1,Online Search,Call Center Internal
Bowflex Max Trainer,CAM45692 SAWICAOFG2E,2/2/2015,2/2/2015,2/2/2015,1,Online Search,Call Center Internal
Bowflex Max Trainer,CAM45692 SAWICAOFG2E,2/3/2015,2/3/2015,2/2/2015,1,Online Search,Call Center Internal
Bowflex Max Trainer,CAM45692 SAWICAOFG2E,,2/5/2015,2/2/2015,1,Online Search,Call Center Internal
Bowflex Max Trainer,CAM45836 ICAOSGCESL3,,2/3/2015,2/2/2015,1,Online Search,Web
Bowflex Max Trainer,CAM45838 ICAOSGCESL5,2/2/2015,2/2/2015,2/2/2015,1,Online Search,Web
Bowflex Max Trainer,CAM45838 ICAOSGCESL5,,2/8/2015,2/2/2015,1,Online Search,Web
Bowflex Max Trainer,CAM45839 ICAOSGCESL6,2/2/2015,2/2/2015,2/2/2015,2,Online Search,Web
Bowflex Max Trainer,CAM45839 ICAOSGCESL6,2/5/2015,2/5/2015,2/2/2015,1,Online Search,Web
Bowflex Max Trainer,CAM45840 ICAOSGCESL7,2/3/2015,2/3/2015,2/2/2015,1,Online Search,Web
Bowflex Max Trainer,CAM45840 ICAOSGCESL7,2/4/2015,2/4/2015,2/2/2015,1,Online Search,Web
Bowflex Max Trainer,CAM45840 ICAOSGCESL7,,2/4/2015,2/2/2015,1,Online Search,Web
Bowflex Max Trainer,CAM45840 ICAOSGCESL7,2/5/2015,2/5/2015,2/2/2015,2,Online Search,Web
Bowflex Max Trainer,CAM45840 ICAOSGCESL7,,2/6/2015,2/2/2015,1,Online Search,Web
Bowflex Max Trainer,CAM45840 ICAOSGCESL7,2/7/2015,2/7/2015,2/2/2015,1,Online Search,Web
Bowflex Max Trainer,CAM45840 ICAOSGCESL7,2/8/2015,2/8/2015,2/2/2015,3,Online Search,Web
Bowflex Max Trainer,CAM45840 ICAOSGCESL7,,2/8/2015,2/2/2015,1,Online Search,Web
Bowflex Max Trainer,CAM45841 ICAOSGCESL8,,2/2/2015,2/2/2015,1,Online Search,Web
Bowflex Max Trainer,CAM45842 ICAOSGCESL9,,2/2/2015,2/2/2015,1,Online Search,Web
Bowflex Max Trainer,CAM45842 ICAOSGCESL9,2/3/2015,2/3/2015,2/2/2015,1,Online Search,Web
Bowflex Max Trainer,CAM45842 ICAOSGCESL9,,2/3/2015,2/2/2015,1,Online Search,Web
Bowflex Max Trainer,CAM45842 ICAOSGCESL9,,2/4/2015,2/2/2015,1,Online Search,Web
Bowflex Max Trainer,CAM45846 ICAOSBCESL6,2/2/2015,2/2/2015,2/2/2015,1,Online Search,Web
Bowflex Max Trainer,CAM45846 ICAOSBCESL6,2/6/2015,2/6/2015,2/2/2015,1,Online Search,Web
Bowflex Max Trainer,CAM45847 ICAOSBCESL7,,2/5/2015,2/2/2015,1,Online Search,Web
Bowflex Max Trainer,CAM45631 ICAOFG2EFEED1,2/2/2015,2/2/2015,2/2/2015,4,Online Shopping,Web
Bowflex Max Trainer,CAM45631 ICAOFG2EFEED1,,2/2/2015,2/2/2015,3,Online Shopping,Web
Bowflex Max Trainer,CAM45631 ICAOFG2EFEED1,2/3/2015,2/3/2015,2/2/2015,1,Online Shopping,Web
Bowflex Max Trainer,CAM45631 ICAOFG2EFEED1,,2/3/2015,2/2/2015,2,Online Shopping,Web
Bowflex Max Trainer,CAM45631 ICAOFG2EFEED1,2/4/2015,2/4/2015,2/2/2015,2,Online Shopping,Web
Bowflex Max Trainer,CAM45631 ICAOFG2EFEED1,2/5/2015,2/5/2015,2/2/2015,1,Online Shopping,Web
Bowflex Max Trainer,CAM45631 ICAOFG2EFEED1,,2/5/2015,2/2/2015,2,Online Shopping,Web
Bowflex Max Trainer,CAM45631 ICAOFG2EFEED1,,2/6/2015,2/2/2015,1,Online Shopping,Web
Bowflex Max Trainer,CAM45631 ICAOFG2EFEED1,2/7/2015,2/7/2015,2/2/2015,2,Online Shopping,Web
Bowflex Max Trainer,CAM45631 ICAOFG2EFEED1,,2/7/2015,2/2/2015,1,Online Shopping,Web
Bowflex Max Trainer,CAM45631 ICAOFG2EFEED1,2/8/2015,2/8/2015,2/2/2015,1,Online Shopping,Web
Bowflex Max Trainer,CAM35680 INTELEMEDIACA,,2/2/2015,2/2/2015,2,Short Form,Call Center Internal
Bowflex Max Trainer,CAM35680 INTELEMEDIACA,,2/3/2015,2/2/2015,1,Short Form,Call Center Internal
Bowflex Max Trainer,CAM35680 INTELEMEDIACA,,2/4/2015,2/2/2015,2,Short Form,Call Center Internal
Bowflex Max Trainer,CAM35680 INTELEMEDIACA,,2/5/2015,2/2/2015,1,Short Form,Call Center Internal
Bowflex Max Trainer,CAM46580 NGEOC120NYMAXKST,,2/2/2015,2/2/2015,1,Short Form,Call Center Internal
Bowflex Max Trainer,CAM46580 NGEOC120NYMAXKST,2/3/2015,2/3/2015,2/2/2015,1,Short Form,Call Center Internal
Bowflex Max Trainer,CAM46581 SHWAC120NYMAXKST,2/4/2015,2/4/2015,2/2/2015,1,Short Form,Call Center Internal
Bowflex Max Trainer,CAM46587 CTV*C120NYMAXKST,2/8/2015,2/8/2015,2/2/2015,1,Short Form,Call Center Internal
Bowflex Max Trainer,CAM46590 APTNC120NYMAXKST,2/4/2015,2/4/2015,2/2/2015,1,Short Form,Call Center Internal
Bowflex Max Trainer,CAM46590 APTNC120NYMAXKST,2/7/2015,2/7/2015,2/2/2015,2,Short Form,Call Center Internal
Bowflex Max Trainer,CAM46590 APTNC120NYMAXKST,2/8/2015,2/8/2015,2/2/2015,1,Short Form,Call Center Internal
Bowflex Max Trainer,CAM46597 CI**C120NYMAXKST,2/2/2015,2/2/2015,2/2/2015,1,Short Form,Call Center Internal
Bowflex Max Trainer,CAM46600 WEATC120NYMAXKST,2/3/2015,2/3/2015,2/2/2015,1,Short Form,Call Center Internal
Bowflex Max Trainer,CAM46605 TLN*C120NYMAXKST,2/6/2015,2/6/2015,2/2/2015,1,Short Form,Call Center Internal
Bowflex Max Trainer,CAM46607 WDIVC120NYMAXKST,2/8/2015,2/8/2015,2/2/2015,1,Short Form,Call Center Internal
Bowflex Max Trainer,CAM46609 CHCHC120NYMAXKST,2/6/2015,2/6/2015,2/2/2015,1,Short Form,Call Center Internal
Bowflex Max Trainer,CAM46918 FOODC60*NYMAXKST,2/8/2015,2/8/2015,2/2/2015,1,Short Form,Call Center Internal
Bowflex Max Trainer,CAM28157 SALESFOLLOWUP,,2/7/2015,2/2/2015,1,Un-Sourced,Call Center Internal
Bowflex Max Trainer,CAM45327 1800MAXTRAINER,2/2/2015,2/2/2015,2/2/2015,1,Un-Sourced,Call Center Internal
Bowflex Max Trainer,CAM45327 1800MAXTRAINER,,2/2/2015,2/2/2015,2,Un-Sourced,Call Center Internal
Bowflex Max Trainer,CAM45327 1800MAXTRAINER,,2/3/2015,2/2/2015,1,Un-Sourced,Call Center Internal
Bowflex Max Trainer,CAM45327 1800MAXTRAINER,2/4/2015,2/4/2015,2/2/2015,1,Un-Sourced,Call Center Internal
Bowflex Max Trainer,CAM45327 1800MAXTRAINER,,2/4/2015,2/2/2015,1,Un-Sourced,Call Center Internal
Bowflex Max Trainer,CAM45327 1800MAXTRAINER,2/5/2015,2/5/2015,2/2/2015,1,Un-Sourced,Call Center Internal
Bowflex Max Trainer,CAM45327 1800MAXTRAINER,,2/5/2015,2/2/2015,5,Un-Sourced,Call Center Internal
Bowflex Max Trainer,CAM45327 1800MAXTRAINER,,2/8/2015,2/2/2015,1,Un-Sourced,Call Center Internal
Bowflex Max Trainer,CAM27557 Bowflex Catalog,,2/12/2015,2/9/2015,1,Catalog,Call Center Internal
Bowflex Max Trainer,CAM44215 SAWDSEESF14A,,2/11/2015,2/9/2015,1,Electronic - Short Form,Call Center Internal
Bowflex Max Trainer,CAM45693 ICASESF14A,2/14/2015,2/14/2015,2/9/2015,1,Electronic - Short Form,Call Center Internal
Bowflex Max Trainer,CAM45693 ICASESF14A,2/9/2015,2/9/2015,2/9/2015,26,Electronic - Short Form,Web
Bowflex Max Trainer,CAM45693 ICASESF14A,,2/9/2015,2/9/2015,8,Electronic - Short Form,Web
Bowflex Max Trainer,CAM45693 ICASESF14A,2/10/2015,2/10/2015,2/9/2015,36,Electronic - Short Form,Web
Bowflex Max Trainer,CAM45693 ICASESF14A,,2/10/2015,2/9/2015,4,Electronic - Short Form,Web
Bowflex Max Trainer,CAM45693 ICASESF14A,2/11/2015,2/11/2015,2/9/2015,22,Electronic - Short Form,Web
Bowflex Max Trainer,CAM45693 ICASESF14A,,2/11/2015,2/9/2015,2,Electronic - Short Form,Web
Bowflex Max Trainer,CAM45693 ICASESF14A,2/12/2015,2/12/2015,2/9/2015,25,Electronic - Short Form,Web
Bowflex Max Trainer,CAM45693 ICASESF14A,,2/12/2015,2/9/2015,3,Electronic - Short Form,Web
Bowflex Max Trainer,CAM45693 ICASESF14A,2/13/2015,2/13/2015,2/9/2015,20,Electronic - Short Form,Web
Bowflex Max Trainer,CAM45693 ICASESF14A,,2/13/2015,2/9/2015,2,Electronic - Short Form,Web
Bowflex Max Trainer,CAM45693 ICASESF14A,2/14/2015,2/14/2015,2/9/2015,27,Electronic - Short Form,Web
Bowflex Max Trainer,CAM45693 ICASESF14A,2/16/2015,2/14/2015,2/9/2015,1,Electronic - Short Form,Web
Bowflex Max Trainer,CAM45693 ICASESF14A,,2/14/2015,2/9/2015,3,Electronic - Short Form,Web
Bowflex Max Trainer,CAM45693 ICASESF14A,2/15/2015,2/15/2015,2/9/2015,46,Electronic - Short Form,Web
Bowflex Max Trainer,CAM45693 ICASESF14A,,2/15/2015,2/9/2015,3,Electronic - Short Form,Web
Bowflex Max Trainer,CAM45694 ICASESF14B,2/9/2015,2/9/2015,2/9/2015,5,Electronic - Short Form,Web
Bowflex Max Trainer,CAM45694 ICASESF14B,,2/9/2015,2/9/2015,1,Electronic - Short Form,Web
Bowflex Max Trainer,CAM45694 ICASESF14B,2/10/2015,2/10/2015,2/9/2015,6,Electronic - Short Form,Web
Bowflex Max Trainer,CAM45694 ICASESF14B,2/11/2015,2/11/2015,2/9/2015,2,Electronic - Short Form,Web
Bowflex Max Trainer,CAM45694 ICASESF14B,2/12/2015,2/12/2015,2/9/2015,4,Electronic - Short Form,Web
Bowflex Max Trainer,CAM45694 ICASESF14B,,2/12/2015,2/9/2015,1,Electronic - Short Form,Web
Bowflex Max Trainer,CAM45694 ICASESF14B,2/13/2015,2/13/2015,2/9/2015,3,Electronic - Short Form,Web
Bowflex Max Trainer,CAM45694 ICASESF14B,2/14/2015,2/14/2015,2/9/2015,1,Electronic - Short Form,Web
Bowflex Max Trainer,CAM45694 ICASESF14B,,2/14/2015,2/9/2015,3,Electronic - Short Form,Web
Bowflex Max Trainer,CAM45694 ICASESF14B,2/15/2015,2/15/2015,2/9/2015,13,Electronic - Short Form,Web
Bowflex Max Trainer,CAM45694 ICASESF14B,,2/15/2015,2/9/2015,1,Electronic - Short Form,Web
Bowflex Max Trainer,CAM45695 ICASESF14C,2/10/2015,2/10/2015,2/9/2015,1,Electronic - Short Form,Web
Bowflex Max Trainer,CAM45695 ICASESF14C,2/11/2015,2/11/2015,2/9/2015,1,Electronic - Short Form,Web
Bowflex Max Trainer,CAM45695 ICASESF14C,2/12/2015,2/12/2015,2/9/2015,2,Electronic - Short Form,Web
Bowflex Max Trainer,CAM45695 ICASESF14C,2/13/2015,2/13/2015,2/9/2015,4,Electronic - Short Form,Web
Bowflex Max Trainer,CAM45695 ICASESF14C,2/14/2015,2/14/2015,2/9/2015,1,Electronic - Short Form,Web
Bowflex Max Trainer,CAM45695 ICASESF14C,,2/14/2015,2/9/2015,1,Electronic - Short Form,Web
Bowflex Max Trainer,CAM45695 ICASESF14C,2/15/2015,2/15/2015,2/9/2015,2,Electronic - Short Form,Web
Bowflex Max Trainer,CAM5676 SAWWEBBF,,2/12/2015,2/9/2015,1,Electronic - Short Form,Call Center Internal
Bowflex Max Trainer,CAM127 1800BOWFLEX_BFC,,2/9/2015,2/9/2015,1,Electronic - UnSourced,Call Center Internal
Bowflex Max Trainer,CAM128 1800BOWFLEX_CAB,,2/9/2015,2/9/2015,1,Electronic - UnSourced,Call Center Internal
Bowflex Max Trainer,CAM128 1800BOWFLEX_CAB,,2/13/2015,2/9/2015,1,Electronic - UnSourced,Call Center Internal
Bowflex Max Trainer,CAM132 1800BOWFLEX_CAT,,2/12/2015,2/9/2015,1,Electronic - UnSourced,Call Center Internal
Bowflex Max Trainer,CAM44236 SAWMAX,,2/10/2015,2/9/2015,2,Electronic - UnSourced,Call Center Internal
Bowflex Max Trainer,CAM44236 SAWMAX,2/12/2015,2/12/2015,2/9/2015,1,Electronic - UnSourced,Call Center Internal
Bowflex Max Trainer,CAM44236 SAWMAX,,2/12/2015,2/9/2015,1,Electronic - UnSourced,Call Center Internal
Bowflex Max Trainer,CAM44626 1800BOWFLEX_BMT,2/9/2015,2/9/2015,2/9/2015,1,Electronic - UnSourced,Call Center Internal
Bowflex Max Trainer,CAM44626 1800BOWFLEX_BMT,,2/9/2015,2/9/2015,2,Electronic - UnSourced,Call Center Internal
Bowflex Max Trainer,CAM44626 1800BOWFLEX_BMT,,2/10/2015,2/9/2015,1,Electronic - UnSourced,Call Center Internal
Bowflex Max Trainer,CAM44626 1800BOWFLEX_BMT,,2/11/2015,2/9/2015,2,Electronic - UnSourced,Call Center Internal
Bowflex Max Trainer,CAM44626 1800BOWFLEX_BMT,2/15/2015,2/15/2015,2/9/2015,1,Electronic - UnSourced,Call Center Internal
Bowflex Max Trainer,CAM45632 ICAEE1SITECMT,2/9/2015,2/9/2015,2/9/2015,5,Electronic - UnSourced,Web
Bowflex Max Trainer,CAM45632 ICAEE1SITECMT,,2/9/2015,2/9/2015,6,Electronic - UnSourced,Web
Bowflex Max Trainer,CAM45632 ICAEE1SITECMT,2/10/2015,2/10/2015,2/9/2015,1,Electronic - UnSourced,Web
Bowflex Max Trainer,CAM45632 ICAEE1SITECMT,,2/10/2015,2/9/2015,1,Electronic - UnSourced,Web
Bowflex Max Trainer,CAM45632 ICAEE1SITECMT,2/11/2015,2/11/2015,2/9/2015,2,Electronic - UnSourced,Web
Bowflex Max Trainer,CAM45632 ICAEE1SITECMT,,2/11/2015,2/9/2015,1,Electronic - UnSourced,Web
Bowflex Max Trainer,CAM45632 ICAEE1SITECMT,2/12/2015,2/12/2015,2/9/2015,3,Electronic - UnSourced,Web
Bowflex Max Trainer,CAM45632 ICAEE1SITECMT,,2/12/2015,2/9/2015,2,Electronic - UnSourced,Web
Bowflex Max Trainer,CAM45632 ICAEE1SITECMT,2/13/2015,2/13/2015,2/9/2015,1,Electronic - UnSourced,Web
Bowflex Max Trainer,CAM45632 ICAEE1SITECMT,,2/13/2015,2/9/2015,3,Electronic - UnSourced,Web
Bowflex Max Trainer,CAM45632 ICAEE1SITECMT,,2/14/2015,2/9/2015,3,Electronic - UnSourced,Web
Bowflex Max Trainer,CAM45632 ICAEE1SITECMT,2/15/2015,2/15/2015,2/9/2015,1,Electronic - UnSourced,Web
Bowflex Max Trainer,CAM45632 ICAEE1SITECMT,,2/15/2015,2/9/2015,1,Electronic - UnSourced,Web
Bowflex Max Trainer,CAM45699 SAWICAEEMAX,2/10/2015,2/10/2015,2/9/2015,1,Electronic - UnSourced,Call Center Internal
Bowflex Max Trainer,CAM45699 SAWICAEEMAX,,2/11/2015,2/9/2015,1,Electronic - UnSourced,Call Center Internal
Bowflex Max Trainer,CAM45699 SAWICAEEMAX,,2/12/2015,2/9/2015,1,Electronic - UnSourced,Call Center Internal
Bowflex Max Trainer,CAM45699 SAWICAEEMAX,,2/14/2015,2/9/2015,2,Electronic - UnSourced,Call Center Internal
Bowflex Max Trainer,CAM46534 ICAODAREDL1,,2/12/2015,2/9/2015,1,Online Display,Web
Bowflex Max Trainer,CAM46534 ICAODAREDL1,,2/14/2015,2/9/2015,1,Online Display,Web
Bowflex Max Trainer,CAM46534 ICAODAREDL1,,2/15/2015,2/9/2015,1,Online Display,Web
Bowflex Max Trainer,CAM46536 ICAODAREDL3,,2/11/2015,2/9/2015,2,Online Display,Web
Bowflex Max Trainer,CAM46536 ICAODAREDL3,2/14/2015,2/14/2015,2/9/2015,1,Online Display,Web
Bowflex Max Trainer,CAM46570 SAWICAODARE,,2/10/2015,2/9/2015,1,Online Display,Call Center Internal
Bowflex Max Trainer,CAM45624 ICAOSGCESL2,2/10/2015,2/10/2015,2/9/2015,1,Online Search,Call Center Internal
Bowflex Max Trainer,CAM45624 ICAOSGCESL2,,2/12/2015,2/9/2015,1,Online Search,Call Center Internal
Bowflex Max Trainer,CAM45624 ICAOSGCESL2,,2/13/2015,2/9/2015,1,Online Search,Call Center Internal
Bowflex Max Trainer,CAM45624 ICAOSGCESL2,,2/14/2015,2/9/2015,2,Online Search,Call Center Internal
Bowflex Max Trainer,CAM45624 ICAOSGCESL2,2/9/2015,2/9/2015,2/9/2015,5,Online Search,Web
Bowflex Max Trainer,CAM45624 ICAOSGCESL2,,2/9/2015,2/9/2015,7,Online Search,Web
Bowflex Max Trainer,CAM45624 ICAOSGCESL2,2/10/2015,2/10/2015,2/9/2015,7,Online Search,Web
Bowflex Max Trainer,CAM45624 ICAOSGCESL2,,2/10/2015,2/9/2015,5,Online Search,Web
Bowflex Max Trainer,CAM45624 ICAOSGCESL2,2/11/2015,2/11/2015,2/9/2015,6,Online Search,Web
Bowflex Max Trainer,CAM45624 ICAOSGCESL2,,2/11/2015,2/9/2015,5,Online Search,Web
Bowflex Max Trainer,CAM45624 ICAOSGCESL2,2/12/2015,2/12/2015,2/9/2015,6,Online Search,Web
Bowflex Max Trainer,CAM45624 ICAOSGCESL2,,2/12/2015,2/9/2015,5,Online Search,Web
Bowflex Max Trainer,CAM45624 ICAOSGCESL2,2/13/2015,2/13/2015,2/9/2015,5,Online Search,Web
Bowflex Max Trainer,CAM45624 ICAOSGCESL2,,2/13/2015,2/9/2015,2,Online Search,Web
Bowflex Max Trainer,CAM45624 ICAOSGCESL2,2/14/2015,2/14/2015,2/9/2015,6,Online Search,Web
Bowflex Max Trainer,CAM45624 ICAOSGCESL2,,2/14/2015,2/9/2015,5,Online Search,Web
Bowflex Max Trainer,CAM45624 ICAOSGCESL2,2/15/2015,2/15/2015,2/9/2015,7,Online Search,Web
Bowflex Max Trainer,CAM45624 ICAOSGCESL2,,2/15/2015,2/9/2015,10,Online Search,Web
Bowflex Max Trainer,CAM45626 ICAOSGCEML2,,2/9/2015,2/9/2015,1,Online Search,Call Center Internal
Bowflex Max Trainer,CAM45626 ICAOSGCEML2,2/9/2015,2/9/2015,2/9/2015,2,Online Search,Web
Bowflex Max Trainer,CAM45626 ICAOSGCEML2,,2/9/2015,2/9/2015,1,Online Search,Web
Bowflex Max Trainer,CAM45626 ICAOSGCEML2,2/10/2015,2/10/2015,2/9/2015,5,Online Search,Web
Bowflex Max Trainer,CAM45626 ICAOSGCEML2,,2/10/2015,2/9/2015,1,Online Search,Web
Bowflex Max Trainer,CAM45626 ICAOSGCEML2,2/11/2015,2/11/2015,2/9/2015,2,Online Search,Web
Bowflex Max Trainer,CAM45626 ICAOSGCEML2,,2/11/2015,2/9/2015,3,Online Search,Web
Bowflex Max Trainer,CAM45626 ICAOSGCEML2,2/12/2015,2/12/2015,2/9/2015,2,Online Search,Web
Bowflex Max Trainer,CAM45626 ICAOSGCEML2,2/13/2015,2/13/2015,2/9/2015,2,Online Search,Web
Bowflex Max Trainer,CAM45626 ICAOSGCEML2,2/14/2015,2/14/2015,2/9/2015,8,Online Search,Web
Bowflex Max Trainer,CAM45626 ICAOSGCEML2,,2/14/2015,2/9/2015,1,Online Search,Web
Bowflex Max Trainer,CAM45626 ICAOSGCEML2,2/15/2015,2/15/2015,2/9/2015,4,Online Search,Web
Bowflex Max Trainer,CAM45626 ICAOSGCEML2,,2/15/2015,2/9/2015,5,Online Search,Web
Bowflex Max Trainer,CAM45628 ICAOSBCESL2,2/10/2015,2/10/2015,2/9/2015,2,Online Search,Web
Bowflex Max Trainer,CAM45628 ICAOSBCESL2,2/11/2015,2/11/2015,2/9/2015,2,Online Search,Web
Bowflex Max Trainer,CAM45628 ICAOSBCESL2,,2/11/2015,2/9/2015,1,Online Search,Web
Bowflex Max Trainer,CAM45628 ICAOSBCESL2,2/12/2015,2/12/2015,2/9/2015,1,Online Search,Web
Bowflex Max Trainer,CAM45628 ICAOSBCESL2,2/13/2015,2/13/2015,2/9/2015,1,Online Search,Web
Bowflex Max Trainer,CAM45628 ICAOSBCESL2,2/14/2015,2/14/2015,2/9/2015,1,Online Search,Web
Bowflex Max Trainer,CAM45628 ICAOSBCESL2,2/15/2015,2/15/2015,2/9/2015,1,Online Search,Web
Bowflex Max Trainer,CAM45628 ICAOSBCESL2,,2/15/2015,2/9/2015,1,Online Search,Web
Bowflex Max Trainer,CAM45630 ICAOSBCEML2,2/9/2015,2/9/2015,2/9/2015,2,Online Search,Web
Bowflex Max Trainer,CAM45630 ICAOSBCEML2,2/10/2015,2/10/2015,2/9/2015,1,Online Search,Web
Bowflex Max Trainer,CAM45630 ICAOSBCEML2,2/11/2015,2/11/2015,2/9/2015,1,Online Search,Web
Bowflex Max Trainer,CAM45630 ICAOSBCEML2,2/12/2015,2/12/2015,2/9/2015,1,Online Search,Web
Bowflex Max Trainer,CAM45630 ICAOSBCEML2,,2/12/2015,2/9/2015,1,Online Search,Web
Bowflex Max Trainer,CAM45630 ICAOSBCEML2,,2/13/2015,2/9/2015,1,Online Search,Web
Bowflex Max Trainer,CAM45630 ICAOSBCEML2,2/14/2015,2/14/2015,2/9/2015,1,Online Search,Web
Bowflex Max Trainer,CAM45630 ICAOSBCEML2,,2/14/2015,2/9/2015,1,Online Search,Web
Bowflex Max Trainer,CAM45630 ICAOSBCEML2,2/15/2015,2/15/2015,2/9/2015,1,Online Search,Web
Bowflex Max Trainer,CAM45633 ICAOSGCEGL1CMT,,2/14/2015,2/9/2015,1,Online Search,Call Center Internal
Bowflex Max Trainer,CAM45633 ICAOSGCEGL1CMT,2/9/2015,2/9/2015,2/9/2015,1,Online Search,Web
Bowflex Max Trainer,CAM45633 ICAOSGCEGL1CMT,2/14/2015,2/9/2015,2/9/2015,1,Online Search,Web
Bowflex Max Trainer,CAM45633 ICAOSGCEGL1CMT,,2/9/2015,2/9/2015,1,Online Search,Web
Bowflex Max Trainer,CAM45633 ICAOSGCEGL1CMT,2/10/2015,2/10/2015,2/9/2015,4,Online Search,Web
Bowflex Max Trainer,CAM45633 ICAOSGCEGL1CMT,,2/10/2015,2/9/2015,4,Online Search,Web
Bowflex Max Trainer,CAM45633 ICAOSGCEGL1CMT,2/11/2015,2/11/2015,2/9/2015,1,Online Search,Web
Bowflex Max Trainer,CAM45633 ICAOSGCEGL1CMT,,2/11/2015,2/9/2015,1,Online Search,Web
Bowflex Max Trainer,CAM45633 ICAOSGCEGL1CMT,,2/12/2015,2/9/2015,1,Online Search,Web
Bowflex Max Trainer,CAM45633 ICAOSGCEGL1CMT,2/13/2015,2/13/2015,2/9/2015,2,Online Search,Web
Bowflex Max Trainer,CAM45633 ICAOSGCEGL1CMT,,2/13/2015,2/9/2015,2,Online Search,Web
Bowflex Max Trainer,CAM45633 ICAOSGCEGL1CMT,,2/14/2015,2/9/2015,2,Online Search,Web
Bowflex Max Trainer,CAM45633 ICAOSGCEGL1CMT,2/15/2015,2/15/2015,2/9/2015,2,Online Search,Web
Bowflex Max Trainer,CAM45633 ICAOSGCEGL1CMT,,2/15/2015,2/9/2015,1,Online Search,Web
Bowflex Max Trainer,CAM45634 ICAOSBCEGL1CMT,,2/9/2015,2/9/2015,1,Online Search,Web
Bowflex Max Trainer,CAM45634 ICAOSBCEGL1CMT,2/10/2015,2/10/2015,2/9/2015,1,Online Search,Web
Bowflex Max Trainer,CAM45634 ICAOSBCEGL1CMT,2/12/2015,2/12/2015,2/9/2015,1,Online Search,Web
Bowflex Max Trainer,CAM45634 ICAOSBCEGL1CMT,,2/12/2015,2/9/2015,1,Online Search,Web
Bowflex Max Trainer,CAM45634 ICAOSBCEGL1CMT,,2/14/2015,2/9/2015,1,Online Search,Web
Bowflex Max Trainer,CAM45634 ICAOSBCEGL1CMT,2/15/2015,2/15/2015,2/9/2015,1,Online Search,Web
Bowflex Max Trainer,CAM45690 SAWICAOSGCE,,2/9/2015,2/9/2015,3,Online Search,Call Center Internal
Bowflex Max Trainer,CAM45690 SAWICAOSGCE,,2/10/2015,2/9/2015,3,Online Search,Call Center Internal
Bowflex Max Trainer,CAM45690 SAWICAOSGCE,,2/12/2015,2/9/2015,4,Online Search,Call Center Internal
Bowflex Max Trainer,CAM45690 SAWICAOSGCE,,2/14/2015,2/9/2015,1,Online Search,Call Center Internal
Bowflex Max Trainer,CAM45690 SAWICAOSGCE,,2/15/2015,2/9/2015,2,Online Search,Call Center Internal
Bowflex Max Trainer,CAM45692 SAWICAOFG2E,2/10/2015,2/10/2015,2/9/2015,1,Online Search,Call Center Internal
Bowflex Max Trainer,CAM45692 SAWICAOFG2E,,2/10/2015,2/9/2015,1,Online Search,Call Center Internal
Bowflex Max Trainer,CAM45692 SAWICAOFG2E,,2/13/2015,2/9/2015,2,Online Search,Call Center Internal
Bowflex Max Trainer,CAM45838 ICAOSGCESL5,2/9/2015,2/9/2015,2/9/2015,1,Online Search,Web
Bowflex Max Trainer,CAM45839 ICAOSGCESL6,2/9/2015,2/9/2015,2/9/2015,1,Online Search,Web
Bowflex Max Trainer,CAM45839 ICAOSGCESL6,2/10/2015,2/10/2015,2/9/2015,1,Online Search,Web
Bowflex Max Trainer,CAM45839 ICAOSGCESL6,2/11/2015,2/11/2015,2/9/2015,1,Online Search,Web
Bowflex Max Trainer,CAM45839 ICAOSGCESL6,2/12/2015,2/12/2015,2/9/2015,1,Online Search,Web
Bowflex Max Trainer,CAM45839 ICAOSGCESL6,2/13/2015,2/13/2015,2/9/2015,1,Online Search,Web
Bowflex Max Trainer,CAM45839 ICAOSGCESL6,2/14/2015,2/14/2015,2/9/2015,1,Online Search,Web
Bowflex Max Trainer,CAM45840 ICAOSGCESL7,2/9/2015,2/9/2015,2/9/2015,3,Online Search,Web
Bowflex Max Trainer,CAM45840 ICAOSGCESL7,,2/14/2015,2/9/2015,1,Online Search,Web
Bowflex Max Trainer,CAM45840 ICAOSGCESL7,,2/15/2015,2/9/2015,1,Online Search,Web
Bowflex Max Trainer,CAM45841 ICAOSGCESL8,,2/13/2015,2/9/2015,1,Online Search,Web
Bowflex Max Trainer,CAM45841 ICAOSGCESL8,,2/14/2015,2/9/2015,1,Online Search,Web
Bowflex Max Trainer,CAM45841 ICAOSGCESL8,,2/15/2015,2/9/2015,1,Online Search,Web
Bowflex Max Trainer,CAM45842 ICAOSGCESL9,,2/9/2015,2/9/2015,1,Online Search,Web
Bowflex Max Trainer,CAM45842 ICAOSGCESL9,,2/11/2015,2/9/2015,2,Online Search,Web
Bowflex Max Trainer,CAM45842 ICAOSGCESL9,2/15/2015,2/15/2015,2/9/2015,2,Online Search,Web
Bowflex Max Trainer,CAM45842 ICAOSGCESL9,,2/15/2015,2/9/2015,1,Online Search,Web
Bowflex Max Trainer,CAM45631 ICAOFG2EFEED1,,2/11/2015,2/9/2015,1,Online Shopping,Call Center Internal
Bowflex Max Trainer,CAM45631 ICAOFG2EFEED1,2/9/2015,2/9/2015,2/9/2015,2,Online Shopping,Web
Bowflex Max Trainer,CAM45631 ICAOFG2EFEED1,2/10/2015,2/10/2015,2/9/2015,2,Online Shopping,Web
Bowflex Max Trainer,CAM45631 ICAOFG2EFEED1,2/11/2015,2/11/2015,2/9/2015,1,Online Shopping,Web
Bowflex Max Trainer,CAM45631 ICAOFG2EFEED1,,2/11/2015,2/9/2015,1,Online Shopping,Web
Bowflex Max Trainer,CAM45631 ICAOFG2EFEED1,2/12/2015,2/12/2015,2/9/2015,1,Online Shopping,Web
Bowflex Max Trainer,CAM45631 ICAOFG2EFEED1,,2/12/2015,2/9/2015,3,Online Shopping,Web
Bowflex Max Trainer,CAM45631 ICAOFG2EFEED1,2/13/2015,2/13/2015,2/9/2015,1,Online Shopping,Web
Bowflex Max Trainer,CAM45631 ICAOFG2EFEED1,,2/13/2015,2/9/2015,1,Online Shopping,Web
Bowflex Max Trainer,CAM45631 ICAOFG2EFEED1,,2/14/2015,2/9/2015,1,Online Shopping,Web
Bowflex Max Trainer,CAM45631 ICAOFG2EFEED1,2/15/2015,2/15/2015,2/9/2015,3,Online Shopping,Web
Bowflex Max Trainer,CAM45631 ICAOFG2EFEED1,,2/15/2015,2/9/2015,4,Online Shopping,Web
Bowflex Max Trainer,CAM35680 INTELEMEDIACA,,2/11/2015,2/9/2015,1,Short Form,Call Center Internal
Bowflex Max Trainer,CAM46576 GAMCC120NYMAXKST,2/10/2015,2/10/2015,2/9/2015,1,Short Form,Call Center Internal
Bowflex Max Trainer,CAM46576 GAMCC120NYMAXKST,2/14/2015,2/14/2015,2/9/2015,1,Short Form,Call Center Internal
Bowflex Max Trainer,CAM46578 MOVIC120NYMAXKST,2/11/2015,2/11/2015,2/9/2015,1,Short Form,Call Center Internal
Bowflex Max Trainer,CAM46580 NGEOC120NYMAXKST,2/10/2015,2/10/2015,2/9/2015,1,Short Form,Call Center Internal
Bowflex Max Trainer,CAM46581 SHWAC120NYMAXKST,2/15/2015,2/15/2015,2/9/2015,3,Short Form,Call Center Internal
Bowflex Max Trainer,CAM46581 SHWAC120NYMAXKST,,2/15/2015,2/9/2015,1,Short Form,Call Center Internal
Bowflex Max Trainer,CAM46584 TSN2C120NYMAXKST,2/11/2015,2/11/2015,2/9/2015,1,Short Form,Call Center Internal
Bowflex Max Trainer,CAM46588 CBCNC120NYMAXKST,2/10/2015,2/10/2015,2/9/2015,1,Short Form,Call Center Internal
Bowflex Max Trainer,CAM46588 CBCNC120NYMAXKST,2/12/2015,2/12/2015,2/9/2015,1,Short Form,Call Center Internal
Bowflex Max Trainer,CAM46590 APTNC120NYMAXKST,2/10/2015,2/10/2015,2/9/2015,2,Short Form,Call Center Internal
Bowflex Max Trainer,CAM46594 NGW*C120NYMAXKST,2/13/2015,2/13/2015,2/9/2015,1,Short Form,Call Center Internal
Bowflex Max Trainer,CAM46597 CI**C120NYMAXKST,2/10/2015,2/10/2015,2/9/2015,1,Short Form,Call Center Internal
Bowflex Max Trainer,CAM46604 KIROC120NYMAXKST,2/14/2015,2/14/2015,2/9/2015,1,Short Form,Call Center Internal
Bowflex Max Trainer,CAM46604 KIROC120NYMAXKST,,2/14/2015,2/9/2015,1,Short Form,Call Center Internal
Bowflex Max Trainer,CAM46608 WXYZC120NYMAXKST,,2/12/2015,2/9/2015,1,Short Form,Call Center Internal
Bowflex Max Trainer,CAM46609 CHCHC120NYMAXKST,2/12/2015,2/12/2015,2/9/2015,1,Short Form,Call Center Internal
Bowflex Max Trainer,CAM46677 ION*N120NYMAXTIC,2/13/2015,2/13/2015,2/9/2015,1,Short Form,Call Center Internal
Bowflex Max Trainer,CAM28157 SALESFOLLOWUP,,2/13/2015,2/9/2015,1,Un-Sourced,Call Center Internal
Bowflex Max Trainer,CAM45327 1800MAXTRAINER,2/9/2015,2/9/2015,2/9/2015,1,Un-Sourced,Call Center Internal
Bowflex Max Trainer,CAM45327 1800MAXTRAINER,,2/9/2015,2/9/2015,3,Un-Sourced,Call Center Internal
Bowflex Max Trainer,CAM45327 1800MAXTRAINER,2/10/2015,2/10/2015,2/9/2015,1,Un-Sourced,Call Center Internal
Bowflex Max Trainer,CAM45327 1800MAXTRAINER,,2/11/2015,2/9/2015,1,Un-Sourced,Call Center Internal
Bowflex Max Trainer,CAM45327 1800MAXTRAINER,2/12/2015,2/12/2015,2/9/2015,2,Un-Sourced,Call Center Internal
Bowflex Max Trainer,CAM45327 1800MAXTRAINER,,2/12/2015,2/9/2015,2,Un-Sourced,Call Center Internal
Bowflex Max Trainer,CAM45327 1800MAXTRAINER,,2/13/2015,2/9/2015,2,Un-Sourced,Call Center Internal
Bowflex Max Trainer,CAM45693 ICASESF14A,2/16/2015,2/16/2015,2/16/2015,3,Electronic - Short Form,Web
Bowflex Max Trainer,CAM45693 ICASESF14A,,2/16/2015,2/16/2015,1,Electronic - Short Form,Web
Bowflex Max Trainer,CAM45694 ICASESF14B,2/16/2015,2/16/2015,2/16/2015,1,Electronic - Short Form,Web
Bowflex Max Trainer,CAM45695 ICASESF14C,2/16/2015,2/16/2015,2/16/2015,3,Electronic - Short Form,Web
Bowflex Max Trainer,CAM45624 ICAOSGCESL2,2/16/2015,2/16/2015,2/16/2015,4,Online Search,Web
Bowflex Max Trainer,CAM45624 ICAOSGCESL2,,2/16/2015,2/16/2015,4,Online Search,Web
Bowflex Max Trainer,CAM45626 ICAOSGCEML2,2/16/2015,2/16/2015,2/16/2015,1,Online Search,Web
Bowflex Max Trainer,CAM45633 ICAOSGCEGL1CMT,2/16/2015,2/16/2015,2/16/2015,1,Online Search,Web
Bowflex Max Trainer,CAM45633 ICAOSGCEGL1CMT,,2/16/2015,2/16/2015,1,Online Search,Web
Bowflex Max Trainer,CAM45690 SAWICAOSGCE,2/16/2015,2/16/2015,2/16/2015,1,Online Search,Call Center Internal
Bowflex Max Trainer,CAM45690 SAWICAOSGCE,,2/16/2015,2/16/2015,1,Online Search,Call Center Internal
Bowflex Max Trainer,CAM45840 ICAOSGCESL7,2/16/2015,2/16/2015,2/16/2015,1,Online Search,Web
Bowflex Max Trainer,CAM45841 ICAOSGCESL8,,2/16/2015,2/16/2015,1,Online Search,Web
Bowflex Max Trainer,CAM45842 ICAOSGCESL9,,2/16/2015,2/16/2015,1,Online Search,Web
Bowflex Max Trainer,CAM45846 ICAOSBCESL6,2/16/2015,2/16/2015,2/16/2015,1,Online Search,Web
Bowflex Max Trainer,CAM45847 ICAOSBCESL7,,2/16/2015,2/16/2015,1,Online Search,Web
Bowflex Max Trainer,CAM45631 ICAOFG2EFEED1,2/16/2015,2/16/2015,2/16/2015,1,Online Shopping,Web
Bowflex Max Trainer,CAM45631 ICAOFG2EFEED1,,2/16/2015,2/16/2015,1,Online Shopping,Web
Bowflex Max Trainer,CAM45707 SHWAC120BFMAXKST,2/16/2015,2/16/2015,2/16/2015,1,Short Form,Call Center Internal
Bowflex Max Trainer,CAM45327 1800MAXTRAINER,2/16/2015,2/16/2015,2/16/2015,1,Un-Sourced,Call Center Internal
Bowflex Max Trainer,CAM45327 1800MAXTRAINER,,2/16/2015,2/16/2015,3,Un-Sourced,Call Center Internal
