Bowflex Max Trainer,Short Form,CAM48041 RS**L120HAMBYTIC,Call Center Internal,9/7/2015,9/9/2015,1,1499.00
Bowflex Max Trainer,Online Search,CAM44230 SAWDOSG2E,Third Party Call Center - Evolve,9/7/2015,9/9/2015,1,999.00
Bowflex Max Trainer,Electronic - Short Form,CAM44172 dseesf14a,Web,9/7/2015,9/9/2015,2,2498.00
Bowflex Max Trainer,Electronic - Short Form,CAM44191 dseesf14d,Web,9/7/2015,9/9/2015,1,1499.00
Bowflex Max Trainer,Online Search,CAM44429 dosbiesl1,Web,9/7/2015,9/9/2015,10,12354.43
Bowflex Max Trainer,Electronic - UnSourced,CAM44433 dege1sitemx,Web,9/7/2015,9/9/2015,15,22235.00
Bowflex Max Trainer,Online Search,CAM44435 dosg2egl1mx,Web,9/7/2015,9/9/2015,10,16140.00
Bowflex Max Trainer,Online Search,CAM44497 dosg2esl1,Web,9/7/2015,9/9/2015,11,15002.73
Bowflex Max Trainer,Online Search,CAM44520 dosbiegl1mx,Web,9/7/2015,9/9/2015,3,4697.00
Bowflex Max Trainer,Online Search,CAM44565 dosbiesl5,Web,9/7/2015,9/9/2015,1,1749.00
Bowflex Max Trainer,Online Shopping,CAM44887 dofg2efeed1,Web,9/7/2015,9/9/2015,6,9894.00
Bowflex Max Trainer,Online Search,CAM44952 dosbieml1,Web,9/7/2015,9/9/2015,1,1599.00
Bowflex Max Trainer,Online Search,CAM45009 dosg2eml1,Web,9/7/2015,9/9/2015,5,6259.43
Bowflex Max Trainer,Electronic - Short Form,CAM45387 DSEESF14E,Web,9/7/2015,9/9/2015,1,1499.00
Bowflex Max Trainer,Online Search,CAM45730 DOSG2ESL7,Web,9/7/2015,9/9/2015,2,3348.00
Bowflex Max Trainer,Online Search,CAM45732 DOSBIESL7,Web,9/7/2015,9/9/2015,1,1599.00
Bowflex Max Trainer,Online Search,CAM47150 DOSG2ESL9,Web,9/7/2015,9/9/2015,3,4297.00
Bowflex Max Trainer,Online Search,CAM47151 DOSG2EML2,Web,9/7/2015,9/9/2015,1,1749.00
Bowflex Max Trainer,Online Search,CAM47152 DOSBIESL8,Web,9/7/2015,9/9/2015,1,1099.00
Bowflex Max Trainer,Online Display,CAM47251 DODCTOEDL2,Web,9/7/2015,9/9/2015,7,10643.00
Bowflex Max Trainer,Online Social,CAM48050 DOXFBESCL005,Web,9/7/2015,9/9/2015,1,1599.00
Bowflex Max Trainer,Online Search,CAM44223 SAWDOSBIE,Call Center Internal,9/7/2015,9/10/2015,1,1599.00
Bowflex Max Trainer,Online Search,CAM44230 SAWDOSG2E,Call Center Internal,9/7/2015,9/10/2015,3,2577.90
Bowflex Max Trainer,Electronic - UnSourced,CAM44236 SAWMAX,Call Center Internal,9/7/2015,9/10/2015,13,19936.00
Bowflex Max Trainer,Online Search,CAM44539 SAWDOSG2EMOBILE2,Call Center Internal,9/7/2015,9/10/2015,1,1499.00
Bowflex Max Trainer,Online Social,CAM44544 SAWDOXFBE,Call Center Internal,9/7/2015,9/10/2015,3,2948.00
Bowflex Max Trainer,Electronic - UnSourced,CAM44626 1800BOWFLEX_BMT,Call Center Internal,9/7/2015,9/10/2015,7,8613.60
Bowflex Max Trainer,Un-Sourced,CAM45327 1800MAXTRAINER,Call Center Internal,9/7/2015,9/10/2015,17,24283.00
Bowflex Max Trainer,Short Form,CAM47192 SUNDN120HAMBYTIC,Call Center Internal,9/7/2015,9/10/2015,1,1599.00
Bowflex Max Trainer,Short Form,CAM47363 VEL*N180HAMF*TIC,Call Center Internal,9/7/2015,9/10/2015,1,1499.00
Bowflex Max Trainer,Online Search,CAM44230 SAWDOSG2E,Third Party Call Center - Evolve,9/7/2015,9/10/2015,1,1099.00
Bowflex Max Trainer,Electronic - UnSourced,CAM44236 SAWMAX,Third Party Call Center - Evolve,9/7/2015,9/10/2015,1,1599.00
Bowflex Max Trainer,Electronic - Short Form,CAM44172 dseesf14a,Web,9/7/2015,9/10/2015,1,1599.00
Bowflex Max Trainer,Electronic - Short Form,CAM44187 dseesf14c,Web,9/7/2015,9/10/2015,1,1499.00
Bowflex Max Trainer,Electronic - Short Form,CAM44191 dseesf14d,Web,9/7/2015,9/10/2015,1,1499.00
Bowflex Max Trainer,Online Search,CAM44429 dosbiesl1,Web,9/7/2015,9/10/2015,5,6745.00
Bowflex Max Trainer,Electronic - UnSourced,CAM44433 dege1sitemx,Web,9/7/2015,9/10/2015,18,18312.70
Bowflex Max Trainer,Online Search,CAM44435 dosg2egl1mx,Web,9/7/2015,9/10/2015,4,6046.00
Bowflex Max Trainer,Online Search,CAM44497 dosg2esl1,Web,9/7/2015,9/10/2015,9,13191.00
Bowflex Max Trainer,Online Search,CAM44520 dosbiegl1mx,Web,9/7/2015,9/10/2015,3,4797.00
Bowflex Max Trainer,Online Search,CAM44560 dosg2esl5,Web,9/7/2015,9/10/2015,1,1499.00
Bowflex Max Trainer,Online Shopping,CAM44887 dofg2efeed1,Web,9/7/2015,9/10/2015,13,21237.00
Bowflex Max Trainer,Online Search,CAM45009 dosg2eml1,Web,9/7/2015,9/10/2015,7,10693.00
Bowflex Max Trainer,Online Search,CAM45729 DOSG2ESL6,Web,9/7/2015,9/10/2015,2,1998.00
Bowflex Max Trainer,Online Search,CAM45730 DOSG2ESL7,Web,9/7/2015,9/10/2015,1,1599.00
Bowflex Max Trainer,Online Display,CAM45736 DODRFEDL3,Web,9/7/2015,9/10/2015,1,1099.00
Bowflex Max Trainer,Online Search,CAM47151 DOSG2EML2,Web,9/7/2015,9/10/2015,1,1499.00
Bowflex Max Trainer,Online Search,CAM47152 DOSBIESL8,Web,9/7/2015,9/10/2015,1,1599.00
Bowflex Max Trainer,Online Video,CAM47248 DOVTMEVL1,Web,9/7/2015,9/10/2015,2,3198.00
Bowflex Max Trainer,Online Display,CAM47251 DODCTOEDL2,Web,9/7/2015,9/10/2015,13,19837.00
Bowflex Max Trainer,Online Display,CAM47940 DODFBKEDL5,Web,9/7/2015,9/10/2015,1,1599.00
Bowflex Max Trainer,Online Social,CAM48049 DOXFBESCL004,Web,9/7/2015,9/10/2015,2,2698.00
Bowflex Max Trainer,Online Social,CAM48050 DOXFBESCL005,Web,9/7/2015,9/10/2015,3,3022.95
Bowflex Max Trainer,Online Search,CAM44223 SAWDOSBIE,Call Center Internal,9/7/2015,9/11/2015,3,3797.00
Bowflex Max Trainer,Online Search,CAM44230 SAWDOSG2E,Call Center Internal,9/7/2015,9/11/2015,2,2598.00
Bowflex Max Trainer,Electronic - UnSourced,CAM44236 SAWMAX,Call Center Internal,9/7/2015,9/11/2015,9,12895.53
Bowflex Max Trainer,Online Search,CAM44435 dosg2egl1mx,Call Center Internal,9/7/2015,9/11/2015,1,1099.00
Bowflex Max Trainer,Online Social,CAM44544 SAWDOXFBE,Call Center Internal,9/7/2015,9/11/2015,1,1599.00
Bowflex Max Trainer,Electronic - UnSourced,CAM44626 1800BOWFLEX_BMT,Call Center Internal,9/7/2015,9/11/2015,6,8094.30
Bowflex Max Trainer,Un-Sourced,CAM45327 1800MAXTRAINER,Call Center Internal,9/7/2015,9/11/2015,13,18327.60
Bowflex Max Trainer,Short Form,CAM47198 ION*N120HAMBYTIC,Call Center Internal,9/7/2015,9/11/2015,1,1599.00
Bowflex Max Trainer,Online Display,CAM47251 DODCTOEDL2,Call Center Internal,9/7/2015,9/11/2015,2,3198.00
Bowflex Max Trainer,Short Form,CAM47361 PUREN180HAMF*TIC,Call Center Internal,9/7/2015,9/11/2015,1,1599.00
Bowflex Max Trainer,Short Form,CAM47385 RELZ*N120HAMBYTIC,Call Center Internal,9/7/2015,9/11/2015,1,1599.00
Bowflex Max Trainer,Online Search,CAM44539 SAWDOSG2EMOBILE2,Third Party Call Center - Evolve,9/7/2015,9/11/2015,1,1499.00
Bowflex Max Trainer,Electronic - Short Form,CAM44172 dseesf14a,Web,9/7/2015,9/11/2015,2,2598.00
Bowflex Max Trainer,Electronic - Short Form,CAM44213 dseesf14b,Web,9/7/2015,9/11/2015,1,1499.00
Bowflex Max Trainer,Online Search,CAM44429 dosbiesl1,Web,9/7/2015,9/11/2015,8,11092.00
Bowflex Max Trainer,Electronic - UnSourced,CAM44433 dege1sitemx,Web,9/7/2015,9/11/2015,14,20386.00
Bowflex Max Trainer,Online Search,CAM44435 dosg2egl1mx,Web,9/7/2015,9/11/2015,7,11193.00
Bowflex Max Trainer,Online Search,CAM44497 dosg2esl1,Web,9/7/2015,9/11/2015,14,22086.00
Bowflex Max Trainer,Online Search,CAM44520 dosbiegl1mx,Web,9/7/2015,9/11/2015,1,1599.00
Bowflex Max Trainer,Online Search,CAM44560 dosg2esl5,Web,9/7/2015,9/11/2015,1,1599.00
Bowflex Max Trainer,Online Search,CAM44565 dosbiesl5,Web,9/7/2015,9/11/2015,1,863.43
Bowflex Max Trainer,Online Shopping,CAM44887 dofg2efeed1,Web,9/7/2015,9/11/2015,11,15116.46
Bowflex Max Trainer,Online Search,CAM45009 dosg2eml1,Web,9/7/2015,9/11/2015,5,8045.00
Bowflex Max Trainer,Electronic - Short Form,CAM45388 DSEESF14F,Web,9/7/2015,9/11/2015,1,1499.00
Bowflex Max Trainer,Online Search,CAM45730 DOSG2ESL7,Web,9/7/2015,9/11/2015,2,3098.00
Bowflex Max Trainer,Online Search,CAM45732 DOSBIESL7,Web,9/7/2015,9/11/2015,1,1599.00
Bowflex Max Trainer,Electronic - Short Form,CAM45800 DSEESF14J,Web,9/7/2015,9/11/2015,1,1499.00
Bowflex Max Trainer,Online Search,CAM47150 DOSG2ESL9,Web,9/7/2015,9/11/2015,1,1599.00
Bowflex Max Trainer,Online Search,CAM47152 DOSBIESL8,Web,9/7/2015,9/11/2015,1,1599.00
Bowflex Max Trainer,Online Video,CAM47248 DOVTMEVL1,Web,9/7/2015,9/11/2015,1,1599.00
Bowflex Max Trainer,Online Display,CAM47251 DODCTOEDL2,Web,9/7/2015,9/11/2015,3,4546.00
Bowflex Max Trainer,Online Social,CAM47987 DOXFBESCL001,Web,9/7/2015,9/11/2015,4,5896.00
Bowflex Max Trainer,Electronic - Short Form,CAM44172 dseesf14a,Call Center Internal,9/7/2015,9/12/2015,1,1499.00
Bowflex Max Trainer,Electronic - Short Form,CAM44215 SAWDSEESF14A,Call Center Internal,9/7/2015,9/12/2015,1,1599.00
Bowflex Max Trainer,Online Display,CAM44220 SAWDODRFE,Call Center Internal,9/7/2015,9/12/2015,1,1099.00
Bowflex Max Trainer,Online Search,CAM44223 SAWDOSBIE,Call Center Internal,9/7/2015,9/12/2015,3,4317.30
Bowflex Max Trainer,Online Search,CAM44230 SAWDOSG2E,Call Center Internal,9/7/2015,9/12/2015,1,1599.00
Bowflex Max Trainer,Electronic - UnSourced,CAM44236 SAWMAX,Call Center Internal,9/7/2015,9/12/2015,8,10212.60
Bowflex Max Trainer,Online Search,CAM44497 dosg2esl1,Call Center Internal,9/7/2015,9/12/2015,1,1599.00
Bowflex Max Trainer,Electronic - UnSourced,CAM44626 1800BOWFLEX_BMT,Call Center Internal,9/7/2015,9/12/2015,3,3347.00
Bowflex Max Trainer,Online Shopping,CAM45043 SAWDOFG2E,Call Center Internal,9/7/2015,9/12/2015,2,2598.00
Bowflex Max Trainer,Un-Sourced,CAM45327 1800MAXTRAINER,Call Center Internal,9/7/2015,9/12/2015,5,7315.30
Bowflex Max Trainer,Online Display,CAM47239 SAWDODCTOE,Call Center Internal,9/7/2015,9/12/2015,1,1599.00
Bowflex Max Trainer,Online Video,CAM47248 DOVTMEVL1,Call Center Internal,9/7/2015,9/12/2015,1,1499.00
Bowflex Max Trainer,Short Form,CAM47385 RELZ*N120HAMBYTIC,Call Center Internal,9/7/2015,9/12/2015,1,1599.00
Bowflex Max Trainer,Short Form,CAM47386 WNATN120HAMBYTIC,Call Center Internal,9/7/2015,9/12/2015,1,1099.00
Bowflex Max Trainer,Electronic - UnSourced,CAM44236 SAWMAX,Third Party Call Center - Evolve,9/7/2015,9/12/2015,2,2748.00
Bowflex Max Trainer,Short Form,CAM47198 ION*N120HAMBYTIC,Third Party Call Center - Evolve,9/7/2015,9/12/2015,1,1499.00
Bowflex Max Trainer,Online Display,CAM47239 SAWDODCTOE,Third Party Call Center - Evolve,9/7/2015,9/12/2015,1,999.00
Bowflex Max Trainer,Electronic - Short Form,CAM44172 dseesf14a,Web,9/7/2015,9/12/2015,2,2598.00
Bowflex Max Trainer,Electronic - Short Form,CAM44191 dseesf14d,Web,9/7/2015,9/12/2015,2,2598.00
Bowflex Max Trainer,Online Search,CAM44429 dosbiesl1,Web,9/7/2015,9/12/2015,7,10743.00
Bowflex Max Trainer,Electronic - UnSourced,CAM44433 dege1sitemx,Web,9/7/2015,9/12/2015,15,23535.00
Bowflex Max Trainer,Online Search,CAM44435 dosg2egl1mx,Web,9/7/2015,9/12/2015,4,6046.00
Bowflex Max Trainer,Online Search,CAM44497 dosg2esl1,Web,9/7/2015,9/12/2015,9,12754.73
Bowflex Max Trainer,Online Search,CAM44520 dosbiegl1mx,Web,9/7/2015,9/12/2015,1,1599.00
Bowflex Max Trainer,Online Search,CAM44560 dosg2esl5,Web,9/7/2015,9/12/2015,1,1099.00
Bowflex Max Trainer,Online Shopping,CAM44887 dofg2efeed1,Web,9/7/2015,9/12/2015,11,15089.00
Bowflex Max Trainer,Online Search,CAM45009 dosg2eml1,Web,9/7/2015,9/12/2015,6,8494.00
Bowflex Max Trainer,Electronic - Short Form,CAM45387 DSEESF14E,Web,9/7/2015,9/12/2015,1,1499.00
Bowflex Max Trainer,Online Search,CAM45729 DOSG2ESL6,Web,9/7/2015,9/12/2015,1,1099.00
Bowflex Max Trainer,Online Search,CAM45730 DOSG2ESL7,Web,9/7/2015,9/12/2015,3,4597.00
Bowflex Max Trainer,Online Search,CAM45732 DOSBIESL7,Web,9/7/2015,9/12/2015,1,1599.00
Bowflex Max Trainer,Online Display,CAM45736 DODRFEDL3,Web,9/7/2015,9/12/2015,3,4797.00
Bowflex Max Trainer,Electronic - Short Form,CAM45800 DSEESF14J,Web,9/7/2015,9/12/2015,1,1499.00
Bowflex Max Trainer,Online Search,CAM47150 DOSG2ESL9,Web,9/7/2015,9/12/2015,2,3198.00
Bowflex Max Trainer,Online Search,CAM47152 DOSBIESL8,Web,9/7/2015,9/12/2015,2,2698.00
Bowflex Max Trainer,Online Video,CAM47248 DOVTMEVL1,Web,9/7/2015,9/12/2015,1,1599.00
Bowflex Max Trainer,Online Display,CAM47251 DODCTOEDL2,Web,9/7/2015,9/12/2015,4,6296.00
Bowflex Max Trainer,Online Social,CAM47987 DOXFBESCL001,Web,9/7/2015,9/12/2015,1,1599.00
Bowflex Max Trainer,Online Social,CAM48050 DOXFBESCL005,Web,9/7/2015,9/12/2015,2,3198.00
Bowflex Max Trainer,Online Display,CAM44220 SAWDODRFE,Call Center Internal,9/7/2015,9/13/2015,4,1758.85
Bowflex Max Trainer,Online Search,CAM44223 SAWDOSBIE,Call Center Internal,9/7/2015,9/13/2015,2,3198.00
Bowflex Max Trainer,Online Search,CAM44230 SAWDOSG2E,Call Center Internal,9/7/2015,9/13/2015,6,9294.00
Bowflex Max Trainer,Electronic - UnSourced,CAM44236 SAWMAX,Call Center Internal,9/7/2015,9/13/2015,9,13791.00
Bowflex Max Trainer,Electronic - UnSourced,CAM44626 1800BOWFLEX_BMT,Call Center Internal,9/7/2015,9/13/2015,3,4297.00
Bowflex Max Trainer,Online Shopping,CAM45043 SAWDOFG2E,Call Center Internal,9/7/2015,9/13/2015,2,3198.00
Bowflex Max Trainer,Un-Sourced,CAM45327 1800MAXTRAINER,Call Center Internal,9/7/2015,9/13/2015,10,13140.30
Bowflex Max Trainer,Online Display,CAM47239 SAWDODCTOE,Call Center Internal,9/7/2015,9/13/2015,1,1119.30
Bowflex Max Trainer,Short Form,CAM47385 RELZ*N120HAMBYTIC,Call Center Internal,9/7/2015,9/13/2015,1,1499.00
Bowflex Max Trainer,Short Form,CAM47903 CMSYL60*HAMF*TIC,Third Party Call Center - Evolve,9/7/2015,9/13/2015,1,1749.00
Bowflex Max Trainer,Electronic - Short Form,CAM44213 dseesf14b,Web,9/7/2015,9/13/2015,1,1499.00
Bowflex Max Trainer,Online Search,CAM44429 dosbiesl1,Web,9/7/2015,9/13/2015,15,21835.00
Bowflex Max Trainer,Electronic - UnSourced,CAM44433 dege1sitemx,Web,9/7/2015,9/13/2015,20,27245.63
Bowflex Max Trainer,Online Search,CAM44435 dosg2egl1mx,Web,9/7/2015,9/13/2015,8,10292.00
Bowflex Max Trainer,Online Search,CAM44497 dosg2esl1,Web,9/7/2015,9/13/2015,19,30231.00
Bowflex Max Trainer,Online Search,CAM44520 dosbiegl1mx,Web,9/7/2015,9/13/2015,2,3198.00
Bowflex Max Trainer,Online Shopping,CAM44887 dofg2efeed1,Web,9/7/2015,9/13/2015,7,10743.00
Bowflex Max Trainer,Online Search,CAM44952 dosbieml1,Web,9/7/2015,9/13/2015,1,1099.00
Bowflex Max Trainer,Online Search,CAM45009 dosg2eml1,Web,9/7/2015,9/13/2015,5,6895.00
Bowflex Max Trainer,Online Search,CAM45730 DOSG2ESL7,Web,9/7/2015,9/13/2015,4,6346.00
Bowflex Max Trainer,Online Search,CAM45732 DOSBIESL7,Web,9/7/2015,9/13/2015,1,1599.00
Bowflex Max Trainer,Online Display,CAM45736 DODRFEDL3,Web,9/7/2015,9/13/2015,2,3198.00
Bowflex Max Trainer,Electronic - Short Form,CAM45798 DSEESF14H,Web,9/7/2015,9/13/2015,1,1499.00
Bowflex Max Trainer,Online Social,CAM45898 DOXFBERESPONSE,Web,9/7/2015,9/13/2015,1,1599.00
Bowflex Max Trainer,Online Display,CAM45910 DODADCEDL3,Web,9/7/2015,9/13/2015,1,34.90
Bowflex Max Trainer,Online Search,CAM47150 DOSG2ESL9,Web,9/7/2015,9/13/2015,3,4447.00
Bowflex Max Trainer,Online Search,CAM47151 DOSG2EML2,Web,9/7/2015,9/13/2015,2,2698.00
Bowflex Max Trainer,Online Search,CAM47152 DOSBIESL8,Web,9/7/2015,9/13/2015,3,4797.00
Bowflex Max Trainer,Online Video,CAM47248 DOVTMEVL1,Web,9/7/2015,9/13/2015,2,3198.00
Bowflex Max Trainer,Online Display,CAM47251 DODCTOEDL2,Web,9/7/2015,9/13/2015,6,9744.00
Bowflex Max Trainer,Online Video,CAM47606 DOVHULUEVL5,Web,9/7/2015,9/13/2015,2,2598.00
Bowflex Max Trainer,Online Social,CAM47987 DOXFBESCL001,Web,9/7/2015,9/13/2015,3,4797.00
Bowflex Max Trainer,Online Social,CAM48003 DOXFBECAD2,Web,9/7/2015,9/13/2015,1,1749.00
Bowflex Max Trainer,Online Social,CAM48050 DOXFBESCL005,Web,9/7/2015,9/13/2015,6,4891.85
Bowflex Max Trainer,Electronic - Short Form,CAM44215 SAWDSEESF14A,Call Center Internal,9/14/2015,9/14/2015,1,1599.00
Bowflex Max Trainer,Online Search,CAM44223 SAWDOSBIE,Call Center Internal,9/14/2015,9/14/2015,8,10517.95
Bowflex Max Trainer,Online Search,CAM44230 SAWDOSG2E,Call Center Internal,9/14/2015,9/14/2015,4,5796.00
Bowflex Max Trainer,Electronic - UnSourced,CAM44236 SAWMAX,Call Center Internal,9/14/2015,9/14/2015,14,19046.90
Bowflex Max Trainer,Online Search,CAM44539 SAWDOSG2EMOBILE2,Call Center Internal,9/14/2015,9/14/2015,2,3198.00
Bowflex Max Trainer,Electronic - UnSourced,CAM44626 1800BOWFLEX_BMT,Call Center Internal,9/14/2015,9/14/2015,15,20925.60
Bowflex Max Trainer,Online Shopping,CAM45043 SAWDOFG2E,Call Center Internal,9/14/2015,9/14/2015,3,4097.00
Bowflex Max Trainer,Un-Sourced,CAM45327 1800MAXTRAINER,Call Center Internal,9/14/2015,9/14/2015,25,36765.60
Bowflex Max Trainer,Online Social,CAM45898 DOXFBERESPONSE,Call Center Internal,9/14/2015,9/14/2015,1,1119.30
Bowflex Max Trainer,Online Display,CAM47239 SAWDODCTOE,Call Center Internal,9/14/2015,9/14/2015,2,2598.00
Bowflex Max Trainer,Short Form,CAM47362 H2**N180HAMF*TIC,Call Center Internal,9/14/2015,9/14/2015,1,1599.00
Bowflex Max Trainer,Short Form,CAM47363 VEL*N180HAMF*TIC,Call Center Internal,9/14/2015,9/14/2015,1,1499.00
Bowflex Max Trainer,Online Search,CAM44230 SAWDOSG2E,Third Party Call Center - Evolve,9/14/2015,9/14/2015,1,1099.00
Bowflex Max Trainer,Electronic - UnSourced,CAM44236 SAWMAX,Third Party Call Center - Evolve,9/14/2015,9/14/2015,1,1449.00
Bowflex Max Trainer,Electronic - Short Form,CAM44172 dseesf14a,Web,9/14/2015,9/14/2015,2,2598.00
Bowflex Max Trainer,Electronic - Short Form,CAM44191 dseesf14d,Web,9/14/2015,9/14/2015,8,2747.70
Bowflex Max Trainer,Online Search,CAM44429 dosbiesl1,Web,9/14/2015,9/14/2015,2,2698.00
Bowflex Max Trainer,Electronic - UnSourced,CAM44433 dege1sitemx,Web,9/14/2015,9/14/2015,15,23785.00
Bowflex Max Trainer,Online Search,CAM44435 dosg2egl1mx,Web,9/14/2015,9/14/2015,7,10743.00
Bowflex Max Trainer,Online Search,CAM44497 dosg2esl1,Web,9/14/2015,9/14/2015,12,16038.00
Bowflex Max Trainer,Online Search,CAM44520 dosbiegl1mx,Web,9/14/2015,9/14/2015,3,4292.00
Bowflex Max Trainer,Online Shopping,CAM44887 dofg2efeed1,Web,9/14/2015,9/14/2015,20,21169.18
Bowflex Max Trainer,Online Search,CAM45009 dosg2eml1,Web,9/14/2015,9/14/2015,5,8145.00
Bowflex Max Trainer,Electronic - Short Form,CAM45388 DSEESF14F,Web,9/14/2015,9/14/2015,1,1748.00
Bowflex Max Trainer,Online Search,CAM45729 DOSG2ESL6,Web,9/14/2015,9/14/2015,5,5195.00
Bowflex Max Trainer,Online Display,CAM45910 DODADCEDL3,Web,9/14/2015,9/14/2015,1,1749.00
Bowflex Max Trainer,Online Search,CAM47150 DOSG2ESL9,Web,9/14/2015,9/14/2015,2,2698.00
Bowflex Max Trainer,Online Search,CAM47151 DOSG2EML2,Web,9/14/2015,9/14/2015,1,1599.00
Bowflex Max Trainer,Online Search,CAM47152 DOSBIESL8,Web,9/14/2015,9/14/2015,2,2698.00
Bowflex Max Trainer,Online Video,CAM47248 DOVTMEVL1,Web,9/14/2015,9/14/2015,2,3198.00
Bowflex Max Trainer,Online Display,CAM47251 DODCTOEDL2,Web,9/14/2015,9/14/2015,2,2947.00
Bowflex Max Trainer,Online Social,CAM47987 DOXFBESCL001,Web,9/14/2015,9/14/2015,1,1599.00
Bowflex Max Trainer,Online Social,CAM48003 DOXFBECAD2,Web,9/14/2015,9/14/2015,4,6446.00
Bowflex Max Trainer,Online Social,CAM48050 DOXFBESCL005,Web,9/14/2015,9/14/2015,2,2698.00
Bowflex Max Trainer,Online Search,CAM44230 SAWDOSG2E,Call Center Internal,9/14/2015,9/15/2015,9,13491.00
Bowflex Max Trainer,Electronic - UnSourced,CAM44236 SAWMAX,Call Center Internal,9/14/2015,9/15/2015,11,13810.30
Bowflex Max Trainer,Electronic - UnSourced,CAM44626 1800BOWFLEX_BMT,Call Center Internal,9/14/2015,9/15/2015,12,17308.30
Bowflex Max Trainer,Online Shopping,CAM45043 SAWDOFG2E,Call Center Internal,9/14/2015,9/15/2015,3,3817.30
Bowflex Max Trainer,Un-Sourced,CAM45327 1800MAXTRAINER,Call Center Internal,9/14/2015,9/15/2015,13,18487.00
Bowflex Max Trainer,Electronic - Short Form,CAM45388 DSEESF14F,Call Center Internal,9/14/2015,9/15/2015,1,1499.00
Bowflex Max Trainer,Online Display,CAM47239 SAWDODCTOE,Call Center Internal,9/14/2015,9/15/2015,1,1599.00
Bowflex Max Trainer,Short Form,CAM47363 VEL*N180HAMF*TIC,Call Center Internal,9/14/2015,9/15/2015,1,1499.00
Bowflex Max Trainer,Short Form,CAM47950 DISNN60*HAMF*TIC,Call Center Internal,9/14/2015,9/15/2015,1,1599.00
Bowflex Max Trainer,Online Search,CAM44429 dosbiesl1,Web,9/14/2015,9/15/2015,13,18337.00
Bowflex Max Trainer,Electronic - UnSourced,CAM44433 dege1sitemx,Web,9/14/2015,9/15/2015,8,12342.00
Bowflex Max Trainer,Online Search,CAM44435 dosg2egl1mx,Web,9/14/2015,9/15/2015,8,11842.00
Bowflex Max Trainer,Online Search,CAM44497 dosg2esl1,Web,9/14/2015,9/15/2015,13,17816.90
Bowflex Max Trainer,Online Search,CAM44520 dosbiegl1mx,Web,9/14/2015,9/15/2015,4,5696.00
Bowflex Max Trainer,Online Search,CAM44560 dosg2esl5,Web,9/14/2015,9/15/2015,1,1599.00
Bowflex Max Trainer,Online Shopping,CAM44887 dofg2efeed1,Web,9/14/2015,9/15/2015,16,23797.73
Bowflex Max Trainer,Online Search,CAM44952 dosbieml1,Web,9/14/2015,9/15/2015,2,3198.00
Bowflex Max Trainer,Online Search,CAM45009 dosg2eml1,Web,9/14/2015,9/15/2015,4,5796.00
Bowflex Max Trainer,Online Video,CAM45400 DOVHULUEVL1,Web,9/14/2015,9/15/2015,1,1499.00
Bowflex Max Trainer,Online Search,CAM45730 DOSG2ESL7,Web,9/14/2015,9/15/2015,3,4947.00
Bowflex Max Trainer,Online Search,CAM45732 DOSBIESL7,Web,9/14/2015,9/15/2015,1,1599.00
Bowflex Max Trainer,Online Display,CAM45736 DODRFEDL3,Web,9/14/2015,9/15/2015,1,1599.00
Bowflex Max Trainer,Online Search,CAM47150 DOSG2ESL9,Web,9/14/2015,9/15/2015,1,1599.00
Bowflex Max Trainer,Online Video,CAM47248 DOVTMEVL1,Web,9/14/2015,9/15/2015,1,1749.00
Bowflex Max Trainer,Online Display,CAM47251 DODCTOEDL2,Web,9/14/2015,9/15/2015,7,8993.00
Bowflex Max Trainer,Online Social,CAM47987 DOXFBESCL001,Web,9/14/2015,9/15/2015,2,3198.00
Bowflex Max Trainer,Online Social,CAM48050 DOXFBESCL005,Web,9/14/2015,9/15/2015,4,5396.00
Bowflex Max Trainer,Electronic - Short Form,CAM44218 SAWDSEESF14D,Call Center Internal,9/14/2015,9/16/2015,1,1499.00
Bowflex Max Trainer,Online Search,CAM44223 SAWDOSBIE,Call Center Internal,9/14/2015,9/16/2015,1,1099.00
Bowflex Max Trainer,Online Search,CAM44230 SAWDOSG2E,Call Center Internal,9/14/2015,9/16/2015,6,7794.00
Bowflex Max Trainer,Electronic - UnSourced,CAM44236 SAWMAX,Call Center Internal,9/14/2015,9/16/2015,10,13570.45
Bowflex Max Trainer,Online Search,CAM44539 SAWDOSG2EMOBILE2,Call Center Internal,9/14/2015,9/16/2015,1,1099.00
Bowflex Max Trainer,Online Social,CAM44544 SAWDOXFBE,Call Center Internal,9/14/2015,9/16/2015,1,1599.00
Bowflex Max Trainer,Electronic - UnSourced,CAM44626 1800BOWFLEX_BMT,Call Center Internal,9/14/2015,9/16/2015,2,3098.00
Bowflex Max Trainer,Online Shopping,CAM44887 dofg2efeed1,Call Center Internal,9/14/2015,9/16/2015,1,1099.00
Bowflex Max Trainer,Online Shopping,CAM45043 SAWDOFG2E,Call Center Internal,9/14/2015,9/16/2015,1,1499.00
Bowflex Max Trainer,Un-Sourced,CAM45327 1800MAXTRAINER,Call Center Internal,9/14/2015,9/16/2015,16,21875.00
Bowflex Max Trainer,Short Form,CAM47195 SPKEN120HAMBYTIC,Call Center Internal,9/14/2015,9/16/2015,1,1119.30
Bowflex Max Trainer,Short Form,CAM47197 IFC*N120HAMBYTIC,Call Center Internal,9/14/2015,9/16/2015,1,1599.00
Bowflex Max Trainer,Online Display,CAM47239 SAWDODCTOE,Call Center Internal,9/14/2015,9/16/2015,1,699.30
Bowflex Max Trainer,Electronic - UnSourced,CAM44236 SAWMAX,Third Party Call Center - Evolve,9/14/2015,9/16/2015,1,1449.00
Bowflex Max Trainer,Online Search,CAM44429 dosbiesl1,Web,9/14/2015,9/16/2015,8,11992.00
Bowflex Max Trainer,Electronic - UnSourced,CAM44433 dege1sitemx,Web,9/14/2015,9/16/2015,8,12342.00
Bowflex Max Trainer,Online Search,CAM44435 dosg2egl1mx,Web,9/14/2015,9/16/2015,2,3098.00
Bowflex Max Trainer,Online Search,CAM44497 dosg2esl1,Web,9/14/2015,9/16/2015,12,17247.02
Bowflex Max Trainer,Online Search,CAM44520 dosbiegl1mx,Web,9/14/2015,9/16/2015,2,2698.00
Bowflex Max Trainer,Online Shopping,CAM44887 dofg2efeed1,Web,9/14/2015,9/16/2015,14,19399.73
Bowflex Max Trainer,Online Search,CAM44952 dosbieml1,Web,9/14/2015,9/16/2015,1,1599.00
Bowflex Max Trainer,Online Search,CAM45009 dosg2eml1,Web,9/14/2015,9/16/2015,1,1599.00
Bowflex Max Trainer,Online Search,CAM45729 DOSG2ESL6,Web,9/14/2015,9/16/2015,1,1099.00
Bowflex Max Trainer,Online Search,CAM45730 DOSG2ESL7,Web,9/14/2015,9/16/2015,2,3098.00
Bowflex Max Trainer,Electronic - Short Form,CAM45798 DSEESF14H,Web,9/14/2015,9/16/2015,1,1599.00
Bowflex Max Trainer,Online Search,CAM47150 DOSG2ESL9,Web,9/14/2015,9/16/2015,1,1599.00
Bowflex Max Trainer,Online Search,CAM47152 DOSBIESL8,Web,9/14/2015,9/16/2015,2,3198.00
Bowflex Max Trainer,Online Display,CAM47251 DODCTOEDL2,Web,9/14/2015,9/16/2015,2,3198.00
Bowflex Max Trainer,Online Social,CAM48003 DOXFBECAD2,Web,9/14/2015,9/16/2015,1,1599.00
Bowflex Max Trainer,Online Social,CAM48050 DOXFBESCL005,Web,9/14/2015,9/16/2015,1,1599.00
Bowflex Max Trainer,Online Display,CAM44220 SAWDODRFE,Call Center Internal,9/14/2015,9/17/2015,2,3098.00
Bowflex Max Trainer,Online Search,CAM44223 SAWDOSBIE,Call Center Internal,9/14/2015,9/17/2015,2,3198.00
Bowflex Max Trainer,Online Search,CAM44230 SAWDOSG2E,Call Center Internal,9/14/2015,9/17/2015,2,3098.00
Bowflex Max Trainer,Electronic - UnSourced,CAM44236 SAWMAX,Call Center Internal,9/14/2015,9/17/2015,10,13810.30
Bowflex Max Trainer,Online Search,CAM44497 dosg2esl1,Call Center Internal,9/14/2015,9/17/2015,1,1599.00
Bowflex Max Trainer,Online Search,CAM44539 SAWDOSG2EMOBILE2,Call Center Internal,9/14/2015,9/17/2015,3,3697.00
Bowflex Max Trainer,Electronic - UnSourced,CAM44626 1800BOWFLEX_BMT,Call Center Internal,9/14/2015,9/17/2015,4,6396.00
Bowflex Max Trainer,Online Search,CAM45009 dosg2eml1,Call Center Internal,9/14/2015,9/17/2015,1,1499.00
Bowflex Max Trainer,Un-Sourced,CAM45327 1800MAXTRAINER,Call Center Internal,9/14/2015,9/17/2015,13,18227.60
Bowflex Max Trainer,Online Social,CAM47172 DOXFBEGL1,Call Center Internal,9/14/2015,9/17/2015,1,1599.00
Bowflex Max Trainer,Short Form,CAM47192 SUNDN120HAMBYTIC,Call Center Internal,9/14/2015,9/17/2015,1,1499.00
Bowflex Max Trainer,Short Form,CAM47195 SPKEN120HAMBYTIC,Call Center Internal,9/14/2015,9/17/2015,2,3198.00
Bowflex Max Trainer,Online Display,CAM47239 SAWDODCTOE,Call Center Internal,9/14/2015,9/17/2015,1,1449.00
Bowflex Max Trainer,Short Form,CAM48041 RS**L120HAMBYTIC,Call Center Internal,9/14/2015,9/17/2015,1,1499.00
Bowflex Max Trainer,Electronic - Short Form,CAM44172 dseesf14a,Web,9/14/2015,9/17/2015,2,2598.00
Bowflex Max Trainer,Electronic - Short Form,CAM44191 dseesf14d,Web,9/14/2015,9/17/2015,3,3022.95
Bowflex Max Trainer,Online Search,CAM44429 dosbiesl1,Web,9/14/2015,9/17/2015,5,6395.00
Bowflex Max Trainer,Electronic - UnSourced,CAM44433 dege1sitemx,Web,9/14/2015,9/17/2015,5,8145.00
Bowflex Max Trainer,Online Search,CAM44435 dosg2egl1mx,Web,9/14/2015,9/17/2015,4,5809.73
Bowflex Max Trainer,Online Search,CAM44497 dosg2esl1,Web,9/14/2015,9/17/2015,8,10491.00
Bowflex Max Trainer,Online Search,CAM44520 dosbiegl1mx,Web,9/14/2015,9/17/2015,2,3098.00
Bowflex Max Trainer,Online Shopping,CAM44887 dofg2efeed1,Web,9/14/2015,9/17/2015,10,15290.00
Bowflex Max Trainer,Online Shopping,CAM44897 dofpgefeed1,Web,9/14/2015,9/17/2015,2,3198.00
Bowflex Max Trainer,Online Search,CAM44952 dosbieml1,Web,9/14/2015,9/17/2015,1,1599.00
Bowflex Max Trainer,Online Search,CAM45009 dosg2eml1,Web,9/14/2015,9/17/2015,2,3348.00
Bowflex Max Trainer,Electronic - Short Form,CAM45388 DSEESF14F,Web,9/14/2015,9/17/2015,1,1499.00
Bowflex Max Trainer,Online Search,CAM45730 DOSG2ESL7,Web,9/14/2015,9/17/2015,3,4797.00
Bowflex Max Trainer,Online Search,CAM45732 DOSBIESL7,Web,9/14/2015,9/17/2015,1,1599.00
Bowflex Max Trainer,Electronic - Short Form,CAM45798 DSEESF14H,Web,9/14/2015,9/17/2015,2,2198.00
Bowflex Max Trainer,Online Search,CAM47152 DOSBIESL8,Web,9/14/2015,9/17/2015,1,1749.00
Bowflex Max Trainer,Online Display,CAM47251 DODCTOEDL2,Web,9/14/2015,9/17/2015,9,12891.00
Bowflex Max Trainer,Online Social,CAM47987 DOXFBESCL001,Web,9/14/2015,9/17/2015,1,1599.00
Bowflex Max Trainer,Online Social,CAM48003 DOXFBECAD2,Web,9/14/2015,9/17/2015,1,1099.00
Bowflex Max Trainer,Online Social,CAM48050 DOXFBESCL005,Web,9/14/2015,9/17/2015,3,4797.00
Bowflex Max Trainer,Electronic - Short Form,CAM44215 SAWDSEESF14A,Call Center Internal,9/14/2015,9/18/2015,1,1499.00
Bowflex Max Trainer,Online Search,CAM44223 SAWDOSBIE,Call Center Internal,9/14/2015,9/18/2015,2,2596.80
Bowflex Max Trainer,Online Search,CAM44230 SAWDOSG2E,Call Center Internal,9/14/2015,9/18/2015,1,1499.00
Bowflex Max Trainer,Electronic - UnSourced,CAM44236 SAWMAX,Call Center Internal,9/14/2015,9/18/2015,8,11712.30
Bowflex Max Trainer,Online Search,CAM44497 dosg2esl1,Call Center Internal,9/14/2015,9/18/2015,1,1599.00
Bowflex Max Trainer,Electronic - UnSourced,CAM44626 1800BOWFLEX_BMT,Call Center Internal,9/14/2015,9/18/2015,4,6096.00
Bowflex Max Trainer,Online Shopping,CAM45043 SAWDOFG2E,Call Center Internal,9/14/2015,9/18/2015,4,6296.00
Bowflex Max Trainer,Un-Sourced,CAM45327 1800MAXTRAINER,Call Center Internal,9/14/2015,9/18/2015,13,18927.60
Bowflex Max Trainer,Online Display,CAM47239 SAWDODCTOE,Call Center Internal,9/14/2015,9/18/2015,3,4697.00
Bowflex Max Trainer,Short Form,CAM47950 DISNN60*HAMF*TIC,Call Center Internal,9/14/2015,9/18/2015,1,1099.00
Bowflex Max Trainer,Short Form,CAM47951 DIRNN60*HAMF*TIC,Call Center Internal,9/14/2015,9/18/2015,1,1599.00
Bowflex Max Trainer,Electronic - Short Form,CAM44172 dseesf14a,Web,9/14/2015,9/18/2015,4,6096.00
Bowflex Max Trainer,Online Search,CAM44429 dosbiesl1,Web,9/14/2015,9/18/2015,2,3198.00
Bowflex Max Trainer,Electronic - UnSourced,CAM44433 dege1sitemx,Web,9/14/2015,9/18/2015,13,18487.00
Bowflex Max Trainer,Online Search,CAM44435 dosg2egl1mx,Web,9/14/2015,9/18/2015,4,5696.00
Bowflex Max Trainer,Online Search,CAM44497 dosg2esl1,Web,9/14/2015,9/18/2015,11,15189.00
Bowflex Max Trainer,Online Search,CAM44520 dosbiegl1mx,Web,9/14/2015,9/18/2015,2,2598.00
Bowflex Max Trainer,Online Shopping,CAM44887 dofg2efeed1,Web,9/14/2015,9/18/2015,10,14640.00
Bowflex Max Trainer,Online Shopping,CAM44897 dofpgefeed1,Web,9/14/2015,9/18/2015,1,1099.00
Bowflex Max Trainer,Online Search,CAM44952 dosbieml1,Web,9/14/2015,9/18/2015,1,1599.00
Bowflex Max Trainer,Online Search,CAM45009 dosg2eml1,Web,9/14/2015,9/18/2015,1,1599.00
Bowflex Max Trainer,Online Search,CAM45729 DOSG2ESL6,Web,9/14/2015,9/18/2015,1,1599.00
Bowflex Max Trainer,Electronic - Short Form,CAM45798 DSEESF14H,Web,9/14/2015,9/18/2015,2,2998.00
Bowflex Max Trainer,Online Search,CAM47150 DOSG2ESL9,Web,9/14/2015,9/18/2015,2,2698.00
Bowflex Max Trainer,Online Search,CAM47151 DOSG2EML2,Web,9/14/2015,9/18/2015,1,1599.00
Bowflex Max Trainer,Online Display,CAM47251 DODCTOEDL2,Web,9/14/2015,9/18/2015,3,4947.00
Bowflex Max Trainer,Online Social,CAM47987 DOXFBESCL001,Web,9/14/2015,9/18/2015,3,4297.00
Bowflex Max Trainer,Online Social,CAM48003 DOXFBECAD2,Web,9/14/2015,9/18/2015,1,1599.00
Bowflex Max Trainer,Online Search,CAM44223 SAWDOSBIE,Call Center Internal,9/14/2015,9/19/2015,3,4597.00
Bowflex Max Trainer,Online Search,CAM44230 SAWDOSG2E,Call Center Internal,9/14/2015,9/19/2015,3,4297.00
Bowflex Max Trainer,Electronic - UnSourced,CAM44236 SAWMAX,Call Center Internal,9/14/2015,9/19/2015,13,17712.95
Bowflex Max Trainer,Electronic - UnSourced,CAM44626 1800BOWFLEX_BMT,Call Center Internal,9/14/2015,9/19/2015,2,2598.00
Bowflex Max Trainer,Online Shopping,CAM44887 dofg2efeed1,Call Center Internal,9/14/2015,9/19/2015,1,1499.00
Bowflex Max Trainer,Online Shopping,CAM45043 SAWDOFG2E,Call Center Internal,9/14/2015,9/19/2015,1,1099.00
Bowflex Max Trainer,Un-Sourced,CAM45327 1800MAXTRAINER,Call Center Internal,9/14/2015,9/19/2015,9,13431.10
Bowflex Max Trainer,Short Form,CAM47191 DTVSN60*HAMF*TIC,Call Center Internal,9/14/2015,9/19/2015,1,1099.00
Bowflex Max Trainer,Online Video,CAM47238 SAWDOVTME,Call Center Internal,9/14/2015,9/19/2015,1,1599.00
Bowflex Max Trainer,Online Display,CAM47239 SAWDODCTOE,Call Center Internal,9/14/2015,9/19/2015,1,1499.00
Bowflex Max Trainer,Short Form,CAM47950 DISNN60*HAMF*TIC,Call Center Internal,9/14/2015,9/19/2015,1,1499.00
Bowflex Max Trainer,Electronic - UnSourced,CAM44236 SAWMAX,Third Party Call Center - Evolve,9/14/2015,9/19/2015,1,880.59
Bowflex Max Trainer,Electronic - Short Form,CAM44172 dseesf14a,Web,9/14/2015,9/19/2015,3,4097.00
Bowflex Max Trainer,Online Search,CAM44429 dosbiesl1,Web,9/14/2015,9/19/2015,5,8045.00
Bowflex Max Trainer,Electronic - UnSourced,CAM44433 dege1sitemx,Web,9/14/2015,9/19/2015,11,16639.00
Bowflex Max Trainer,Online Search,CAM44435 dosg2egl1mx,Web,9/14/2015,9/19/2015,6,9094.00
Bowflex Max Trainer,Online Search,CAM44497 dosg2esl1,Web,9/14/2015,9/19/2015,18,25882.00
Bowflex Max Trainer,Online Search,CAM44520 dosbiegl1mx,Web,9/14/2015,9/19/2015,6,9094.00
Bowflex Max Trainer,Online Search,CAM44531 dosbiesl2,Web,9/14/2015,9/19/2015,1,1099.00
Bowflex Max Trainer,Online Shopping,CAM44887 dofg2efeed1,Web,9/14/2015,9/19/2015,11,14539.00
Bowflex Max Trainer,Online Shopping,CAM44897 dofpgefeed1,Web,9/14/2015,9/19/2015,1,1599.00
Bowflex Max Trainer,Online Video,CAM44987 dovg2evl2,Web,9/14/2015,9/19/2015,1,1599.00
Bowflex Max Trainer,Online Search,CAM45009 dosg2eml1,Web,9/14/2015,9/19/2015,3,4197.00
Bowflex Max Trainer,Online Search,CAM45730 DOSG2ESL7,Web,9/14/2015,9/19/2015,4,6196.00
Bowflex Max Trainer,Electronic - Short Form,CAM45798 DSEESF14H,Web,9/14/2015,9/19/2015,1,1499.00
Bowflex Max Trainer,Electronic - Short Form,CAM45799 DSEESF14I,Web,9/14/2015,9/19/2015,1,1499.00
Bowflex Max Trainer,Online Search,CAM47150 DOSG2ESL9,Web,9/14/2015,9/19/2015,2,2698.00
Bowflex Max Trainer,Online Search,CAM47151 DOSG2EML2,Web,9/14/2015,9/19/2015,1,1749.00
Bowflex Max Trainer,Online Search,CAM47152 DOSBIESL8,Web,9/14/2015,9/19/2015,1,1599.00
Bowflex Max Trainer,Online Display,CAM47251 DODCTOEDL2,Web,9/14/2015,9/19/2015,6,9144.00
Bowflex Max Trainer,Online Video,CAM47606 DOVHULUEVL5,Web,9/14/2015,9/19/2015,1,1599.00
Bowflex Max Trainer,Online Search,CAM44223 SAWDOSBIE,Call Center Internal,9/14/2015,9/20/2015,1,1499.00
Bowflex Max Trainer,Online Search,CAM44230 SAWDOSG2E,Call Center Internal,9/14/2015,9/20/2015,7,10093.00
Bowflex Max Trainer,Electronic - UnSourced,CAM44236 SAWMAX,Call Center Internal,9/14/2015,9/20/2015,4,6096.00
Bowflex Max Trainer,Electronic - UnSourced,CAM44626 1800BOWFLEX_BMT,Call Center Internal,9/14/2015,9/20/2015,2,2698.00
Bowflex Max Trainer,Un-Sourced,CAM45327 1800MAXTRAINER,Call Center Internal,9/14/2015,9/20/2015,9,12661.30
Bowflex Max Trainer,Short Form,CAM47835 SUNDN180HAMF*TIC,Call Center Internal,9/14/2015,9/20/2015,1,1099.00
Bowflex Max Trainer,Online Search,CAM44230 SAWDOSG2E,Third Party Call Center - Evolve,9/14/2015,9/20/2015,1,1599.00
Bowflex Max Trainer,Online Shopping,CAM45043 SAWDOFG2E,Third Party Call Center - Evolve,9/14/2015,9/20/2015,1,999.00
Bowflex Max Trainer,Electronic - Short Form,CAM44191 dseesf14d,Web,9/14/2015,9/20/2015,1,1499.00
Bowflex Max Trainer,Online Search,CAM44429 dosbiesl1,Web,9/14/2015,9/20/2015,4,6546.00
Bowflex Max Trainer,Electronic - UnSourced,CAM44433 dege1sitemx,Web,9/14/2015,9/20/2015,36,31133.63
Bowflex Max Trainer,Online Search,CAM44435 dosg2egl1mx,Web,9/14/2015,9/20/2015,6,8994.00
Bowflex Max Trainer,Online Search,CAM44497 dosg2esl1,Web,9/14/2015,9/20/2015,12,18038.00
Bowflex Max Trainer,Online Search,CAM44520 dosbiegl1mx,Web,9/14/2015,9/20/2015,2,3348.00
Bowflex Max Trainer,Online Shopping,CAM44887 dofg2efeed1,Web,9/14/2015,9/20/2015,12,15651.73
Bowflex Max Trainer,Online Shopping,CAM44897 dofpgefeed1,Web,9/14/2015,9/20/2015,1,1012.73
Bowflex Max Trainer,Online Search,CAM45009 dosg2eml1,Web,9/14/2015,9/20/2015,4,5896.00
Bowflex Max Trainer,Electronic - Short Form,CAM45387 DSEESF14E,Web,9/14/2015,9/20/2015,1,1499.00
Bowflex Max Trainer,Online Search,CAM45730 DOSG2ESL7,Web,9/14/2015,9/20/2015,5,7895.00
Bowflex Max Trainer,Online Search,CAM45732 DOSBIESL7,Web,9/14/2015,9/20/2015,2,3248.00
Bowflex Max Trainer,Online Search,CAM47150 DOSG2ESL9,Web,9/14/2015,9/20/2015,4,6396.00
Bowflex Max Trainer,Online Search,CAM47151 DOSG2EML2,Web,9/14/2015,9/20/2015,3,4097.00
Bowflex Max Trainer,Online Search,CAM47152 DOSBIESL8,Web,9/14/2015,9/20/2015,3,4197.00
Bowflex Max Trainer,Online Video,CAM47248 DOVTMEVL1,Web,9/14/2015,9/20/2015,3,4297.00
Bowflex Max Trainer,Online Display,CAM47251 DODCTOEDL2,Web,9/14/2015,9/20/2015,5,7995.00
Bowflex Max Trainer,Online Video,CAM47606 DOVHULUEVL5,Web,9/14/2015,9/20/2015,1,1099.00
Bowflex Max Trainer,Online Social,CAM47987 DOXFBESCL001,Web,9/14/2015,9/20/2015,1,999.00
Bowflex Max Trainer,Online Social,CAM48003 DOXFBECAD2,Web,9/14/2015,9/20/2015,1,1499.00
Bowflex Max Trainer,Electronic - Short Form,CAM44215 SAWDSEESF14A,Call Center Internal,9/21/2015,9/21/2015,1,29.90
Bowflex Max Trainer,Online Search,CAM44223 SAWDOSBIE,Call Center Internal,9/21/2015,9/21/2015,1,1599.00
Bowflex Max Trainer,Online Search,CAM44230 SAWDOSG2E,Call Center Internal,9/21/2015,9/21/2015,9,11975.90
Bowflex Max Trainer,Electronic - UnSourced,CAM44236 SAWMAX,Call Center Internal,9/21/2015,9/21/2015,10,14790.00
Bowflex Max Trainer,Online Search,CAM44539 SAWDOSG2EMOBILE2,Call Center Internal,9/21/2015,9/21/2015,1,1099.00
Bowflex Max Trainer,Electronic - UnSourced,CAM44626 1800BOWFLEX_BMT,Call Center Internal,9/21/2015,9/21/2015,12,16938.00
Bowflex Max Trainer,Online Shopping,CAM45043 SAWDOFG2E,Call Center Internal,9/21/2015,9/21/2015,1,1599.00
Bowflex Max Trainer,Un-Sourced,CAM45327 1800MAXTRAINER,Call Center Internal,9/21/2015,9/21/2015,28,30708.90
Bowflex Max Trainer,Short Form,CAM47192 SUNDN120HAMBYTIC,Call Center Internal,9/21/2015,9/21/2015,1,1499.00
Bowflex Max Trainer,Short Form,CAM47363 VEL*N180HAMF*TIC,Call Center Internal,9/21/2015,9/21/2015,1,1499.00
Bowflex Max Trainer,Online Display,CAM47239 SAWDODCTOE,Third Party Call Center - Evolve,9/21/2015,9/21/2015,1,999.00
Bowflex Max Trainer,Electronic - Short Form,CAM44172 dseesf14a,Web,9/21/2015,9/21/2015,2,2998.00
Bowflex Max Trainer,Online Search,CAM44429 dosbiesl1,Web,9/21/2015,9/21/2015,11,16539.00
Bowflex Max Trainer,Electronic - UnSourced,CAM44433 dege1sitemx,Web,9/21/2015,9/21/2015,14,18486.00
Bowflex Max Trainer,Online Search,CAM44435 dosg2egl1mx,Web,9/21/2015,9/21/2015,5,6995.00
Bowflex Max Trainer,Online Search,CAM44497 dosg2esl1,Web,9/21/2015,9/21/2015,12,17988.00
Bowflex Max Trainer,Online Search,CAM44520 dosbiegl1mx,Web,9/21/2015,9/21/2015,3,4797.00
Bowflex Max Trainer,Online Shopping,CAM44887 dofg2efeed1,Web,9/21/2015,9/21/2015,14,20336.00
Bowflex Max Trainer,Online Shopping,CAM44897 dofpgefeed1,Web,9/21/2015,9/21/2015,2,2098.00
Bowflex Max Trainer,Online Search,CAM44952 dosbieml1,Web,9/21/2015,9/21/2015,2,2198.00
Bowflex Max Trainer,Online Search,CAM45009 dosg2eml1,Web,9/21/2015,9/21/2015,1,1599.00
Bowflex Max Trainer,Online Search,CAM45729 DOSG2ESL6,Web,9/21/2015,9/21/2015,1,999.00
Bowflex Max Trainer,Online Search,CAM45730 DOSG2ESL7,Web,9/21/2015,9/21/2015,5,7295.00
Bowflex Max Trainer,Online Search,CAM45732 DOSBIESL7,Web,9/21/2015,9/21/2015,1,1599.00
Bowflex Max Trainer,Online Display,CAM45736 DODRFEDL3,Web,9/21/2015,9/21/2015,2,2698.00
Bowflex Max Trainer,Online Search,CAM47150 DOSG2ESL9,Web,9/21/2015,9/21/2015,4,5946.00
Bowflex Max Trainer,Online Search,CAM47152 DOSBIESL8,Web,9/21/2015,9/21/2015,1,1599.00
Bowflex Max Trainer,Online Display,CAM47251 DODCTOEDL2,Web,9/21/2015,9/21/2015,6,8094.00
Bowflex Max Trainer,Online Social,CAM48050 DOXFBESCL005,Web,9/21/2015,9/21/2015,2,3348.00
Bowflex Max Trainer,Online Social,CAM48129 DOXFBEIWWT2015MX,Web,9/21/2015,9/21/2015,1,1599.00
Bowflex Max Trainer,Online Search,CAM44223 SAWDOSBIE,Call Center Internal,9/21/2015,9/22/2015,2,2598.00
Bowflex Max Trainer,Online Search,CAM44230 SAWDOSG2E,Call Center Internal,9/21/2015,9/22/2015,4,6296.00
Bowflex Max Trainer,Electronic - UnSourced,CAM44236 SAWMAX,Call Center Internal,9/21/2015,9/22/2015,9,11691.00
Bowflex Max Trainer,Online Search,CAM44520 dosbiegl1mx,Call Center Internal,9/21/2015,9/22/2015,1,1599.00
Bowflex Max Trainer,Online Social,CAM44544 SAWDOXFBE,Call Center Internal,9/21/2015,9/22/2015,1,1599.00
Bowflex Max Trainer,Electronic - UnSourced,CAM44626 1800BOWFLEX_BMT,Call Center Internal,9/21/2015,9/22/2015,4,5696.00
Bowflex Max Trainer,Un-Sourced,CAM45327 1800MAXTRAINER,Call Center Internal,9/21/2015,9/22/2015,12,18678.40
Bowflex Max Trainer,Online Search,CAM45730 DOSG2ESL7,Call Center Internal,9/21/2015,9/22/2015,1,1499.00
Bowflex Max Trainer,Electronic - Short Form,CAM45798 DSEESF14H,Call Center Internal,9/21/2015,9/22/2015,1,1489.00
Bowflex Max Trainer,Online Social,CAM45898 DOXFBERESPONSE,Call Center Internal,9/21/2015,9/22/2015,1,1119.30
Bowflex Max Trainer,Online Display,CAM45900 SAWDODADCE,Call Center Internal,9/21/2015,9/22/2015,1,1099.00
Bowflex Max Trainer,Short Form,CAM47197 IFC*N120HAMBYTIC,Call Center Internal,9/21/2015,9/22/2015,1,1599.00
Bowflex Max Trainer,Online Social,CAM48003 DOXFBECAD2,Call Center Internal,9/21/2015,9/22/2015,1,1099.00
Bowflex Max Trainer,Online Social,CAM48003 DOXFBECAD2,Third Party Call Center - Evolve,9/21/2015,9/22/2015,1,1599.00
Bowflex Max Trainer,Electronic - Short Form,CAM44172 dseesf14a,Web,9/21/2015,9/22/2015,3,4497.00
Bowflex Max Trainer,Electronic - Short Form,CAM44191 dseesf14d,Web,9/21/2015,9/22/2015,2,3098.00
Bowflex Max Trainer,Online Search,CAM44429 dosbiesl1,Web,9/21/2015,9/22/2015,13,18762.95
Bowflex Max Trainer,Electronic - UnSourced,CAM44433 dege1sitemx,Web,9/21/2015,9/22/2015,15,21385.00
Bowflex Max Trainer,Online Search,CAM44435 dosg2egl1mx,Web,9/21/2015,9/22/2015,7,11493.00
Bowflex Max Trainer,Online Search,CAM44497 dosg2esl1,Web,9/21/2015,9/22/2015,13,18037.00
Bowflex Max Trainer,Online Search,CAM44520 dosbiegl1mx,Web,9/21/2015,9/22/2015,3,3697.00
Bowflex Max Trainer,Online Search,CAM44565 dosbiesl5,Web,9/21/2015,9/22/2015,2,2698.00
Bowflex Max Trainer,Online Shopping,CAM44887 dofg2efeed1,Web,9/21/2015,9/22/2015,17,24458.95
Bowflex Max Trainer,Online Search,CAM45009 dosg2eml1,Web,9/21/2015,9/22/2015,2,2598.00
Bowflex Max Trainer,Online Search,CAM45730 DOSG2ESL7,Web,9/21/2015,9/22/2015,2,3198.00
Bowflex Max Trainer,Online Search,CAM45732 DOSBIESL7,Web,9/21/2015,9/22/2015,1,1599.00
Bowflex Max Trainer,Online Display,CAM45736 DODRFEDL3,Web,9/21/2015,9/22/2015,1,1099.00
Bowflex Max Trainer,Electronic - Short Form,CAM45798 DSEESF14H,Web,9/21/2015,9/22/2015,2,2598.00
Bowflex Max Trainer,Online Search,CAM47150 DOSG2ESL9,Web,9/21/2015,9/22/2015,1,1599.00
Bowflex Max Trainer,Online Video,CAM47248 DOVTMEVL1,Web,9/21/2015,9/22/2015,2,3198.00
Bowflex Max Trainer,Online Display,CAM47251 DODCTOEDL2,Web,9/21/2015,9/22/2015,2,3348.00
Bowflex Max Trainer,Online Social,CAM47987 DOXFBESCL001,Web,9/21/2015,9/22/2015,2,3198.00
Bowflex Max Trainer,Electronic - Short Form,CAM44218 SAWDSEESF14D,Call Center Internal,9/21/2015,9/23/2015,2,3198.00
Bowflex Max Trainer,Online Search,CAM44223 SAWDOSBIE,Call Center Internal,9/21/2015,9/23/2015,2,3098.00
Bowflex Max Trainer,Online Search,CAM44230 SAWDOSG2E,Call Center Internal,9/21/2015,9/23/2015,3,4597.00
Bowflex Max Trainer,Electronic - UnSourced,CAM44236 SAWMAX,Call Center Internal,9/21/2015,9/23/2015,10,15690.10
Bowflex Max Trainer,Online Search,CAM44428 SAWDOSG2EMOBILE,Call Center Internal,9/21/2015,9/23/2015,1,1499.00
Bowflex Max Trainer,Electronic - UnSourced,CAM44626 1800BOWFLEX_BMT,Call Center Internal,9/21/2015,9/23/2015,10,13090.00
Bowflex Max Trainer,Online Shopping,CAM45043 SAWDOFG2E,Call Center Internal,9/21/2015,9/23/2015,3,4497.00
Bowflex Max Trainer,Un-Sourced,CAM45327 1800MAXTRAINER,Call Center Internal,9/21/2015,9/23/2015,15,20219.03
Bowflex Max Trainer,Short Form,CAM47197 IFC*N120HAMBYTIC,Call Center Internal,9/21/2015,9/23/2015,1,1119.30
Bowflex Max Trainer,Online Display,CAM47239 SAWDODCTOE,Call Center Internal,9/21/2015,9/23/2015,3,4797.00
Bowflex Max Trainer,Short Form,CAM47362 H2**N180HAMF*TIC,Call Center Internal,9/21/2015,9/23/2015,1,1599.00
Bowflex Max Trainer,Short Form,CAM47363 VEL*N180HAMF*TIC,Call Center Internal,9/21/2015,9/23/2015,1,1248.00
Bowflex Max Trainer,Short Form,CAM47385 RELZ*N120HAMBYTIC,Call Center Internal,9/21/2015,9/23/2015,1,1599.00
Bowflex Max Trainer,Short Form,CAM47393 PIVTN180HAMF*TIC,Call Center Internal,9/21/2015,9/23/2015,1,1599.00
Bowflex Max Trainer,Short Form,CAM47528 FOX*NVODHAMF*TIC,Call Center Internal,9/21/2015,9/23/2015,1,999.00
Bowflex Max Trainer,Short Form,CAM47950 DISNN60*HAMF*TIC,Call Center Internal,9/21/2015,9/23/2015,1,1599.00
Bowflex Max Trainer,Online Shopping,CAM45043 SAWDOFG2E,Third Party Call Center - Evolve,9/21/2015,9/23/2015,1,1499.00
Bowflex Max Trainer,Electronic - Short Form,CAM44172 dseesf14a,Web,9/21/2015,9/23/2015,4,5596.00
Bowflex Max Trainer,Online Search,CAM44429 dosbiesl1,Web,9/21/2015,9/23/2015,6,7519.95
Bowflex Max Trainer,Electronic - UnSourced,CAM44433 dege1sitemx,Web,9/21/2015,9/23/2015,7,11193.00
Bowflex Max Trainer,Online Search,CAM44435 dosg2egl1mx,Web,9/21/2015,9/23/2015,4,6546.00
Bowflex Max Trainer,Online Search,CAM44436 dosg2esl2,Web,9/21/2015,9/23/2015,1,1599.00
Bowflex Max Trainer,Online Search,CAM44497 dosg2esl1,Web,9/21/2015,9/23/2015,5,6945.00
Bowflex Max Trainer,Online Search,CAM44520 dosbiegl1mx,Web,9/21/2015,9/23/2015,2,2848.00
Bowflex Max Trainer,Online Search,CAM44560 dosg2esl5,Web,9/21/2015,9/23/2015,2,3348.00
Bowflex Max Trainer,Online Search,CAM44564 dosbiesl4,Web,9/21/2015,9/23/2015,1,1449.00
Bowflex Max Trainer,Online Shopping,CAM44887 dofg2efeed1,Web,9/21/2015,9/23/2015,10,14990.00
Bowflex Max Trainer,Online Search,CAM44952 dosbieml1,Web,9/21/2015,9/23/2015,1,1599.00
Bowflex Max Trainer,Online Search,CAM45009 dosg2eml1,Web,9/21/2015,9/23/2015,5,7245.00
Bowflex Max Trainer,Online Search,CAM45729 DOSG2ESL6,Web,9/21/2015,9/23/2015,1,1499.00
Bowflex Max Trainer,Online Search,CAM45730 DOSG2ESL7,Web,9/21/2015,9/23/2015,3,4797.00
Bowflex Max Trainer,Online Search,CAM45732 DOSBIESL7,Web,9/21/2015,9/23/2015,1,1599.00
Bowflex Max Trainer,Electronic - Short Form,CAM45798 DSEESF14H,Web,9/21/2015,9/23/2015,1,1499.00
Bowflex Max Trainer,Online Search,CAM47150 DOSG2ESL9,Web,9/21/2015,9/23/2015,3,2722.95
Bowflex Max Trainer,Online Search,CAM47152 DOSBIESL8,Web,9/21/2015,9/23/2015,3,3297.00
Bowflex Max Trainer,Online Search,CAM47153 DOSBIEML2,Web,9/21/2015,9/23/2015,1,1099.00
Bowflex Max Trainer,Online Video,CAM47248 DOVTMEVL1,Web,9/21/2015,9/23/2015,1,1599.00
Bowflex Max Trainer,Online Display,CAM47251 DODCTOEDL2,Web,9/21/2015,9/23/2015,6,8094.00
Bowflex Max Trainer,Online Search,CAM44230 SAWDOSG2E,Call Center Internal,9/21/2015,9/24/2015,3,4097.00
Bowflex Max Trainer,Electronic - UnSourced,CAM44236 SAWMAX,Call Center Internal,9/21/2015,9/24/2015,9,13930.10
Bowflex Max Trainer,Online Search,CAM44539 SAWDOSG2EMOBILE2,Call Center Internal,9/21/2015,9/24/2015,1,1599.00
Bowflex Max Trainer,Online Social,CAM44544 SAWDOXFBE,Call Center Internal,9/21/2015,9/24/2015,1,999.00
Bowflex Max Trainer,Electronic - UnSourced,CAM44626 1800BOWFLEX_BMT,Call Center Internal,9/21/2015,9/24/2015,15,17254.30
Bowflex Max Trainer,Online Shopping,CAM45043 SAWDOFG2E,Call Center Internal,9/21/2015,9/24/2015,2,2698.00
Bowflex Max Trainer,Un-Sourced,CAM45327 1800MAXTRAINER,Call Center Internal,9/21/2015,9/24/2015,22,30604.34
Bowflex Max Trainer,Short Form,CAM47195 SPKEN120HAMBYTIC,Call Center Internal,9/21/2015,9/24/2015,1,1499.00
Bowflex Max Trainer,Short Form,CAM47950 DISNN60*HAMF*TIC,Call Center Internal,9/21/2015,9/24/2015,1,1099.00
Bowflex Max Trainer,Electronic - Short Form,CAM44172 dseesf14a,Web,9/21/2015,9/24/2015,4,6246.00
Bowflex Max Trainer,Electronic - Short Form,CAM44191 dseesf14d,Web,9/21/2015,9/24/2015,1,1499.00
Bowflex Max Trainer,Online Search,CAM44429 dosbiesl1,Web,9/21/2015,9/24/2015,4,4796.00
Bowflex Max Trainer,Electronic - UnSourced,CAM44433 dege1sitemx,Web,9/21/2015,9/24/2015,8,11592.00
Bowflex Max Trainer,Online Search,CAM44435 dosg2egl1mx,Web,9/21/2015,9/24/2015,4,4896.00
Bowflex Max Trainer,Online Search,CAM44497 dosg2esl1,Web,9/21/2015,9/24/2015,7,9543.00
Bowflex Max Trainer,Online Search,CAM44520 dosbiegl1mx,Web,9/21/2015,9/24/2015,2,2611.73
Bowflex Max Trainer,Online Search,CAM44560 dosg2esl5,Web,9/21/2015,9/24/2015,2,2698.00
Bowflex Max Trainer,Online Shopping,CAM44887 dofg2efeed1,Web,9/21/2015,9/24/2015,8,11842.00
Bowflex Max Trainer,Online Search,CAM45009 dosg2eml1,Web,9/21/2015,9/24/2015,1,1599.00
Bowflex Max Trainer,Online Search,CAM45729 DOSG2ESL6,Web,9/21/2015,9/24/2015,1,1099.00
Bowflex Max Trainer,Online Search,CAM45730 DOSG2ESL7,Web,9/21/2015,9/24/2015,1,1599.00
Bowflex Max Trainer,Online Display,CAM45736 DODRFEDL3,Web,9/21/2015,9/24/2015,1,1099.00
Bowflex Max Trainer,Online Social,CAM45898 DOXFBERESPONSE,Web,9/21/2015,9/24/2015,1,1099.00
Bowflex Max Trainer,Online Search,CAM47151 DOSG2EML2,Web,9/21/2015,9/24/2015,1,1599.00
Bowflex Max Trainer,Online Display,CAM47251 DODCTOEDL2,Web,9/21/2015,9/24/2015,5,7495.00
Bowflex Max Trainer,Online Social,CAM47987 DOXFBESCL001,Web,9/21/2015,9/24/2015,2,3098.00
Bowflex Max Trainer,Online Social,CAM48049 DOXFBESCL004,Web,9/21/2015,9/24/2015,1,1499.00
Bowflex Max Trainer,Online Social,CAM48050 DOXFBESCL005,Web,9/21/2015,9/24/2015,1,1599.00
Bowflex Max Trainer,Online Search,CAM44223 SAWDOSBIE,Call Center Internal,9/21/2015,9/25/2015,1,1099.00
Bowflex Max Trainer,Online Search,CAM44230 SAWDOSG2E,Call Center Internal,9/21/2015,9/25/2015,8,10692.00
Bowflex Max Trainer,Electronic - UnSourced,CAM44236 SAWMAX,Call Center Internal,9/21/2015,9/25/2015,7,9813.30
Bowflex Max Trainer,Online Search,CAM44539 SAWDOSG2EMOBILE2,Call Center Internal,9/21/2015,9/25/2015,1,999.00
Bowflex Max Trainer,Electronic - UnSourced,CAM44626 1800BOWFLEX_BMT,Call Center Internal,9/21/2015,9/25/2015,5,7784.00
Bowflex Max Trainer,Online Shopping,CAM45043 SAWDOFG2E,Call Center Internal,9/21/2015,9/25/2015,2,3098.00
Bowflex Max Trainer,Un-Sourced,CAM45327 1800MAXTRAINER,Call Center Internal,9/21/2015,9/25/2015,7,10793.00
Bowflex Max Trainer,Electronic - UnSourced,CAM45699 SAWICAEEMAX,Call Center Internal,9/21/2015,9/25/2015,1,1499.00
Bowflex Max Trainer,Short Form,CAM47393 PIVTN180HAMF*TIC,Call Center Internal,9/21/2015,9/25/2015,2,2718.30
Bowflex Max Trainer,Electronic - UnSourced,CAM44236 SAWMAX,Third Party Call Center - Evolve,9/21/2015,9/25/2015,1,1499.00
Bowflex Max Trainer,Electronic - Short Form,CAM44172 dseesf14a,Web,9/21/2015,9/25/2015,2,2598.00
Bowflex Max Trainer,Online Search,CAM44429 dosbiesl1,Web,9/21/2015,9/25/2015,5,6808.73
Bowflex Max Trainer,Electronic - UnSourced,CAM44433 dege1sitemx,Web,9/21/2015,9/25/2015,10,15688.81
Bowflex Max Trainer,Online Search,CAM44435 dosg2egl1mx,Web,9/21/2015,9/25/2015,5,7995.00
Bowflex Max Trainer,Online Search,CAM44497 dosg2esl1,Web,9/21/2015,9/25/2015,14,20886.00
Bowflex Max Trainer,Online Search,CAM44520 dosbiegl1mx,Web,9/21/2015,9/25/2015,4,5796.00
Bowflex Max Trainer,Online Search,CAM44567 dosg2esl3,Web,9/21/2015,9/25/2015,1,1749.00
Bowflex Max Trainer,Online Shopping,CAM44887 dofg2efeed1,Web,9/21/2015,9/25/2015,11,15589.00
Bowflex Max Trainer,Online Shopping,CAM44897 dofpgefeed1,Web,9/21/2015,9/25/2015,1,1599.00
Bowflex Max Trainer,Online Search,CAM45009 dosg2eml1,Web,9/21/2015,9/25/2015,1,1749.00
Bowflex Max Trainer,Online Search,CAM45730 DOSG2ESL7,Web,9/21/2015,9/25/2015,2,3348.00
Bowflex Max Trainer,Online Search,CAM47150 DOSG2ESL9,Web,9/21/2015,9/25/2015,3,4459.73
Bowflex Max Trainer,Online Social,CAM47172 DOXFBEGL1,Web,9/21/2015,9/25/2015,1,1099.00
Bowflex Max Trainer,Online Display,CAM47251 DODCTOEDL2,Web,9/21/2015,9/25/2015,7,10343.00
Bowflex Max Trainer,Online Social,CAM47987 DOXFBESCL001,Web,9/21/2015,9/25/2015,1,1099.00
Bowflex Max Trainer,Online Social,CAM48048 DOXFBESCL003,Web,9/21/2015,9/25/2015,1,1099.00
Bowflex Max Trainer,Online Search,CAM44223 SAWDOSBIE,Call Center Internal,9/21/2015,9/26/2015,2,2718.30
Bowflex Max Trainer,Online Search,CAM44230 SAWDOSG2E,Call Center Internal,9/21/2015,9/26/2015,4,6296.00
Bowflex Max Trainer,Electronic - UnSourced,CAM44236 SAWMAX,Call Center Internal,9/21/2015,9/26/2015,5,7195.00
Bowflex Max Trainer,Electronic - UnSourced,CAM44433 dege1sitemx,Call Center Internal,9/21/2015,9/26/2015,1,1499.00
Bowflex Max Trainer,Online Search,CAM44435 dosg2egl1mx,Call Center Internal,9/21/2015,9/26/2015,1,1099.00
Bowflex Max Trainer,Electronic - UnSourced,CAM44626 1800BOWFLEX_BMT,Call Center Internal,9/21/2015,9/26/2015,5,5985.10
Bowflex Max Trainer,Online Shopping,CAM45045 SAWDOFPGE,Call Center Internal,9/21/2015,9/26/2015,1,1099.00
Bowflex Max Trainer,Un-Sourced,CAM45327 1800MAXTRAINER,Call Center Internal,9/21/2015,9/26/2015,2,3098.00
Bowflex Max Trainer,Online Display,CAM47239 SAWDODCTOE,Call Center Internal,9/21/2015,9/26/2015,2,3048.00
Bowflex Max Trainer,Online Search,CAM44230 SAWDOSG2E,Third Party Call Center - Evolve,9/21/2015,9/26/2015,1,1449.00
Bowflex Max Trainer,Electronic - Short Form,CAM44172 dseesf14a,Web,9/21/2015,9/26/2015,3,4747.00
Bowflex Max Trainer,Electronic - Short Form,CAM44213 dseesf14b,Web,9/21/2015,9/26/2015,1,1499.00
Bowflex Max Trainer,Online Search,CAM44429 dosbiesl1,Web,9/21/2015,9/26/2015,7,9893.00
Bowflex Max Trainer,Electronic - UnSourced,CAM44433 dege1sitemx,Web,9/21/2015,9/26/2015,11,16289.00
Bowflex Max Trainer,Online Search,CAM44435 dosg2egl1mx,Web,9/21/2015,9/26/2015,5,7795.00
Bowflex Max Trainer,Online Search,CAM44497 dosg2esl1,Web,9/21/2015,9/26/2015,6,9144.00
Bowflex Max Trainer,Online Search,CAM44520 dosbiegl1mx,Web,9/21/2015,9/26/2015,1,1599.00
Bowflex Max Trainer,Online Search,CAM44560 dosg2esl5,Web,9/21/2015,9/26/2015,1,1099.00
Bowflex Max Trainer,Online Shopping,CAM44887 dofg2efeed1,Web,9/21/2015,9/26/2015,16,23647.73
Bowflex Max Trainer,Online Shopping,CAM44897 dofpgefeed1,Web,9/21/2015,9/26/2015,1,1099.00
Bowflex Max Trainer,Online Search,CAM44952 dosbieml1,Web,9/21/2015,9/26/2015,3,4847.00
Bowflex Max Trainer,Online Search,CAM45009 dosg2eml1,Web,9/21/2015,9/26/2015,3,3222.95
Bowflex Max Trainer,Online Search,CAM45730 DOSG2ESL7,Web,9/21/2015,9/26/2015,1,1599.00
Bowflex Max Trainer,Electronic - Short Form,CAM45799 DSEESF14I,Web,9/21/2015,9/26/2015,1,1099.00
Bowflex Max Trainer,Online Search,CAM47150 DOSG2ESL9,Web,9/21/2015,9/26/2015,1,1099.00
Bowflex Max Trainer,Online Search,CAM47151 DOSG2EML2,Web,9/21/2015,9/26/2015,2,3348.00
Bowflex Max Trainer,Online Search,CAM47152 DOSBIESL8,Web,9/21/2015,9/26/2015,2,3198.00
Bowflex Max Trainer,Online Search,CAM47153 DOSBIEML2,Web,9/21/2015,9/26/2015,1,1095.18
Bowflex Max Trainer,Online Display,CAM47251 DODCTOEDL2,Web,9/21/2015,9/26/2015,3,4697.00
Bowflex Max Trainer,Online Display,CAM47941 DODFBKEDL6,Web,9/21/2015,9/26/2015,1,1599.00
Bowflex Max Trainer,Online Social,CAM47987 DOXFBESCL001,Web,9/21/2015,9/26/2015,5,8145.00
Bowflex Max Trainer,Online Social,CAM48048 DOXFBESCL003,Web,9/21/2015,9/26/2015,1,1499.00
Bowflex Max Trainer,Online Search,CAM44223 SAWDOSBIE,Call Center Internal,9/21/2015,9/27/2015,1,1499.00
Bowflex Max Trainer,Online Search,CAM44230 SAWDOSG2E,Call Center Internal,9/21/2015,9/27/2015,1,1449.00
Bowflex Max Trainer,Electronic - UnSourced,CAM44236 SAWMAX,Call Center Internal,9/21/2015,9/27/2015,9,13671.20
Bowflex Max Trainer,Short Form,CAM44534 ION*N120BFMAXTIC,Call Center Internal,9/21/2015,9/27/2015,1,1499.00
Bowflex Max Trainer,Online Search,CAM44539 SAWDOSG2EMOBILE2,Call Center Internal,9/21/2015,9/27/2015,1,1599.00
Bowflex Max Trainer,Electronic - UnSourced,CAM44626 1800BOWFLEX_BMT,Call Center Internal,9/21/2015,9/27/2015,3,4597.00
Bowflex Max Trainer,Online Shopping,CAM45043 SAWDOFG2E,Call Center Internal,9/21/2015,9/27/2015,2,3447.00
Bowflex Max Trainer,Un-Sourced,CAM45327 1800MAXTRAINER,Call Center Internal,9/21/2015,9/27/2015,5,7895.00
Bowflex Max Trainer,Short Form,CAM47336 TSN*C120HAMF*KST,Call Center Internal,9/21/2015,9/27/2015,1,1499.00
Bowflex Max Trainer,Electronic - Short Form,CAM44191 dseesf14d,Web,9/21/2015,9/27/2015,4,5596.00
Bowflex Max Trainer,Online Search,CAM44429 dosbiesl1,Web,9/21/2015,9/27/2015,5,5845.00
Bowflex Max Trainer,Electronic - UnSourced,CAM44433 dege1sitemx,Web,9/21/2015,9/27/2015,15,20184.00
Bowflex Max Trainer,Online Search,CAM44435 dosg2egl1mx,Web,9/21/2015,9/27/2015,7,9893.00
Bowflex Max Trainer,Online Search,CAM44497 dosg2esl1,Web,9/21/2015,9/27/2015,10,14203.73
Bowflex Max Trainer,Online Search,CAM44520 dosbiegl1mx,Web,9/21/2015,9/27/2015,2,3098.00
Bowflex Max Trainer,Online Search,CAM44551 dosg2esl4,Web,9/21/2015,9/27/2015,1,1599.00
Bowflex Max Trainer,Online Search,CAM44560 dosg2esl5,Web,9/21/2015,9/27/2015,1,1749.00
Bowflex Max Trainer,Online Search,CAM44565 dosbiesl5,Web,9/21/2015,9/27/2015,1,1099.00
Bowflex Max Trainer,Online Shopping,CAM44887 dofg2efeed1,Web,9/21/2015,9/27/2015,9,12591.00
Bowflex Max Trainer,Online Shopping,CAM44897 dofpgefeed1,Web,9/21/2015,9/27/2015,1,1099.00
Bowflex Max Trainer,Online Search,CAM45009 dosg2eml1,Web,9/21/2015,9/27/2015,3,4847.00
Bowflex Max Trainer,Online Search,CAM45730 DOSG2ESL7,Web,9/21/2015,9/27/2015,1,1499.00
Bowflex Max Trainer,Online Search,CAM47150 DOSG2ESL9,Web,9/21/2015,9/27/2015,3,4297.00
Bowflex Max Trainer,Online Search,CAM47151 DOSG2EML2,Web,9/21/2015,9/27/2015,2,2698.00
Bowflex Max Trainer,Online Search,CAM47152 DOSBIESL8,Web,9/21/2015,9/27/2015,1,1099.00
Bowflex Max Trainer,Online Social,CAM47172 DOXFBEGL1,Web,9/21/2015,9/27/2015,1,1599.00
Bowflex Max Trainer,Online Video,CAM47248 DOVTMEVL1,Web,9/21/2015,9/27/2015,1,1599.00
Bowflex Max Trainer,Online Display,CAM47251 DODCTOEDL2,Web,9/21/2015,9/27/2015,5,6545.00
Bowflex Max Trainer,Online Video,CAM47606 DOVHULUEVL5,Web,9/21/2015,9/27/2015,1,1749.00
Bowflex Max Trainer,Online Social,CAM48048 DOXFBESCL003,Web,9/21/2015,9/27/2015,1,1599.00
Bowflex Max Trainer,Online Social,CAM48050 DOXFBESCL005,Web,9/21/2015,9/27/2015,2,3198.00
Bowflex Max Trainer,Online Search,CAM44223 SAWDOSBIE,Call Center Internal,9/28/2015,9/28/2015,2,2218.30
Bowflex Max Trainer,Online Search,CAM44230 SAWDOSG2E,Call Center Internal,9/28/2015,9/28/2015,7,9166.95
Bowflex Max Trainer,Electronic - UnSourced,CAM44236 SAWMAX,Call Center Internal,9/28/2015,9/28/2015,12,15354.55
Bowflex Max Trainer,Online Search,CAM44539 SAWDOSG2EMOBILE2,Call Center Internal,9/28/2015,9/28/2015,1,1119.30
Bowflex Max Trainer,Online Social,CAM44544 SAWDOXFBE,Call Center Internal,9/28/2015,9/28/2015,1,1599.00
Bowflex Max Trainer,Electronic - UnSourced,CAM44626 1800BOWFLEX_BMT,Call Center Internal,9/28/2015,9/28/2015,5,6803.95
Bowflex Max Trainer,Online Search,CAM45009 dosg2eml1,Call Center Internal,9/28/2015,9/28/2015,1,1599.00
Bowflex Max Trainer,Online Shopping,CAM45043 SAWDOFG2E,Call Center Internal,9/28/2015,9/28/2015,3,3717.30
Bowflex Max Trainer,Un-Sourced,CAM45327 1800MAXTRAINER,Call Center Internal,9/28/2015,9/28/2015,22,32212.03
Bowflex Max Trainer,Short Form,CAM47197 IFC*N120HAMBYTIC,Call Center Internal,9/28/2015,9/28/2015,1,1449.00
Bowflex Max Trainer,Short Form,CAM47363 VEL*N180HAMF*TIC,Call Center Internal,9/28/2015,9/28/2015,1,1099.00
Bowflex Max Trainer,Online Video,CAM47606 DOVHULUEVL5,Call Center Internal,9/28/2015,9/28/2015,1,1599.00
Bowflex Max Trainer,Online Search,CAM44230 SAWDOSG2E,Third Party Call Center - Evolve,9/28/2015,9/28/2015,1,1499.00
Bowflex Max Trainer,Electronic - Short Form,CAM44172 dseesf14a,Web,9/28/2015,9/28/2015,1,1499.00
Bowflex Max Trainer,Online Search,CAM44429 dosbiesl1,Web,9/28/2015,9/28/2015,8,11992.00
Bowflex Max Trainer,Electronic - UnSourced,CAM44433 dege1sitemx,Web,9/28/2015,9/28/2015,18,24195.73
Bowflex Max Trainer,Online Search,CAM44435 dosg2egl1mx,Web,9/28/2015,9/28/2015,4,6396.00
Bowflex Max Trainer,Online Search,CAM44497 dosg2esl1,Web,9/28/2015,9/28/2015,11,15739.00
Bowflex Max Trainer,Online Search,CAM44520 dosbiegl1mx,Web,9/28/2015,9/28/2015,2,2698.00
Bowflex Max Trainer,Online Shopping,CAM44887 dofg2efeed1,Web,9/28/2015,9/28/2015,9,12541.00
Bowflex Max Trainer,Online Search,CAM44952 dosbieml1,Web,9/28/2015,9/28/2015,1,1599.00
Bowflex Max Trainer,Online Search,CAM45009 dosg2eml1,Web,9/28/2015,9/28/2015,6,8994.00
Bowflex Max Trainer,Electronic - Short Form,CAM45387 DSEESF14E,Web,9/28/2015,9/28/2015,1,1499.00
Bowflex Max Trainer,Online Search,CAM45730 DOSG2ESL7,Web,9/28/2015,9/28/2015,2,3098.00
Bowflex Max Trainer,Online Search,CAM45731 DOSBIESL6,Web,9/28/2015,9/28/2015,1,863.43
Bowflex Max Trainer,Online Search,CAM47150 DOSG2ESL9,Web,9/28/2015,9/28/2015,5,7795.00
Bowflex Max Trainer,Online Search,CAM47151 DOSG2EML2,Web,9/28/2015,9/28/2015,1,1599.00
Bowflex Max Trainer,Online Search,CAM47152 DOSBIESL8,Web,9/28/2015,9/28/2015,1,999.00
Bowflex Max Trainer,Online Video,CAM47248 DOVTMEVL1,Web,9/28/2015,9/28/2015,2,3198.00
Bowflex Max Trainer,Online Display,CAM47251 DODCTOEDL2,Web,9/28/2015,9/28/2015,2,2698.00
Bowflex Max Trainer,Online Video,CAM47606 DOVHULUEVL5,Web,9/28/2015,9/28/2015,1,1599.00
Bowflex Max Trainer,Online Social,CAM48003 DOXFBECAD2,Web,9/28/2015,9/28/2015,1,1749.00
Bowflex Max Trainer,Online Search,CAM44223 SAWDOSBIE,Call Center Internal,9/28/2015,9/29/2015,2,2148.00
Bowflex Max Trainer,Online Search,CAM44230 SAWDOSG2E,Call Center Internal,9/28/2015,9/29/2015,7,9793.00
Bowflex Max Trainer,Electronic - UnSourced,CAM44236 SAWMAX,Call Center Internal,9/28/2015,9/29/2015,10,14730.60
Bowflex Max Trainer,Online Search,CAM44429 dosbiesl1,Call Center Internal,9/28/2015,9/29/2015,1,1599.00
Bowflex Max Trainer,Online Search,CAM44539 SAWDOSG2EMOBILE2,Call Center Internal,9/28/2015,9/29/2015,1,1499.00
Bowflex Max Trainer,Electronic - UnSourced,CAM44626 1800BOWFLEX_BMT,Call Center Internal,9/28/2015,9/29/2015,8,10712.30
Bowflex Max Trainer,Online Shopping,CAM45043 SAWDOFG2E,Call Center Internal,9/28/2015,9/29/2015,1,1599.00
Bowflex Max Trainer,Un-Sourced,CAM45327 1800MAXTRAINER,Call Center Internal,9/28/2015,9/29/2015,14,19086.00
Bowflex Max Trainer,Online Search,CAM47150 DOSG2ESL9,Call Center Internal,9/28/2015,9/29/2015,1,1499.00
Bowflex Max Trainer,Short Form,CAM47195 SPKEN120HAMBYTIC,Call Center Internal,9/28/2015,9/29/2015,1,1099.00
Bowflex Max Trainer,Online Display,CAM47239 SAWDODCTOE,Call Center Internal,9/28/2015,9/29/2015,3,4547.00
Bowflex Max Trainer,Short Form,CAM47363 VEL*N180HAMF*TIC,Call Center Internal,9/28/2015,9/29/2015,2,3348.00
Bowflex Max Trainer,Electronic - Short Form,CAM44172 dseesf14a,Web,9/28/2015,9/29/2015,1,1099.00
Bowflex Max Trainer,Online Search,CAM44429 dosbiesl1,Web,9/28/2015,9/29/2015,11,15939.00
Bowflex Max Trainer,Electronic - UnSourced,CAM44433 dege1sitemx,Web,9/28/2015,9/29/2015,10,14740.00
Bowflex Max Trainer,Online Search,CAM44435 dosg2egl1mx,Web,9/28/2015,9/29/2015,8,11992.00
Bowflex Max Trainer,Online Search,CAM44497 dosg2esl1,Web,9/28/2015,9/29/2015,12,17937.00
Bowflex Max Trainer,Online Search,CAM44520 dosbiegl1mx,Web,9/28/2015,9/29/2015,3,3797.00
Bowflex Max Trainer,Online Search,CAM44551 dosg2esl4,Web,9/28/2015,9/29/2015,1,1599.00
Bowflex Max Trainer,Online Search,CAM44560 dosg2esl5,Web,9/28/2015,9/29/2015,1,1499.00
Bowflex Max Trainer,Online Shopping,CAM44887 dofg2efeed1,Web,9/28/2015,9/29/2015,8,11542.00
Bowflex Max Trainer,Online Search,CAM44952 dosbieml1,Web,9/28/2015,9/29/2015,1,1499.00
Bowflex Max Trainer,Online Search,CAM45009 dosg2eml1,Web,9/28/2015,9/29/2015,3,4197.00
Bowflex Max Trainer,Online Search,CAM45729 DOSG2ESL6,Web,9/28/2015,9/29/2015,2,2598.00
Bowflex Max Trainer,Online Search,CAM45730 DOSG2ESL7,Web,9/28/2015,9/29/2015,4,5896.00
Bowflex Max Trainer,Online Search,CAM47150 DOSG2ESL9,Web,9/28/2015,9/29/2015,1,1599.00
Bowflex Max Trainer,Online Search,CAM47151 DOSG2EML2,Web,9/28/2015,9/29/2015,1,1599.00
Bowflex Max Trainer,Online Search,CAM47152 DOSBIESL8,Web,9/28/2015,9/29/2015,1,1599.00
Bowflex Max Trainer,Online Display,CAM47251 DODCTOEDL2,Web,9/28/2015,9/29/2015,8,11792.00
Bowflex Max Trainer,Online Social,CAM47987 DOXFBESCL001,Web,9/28/2015,9/29/2015,1,1599.00
Bowflex Max Trainer,Online Social,CAM48049 DOXFBESCL004,Web,9/28/2015,9/29/2015,1,1599.00
Bowflex Max Trainer,Online Social,CAM48050 DOXFBESCL005,Web,9/28/2015,9/29/2015,3,4447.00
Bowflex Max Trainer,Online Search,CAM44223 SAWDOSBIE,Call Center Internal,9/28/2015,9/30/2015,2,2598.00
Bowflex Max Trainer,Online Search,CAM44230 SAWDOSG2E,Call Center Internal,9/28/2015,9/30/2015,4,5396.00
Bowflex Max Trainer,Electronic - UnSourced,CAM44236 SAWMAX,Call Center Internal,9/28/2015,9/30/2015,8,11392.00
Bowflex Max Trainer,Electronic - UnSourced,CAM44433 dege1sitemx,Call Center Internal,9/28/2015,9/30/2015,1,1499.00
Bowflex Max Trainer,Online Search,CAM44539 SAWDOSG2EMOBILE2,Call Center Internal,9/28/2015,9/30/2015,4,6096.00
Bowflex Max Trainer,Online Social,CAM44544 SAWDOXFBE,Call Center Internal,9/28/2015,9/30/2015,1,1599.00
Bowflex Max Trainer,Electronic - UnSourced,CAM44626 1800BOWFLEX_BMT,Call Center Internal,9/28/2015,9/30/2015,2,2198.00
Bowflex Max Trainer,Online Shopping,CAM44887 dofg2efeed1,Call Center Internal,9/28/2015,9/30/2015,1,1099.00
Bowflex Max Trainer,Online Shopping,CAM45043 SAWDOFG2E,Call Center Internal,9/28/2015,9/30/2015,2,3098.00
Bowflex Max Trainer,Un-Sourced,CAM45327 1800MAXTRAINER,Call Center Internal,9/28/2015,9/30/2015,17,23323.60
Bowflex Max Trainer,Online Social,CAM45898 DOXFBERESPONSE,Call Center Internal,9/28/2015,9/30/2015,1,1119.30
Bowflex Max Trainer,Short Form,CAM47195 SPKEN120HAMBYTIC,Call Center Internal,9/28/2015,9/30/2015,1,1119.30
Bowflex Max Trainer,Electronic - UnSourced,CAM44236 SAWMAX,Third Party Call Center - Evolve,9/28/2015,9/30/2015,1,1449.00
Bowflex Max Trainer,Online Display,CAM47239 SAWDODCTOE,Third Party Call Center - Evolve,9/28/2015,9/30/2015,1,1449.00
Bowflex Max Trainer,Electronic - Short Form,CAM44172 dseesf14a,Web,9/28/2015,9/30/2015,2,2998.00
Bowflex Max Trainer,Online Search,CAM44429 dosbiesl1,Web,9/28/2015,9/30/2015,9,12816.95
Bowflex Max Trainer,Electronic - UnSourced,CAM44433 dege1sitemx,Web,9/28/2015,9/30/2015,10,14290.00
Bowflex Max Trainer,Online Search,CAM44435 dosg2egl1mx,Web,9/28/2015,9/30/2015,9,12591.00
Bowflex Max Trainer,Online Search,CAM44497 dosg2esl1,Web,9/28/2015,9/30/2015,4,5396.00
Bowflex Max Trainer,Online Search,CAM44520 dosbiegl1mx,Web,9/28/2015,9/30/2015,4,5796.00
Bowflex Max Trainer,Online Search,CAM44560 dosg2esl5,Web,9/28/2015,9/30/2015,2,3098.00
Bowflex Max Trainer,Online Shopping,CAM44887 dofg2efeed1,Web,9/28/2015,9/30/2015,5,7295.00
Bowflex Max Trainer,Online Video,CAM44987 dovg2evl2,Web,9/28/2015,9/30/2015,1,1599.00
Bowflex Max Trainer,Online Search,CAM45009 dosg2eml1,Web,9/28/2015,9/30/2015,2,2598.00
Bowflex Max Trainer,Online Search,CAM45730 DOSG2ESL7,Web,9/28/2015,9/30/2015,2,3198.00
Bowflex Max Trainer,Online Display,CAM45736 DODRFEDL3,Web,9/28/2015,9/30/2015,1,1599.00
Bowflex Max Trainer,Online Search,CAM47151 DOSG2EML2,Web,9/28/2015,9/30/2015,1,1749.00
Bowflex Max Trainer,Online Display,CAM47251 DODCTOEDL2,Web,9/28/2015,9/30/2015,4,6396.00
Bowflex Max Trainer,Online Video,CAM47606 DOVHULUEVL5,Web,9/28/2015,9/30/2015,1,1599.00
Bowflex Max Trainer,Online Social,CAM47987 DOXFBESCL001,Web,9/28/2015,9/30/2015,2,3198.00
Bowflex Max Trainer,Online Social,CAM48003 DOXFBECAD2,Web,9/28/2015,9/30/2015,1,999.00
Bowflex Max Trainer,Electronic - UnSourced,CAM44236 SAWMAX,Call Center Internal,9/28/2015,10/1/2015,11,13994.03
Bowflex Max Trainer,Electronic - UnSourced,CAM44626 1800BOWFLEX_BMT,Call Center Internal,9/28/2015,10/1/2015,10,14810.30
Bowflex Max Trainer,Un-Sourced,CAM45327 1800MAXTRAINER,Call Center Internal,9/28/2015,10/1/2015,17,23573.60
Bowflex Max Trainer,Electronic - Short Form,CAM44172 dseesf14a,Web,9/28/2015,10/1/2015,1,1499.00
Bowflex Max Trainer,Electronic - Short Form,CAM44191 dseesf14d,Web,9/28/2015,10/1/2015,1,1499.00
Bowflex Max Trainer,Online Search,CAM44429 dosbiesl1,Web,9/28/2015,10/1/2015,5,7995.00
Bowflex Max Trainer,Electronic - UnSourced,CAM44433 dege1sitemx,Web,9/28/2015,10/1/2015,13,20736.00
Bowflex Max Trainer,Online Search,CAM44435 dosg2egl1mx,Web,9/28/2015,10/1/2015,5,8544.00
Bowflex Max Trainer,Online Search,CAM44497 dosg2esl1,Web,9/28/2015,10/1/2015,10,14990.00
Bowflex Max Trainer,Online Search,CAM44520 dosbiegl1mx,Web,9/28/2015,10/1/2015,5,7645.00
Bowflex Max Trainer,Online Shopping,CAM44887 dofg2efeed1,Web,9/28/2015,10/1/2015,9,13031.01
Bowflex Max Trainer,Online Shopping,CAM44897 dofpgefeed1,Web,9/28/2015,10/1/2015,2,2198.00
Bowflex Max Trainer,Online Search,CAM45009 dosg2eml1,Web,9/28/2015,10/1/2015,4,5896.00
Bowflex Max Trainer,Online Search,CAM45730 DOSG2ESL7,Web,9/28/2015,10/1/2015,1,1599.00
Bowflex Max Trainer,Online Search,CAM45732 DOSBIESL7,Web,9/28/2015,10/1/2015,2,3198.00
Bowflex Max Trainer,Online Display,CAM45736 DODRFEDL3,Web,9/28/2015,10/1/2015,2,2698.00
Bowflex Max Trainer,Electronic - Short Form,CAM45798 DSEESF14H,Web,9/28/2015,10/1/2015,1,1099.00
Bowflex Max Trainer,Online Search,CAM47150 DOSG2ESL9,Web,9/28/2015,10/1/2015,1,1099.00
Bowflex Max Trainer,Online Search,CAM47152 DOSBIESL8,Web,9/28/2015,10/1/2015,1,1099.00
Bowflex Max Trainer,Online Social,CAM47172 DOXFBEGL1,Web,9/28/2015,10/1/2015,1,1749.00
Bowflex Max Trainer,Online Display,CAM47251 DODCTOEDL2,Web,9/28/2015,10/1/2015,2,3348.00
Bowflex Max Trainer,Online Social,CAM48050 DOXFBESCL005,Web,9/28/2015,10/1/2015,1,1599.00
Bowflex Max Trainer,Online Search,CAM44223 SAWDOSBIE,Call Center Internal,9/28/2015,10/2/2015,2,3048.00
Bowflex Max Trainer,Online Search,CAM44230 SAWDOSG2E,Call Center Internal,9/28/2015,10/2/2015,1,1119.30
Bowflex Max Trainer,Electronic - UnSourced,CAM44236 SAWMAX,Call Center Internal,9/28/2015,10/2/2015,6,8514.30
Bowflex Max Trainer,Electronic - UnSourced,CAM44433 dege1sitemx,Call Center Internal,9/28/2015,10/2/2015,2,3198.00
Bowflex Max Trainer,Online Search,CAM44539 SAWDOSG2EMOBILE2,Call Center Internal,9/28/2015,10/2/2015,1,1119.30
Bowflex Max Trainer,Electronic - UnSourced,CAM44626 1800BOWFLEX_BMT,Call Center Internal,9/28/2015,10/2/2015,11,16293.83
Bowflex Max Trainer,Online Shopping,CAM45043 SAWDOFG2E,Call Center Internal,9/28/2015,10/2/2015,1,1099.00
Bowflex Max Trainer,Un-Sourced,CAM45327 1800MAXTRAINER,Call Center Internal,9/28/2015,10/2/2015,9,11761.30
Bowflex Max Trainer,Short Form,CAM47195 SPKEN120HAMBYTIC,Call Center Internal,9/28/2015,10/2/2015,1,1599.00
Bowflex Max Trainer,Short Form,CAM47363 VEL*N180HAMF*TIC,Call Center Internal,9/28/2015,10/2/2015,1,1599.00
Bowflex Max Trainer,Short Form,CAM47385 RELZ*N120HAMBYTIC,Call Center Internal,9/28/2015,10/2/2015,1,1599.00
Bowflex Max Trainer,Short Form,CAM47950 DISNN60*HAMF*TIC,Call Center Internal,9/28/2015,10/2/2015,1,1499.00
Bowflex Max Trainer,Online Display,CAM47239 SAWDODCTOE,Third Party Call Center - Evolve,9/28/2015,10/2/2015,1,1499.00
Bowflex Max Trainer,Online Search,CAM44429 dosbiesl1,Web,9/28/2015,10/2/2015,11,16389.00
Bowflex Max Trainer,Electronic - UnSourced,CAM44433 dege1sitemx,Web,9/28/2015,10/2/2015,11,15169.00
Bowflex Max Trainer,Online Search,CAM44435 dosg2egl1mx,Web,9/28/2015,10/2/2015,2,2998.00
Bowflex Max Trainer,Online Search,CAM44497 dosg2esl1,Web,9/28/2015,10/2/2015,8,12392.00
Bowflex Max Trainer,Online Search,CAM44520 dosbiegl1mx,Web,9/28/2015,10/2/2015,2,2198.00
Bowflex Max Trainer,Online Search,CAM44564 dosbiesl4,Web,9/28/2015,10/2/2015,1,1599.00
Bowflex Max Trainer,Online Shopping,CAM44887 dofg2efeed1,Web,9/28/2015,10/2/2015,9,13391.00
Bowflex Max Trainer,Online Search,CAM44952 dosbieml1,Web,9/28/2015,10/2/2015,1,1099.00
Bowflex Max Trainer,Online Search,CAM45009 dosg2eml1,Web,9/28/2015,10/2/2015,1,1599.00
Bowflex Max Trainer,Online Search,CAM45730 DOSG2ESL7,Web,9/28/2015,10/2/2015,2,3498.00
Bowflex Max Trainer,Online Search,CAM45732 DOSBIESL7,Web,9/28/2015,10/2/2015,1,1599.00
Bowflex Max Trainer,Electronic - Short Form,CAM45798 DSEESF14H,Web,9/28/2015,10/2/2015,1,1499.00
Bowflex Max Trainer,Online Search,CAM47150 DOSG2ESL9,Web,9/28/2015,10/2/2015,1,1099.00
Bowflex Max Trainer,Online Display,CAM47251 DODCTOEDL2,Web,9/28/2015,10/2/2015,6,9144.00
Bowflex Max Trainer,Electronic - UnSourced,CAM43991 SAWWEBTC_BMT,Call Center Internal,9/28/2015,10/3/2015,1,1499.00
Bowflex Max Trainer,Online Search,CAM44223 SAWDOSBIE,Call Center Internal,9/28/2015,10/3/2015,2,2598.00
Bowflex Max Trainer,Online Search,CAM44230 SAWDOSG2E,Call Center Internal,9/28/2015,10/3/2015,4,4221.95
Bowflex Max Trainer,Electronic - UnSourced,CAM44236 SAWMAX,Call Center Internal,9/28/2015,10/3/2015,8,10252.90
Bowflex Max Trainer,Short Form,CAM44498 SUNDN120BFMAXTIC,Call Center Internal,9/28/2015,10/3/2015,1,1499.00
Bowflex Max Trainer,Online Search,CAM44520 dosbiegl1mx,Call Center Internal,9/28/2015,10/3/2015,1,1099.00
Bowflex Max Trainer,Online Shopping,CAM45043 SAWDOFG2E,Call Center Internal,9/28/2015,10/3/2015,5,6995.00
Bowflex Max Trainer,Un-Sourced,CAM45327 1800MAXTRAINER,Call Center Internal,9/28/2015,10/3/2015,4,6296.00
Bowflex Max Trainer,Short Form,CAM47192 SUNDN120HAMBYTIC,Call Center Internal,9/28/2015,10/3/2015,1,1599.00
Bowflex Max Trainer,Online Display,CAM47239 SAWDODCTOE,Call Center Internal,9/28/2015,10/3/2015,1,1499.00
Bowflex Max Trainer,Short Form,CAM47835 SUNDN180HAMF*TIC,Call Center Internal,9/28/2015,10/3/2015,2,2998.00
Bowflex Max Trainer,Electronic - UnSourced,CAM44236 SAWMAX,Third Party Call Center - Evolve,9/28/2015,10/3/2015,1,999.00
Bowflex Max Trainer,Short Form,CAM47363 VEL*N180HAMF*TIC,Third Party Call Center - Evolve,9/28/2015,10/3/2015,1,1449.00
Bowflex Max Trainer,Electronic - Short Form,CAM44172 dseesf14a,Web,9/28/2015,10/3/2015,3,4597.00
Bowflex Max Trainer,Electronic - Short Form,CAM44187 dseesf14c,Web,9/28/2015,10/3/2015,1,1099.00
Bowflex Max Trainer,Electronic - Short Form,CAM44191 dseesf14d,Web,9/28/2015,10/3/2015,1,1499.00
Bowflex Max Trainer,Online Search,CAM44429 dosbiesl1,Web,9/28/2015,10/3/2015,7,10693.00
Bowflex Max Trainer,Electronic - UnSourced,CAM44433 dege1sitemx,Web,9/28/2015,10/3/2015,11,16489.00
Bowflex Max Trainer,Online Search,CAM44435 dosg2egl1mx,Web,9/28/2015,10/3/2015,5,8145.00
Bowflex Max Trainer,Online Search,CAM44497 dosg2esl1,Web,9/28/2015,10/3/2015,13,18262.95
Bowflex Max Trainer,Online Search,CAM44520 dosbiegl1mx,Web,9/28/2015,10/3/2015,4,5946.00
Bowflex Max Trainer,Online Search,CAM44565 dosbiesl5,Web,9/28/2015,10/3/2015,1,1599.00
Bowflex Max Trainer,Online Shopping,CAM44887 dofg2efeed1,Web,9/28/2015,10/3/2015,15,23535.00
Bowflex Max Trainer,Online Shopping,CAM44897 dofpgefeed1,Web,9/28/2015,10/3/2015,1,1749.00
Bowflex Max Trainer,Online Search,CAM44952 dosbieml1,Web,9/28/2015,10/3/2015,2,3098.00
Bowflex Max Trainer,Online Search,CAM45009 dosg2eml1,Web,9/28/2015,10/3/2015,1,1599.00
Bowflex Max Trainer,Online Search,CAM45730 DOSG2ESL7,Web,9/28/2015,10/3/2015,1,1599.00
Bowflex Max Trainer,Electronic - Short Form,CAM45799 DSEESF14I,Web,9/28/2015,10/3/2015,1,1099.00
Bowflex Max Trainer,Online Search,CAM47150 DOSG2ESL9,Web,9/28/2015,10/3/2015,1,1099.00
Bowflex Max Trainer,Online Search,CAM47152 DOSBIESL8,Web,9/28/2015,10/3/2015,1,1599.00
Bowflex Max Trainer,Online Display,CAM47251 DODCTOEDL2,Web,9/28/2015,10/3/2015,6,9744.00
Bowflex Max Trainer,Electronic - Short Form,CAM44215 SAWDSEESF14A,Call Center Internal,9/28/2015,10/4/2015,1,1499.00
Bowflex Max Trainer,Online Search,CAM44223 SAWDOSBIE,Call Center Internal,9/28/2015,10/4/2015,1,1599.00
Bowflex Max Trainer,Online Search,CAM44230 SAWDOSG2E,Call Center Internal,9/28/2015,10/4/2015,3,4197.00
Bowflex Max Trainer,Electronic - UnSourced,CAM44236 SAWMAX,Call Center Internal,9/28/2015,10/4/2015,6,9294.00
Bowflex Max Trainer,Electronic - UnSourced,CAM44626 1800BOWFLEX_BMT,Call Center Internal,9/28/2015,10/4/2015,5,7595.00
Bowflex Max Trainer,Online Shopping,CAM45043 SAWDOFG2E,Call Center Internal,9/28/2015,10/4/2015,2,2848.00
Bowflex Max Trainer,Un-Sourced,CAM45327 1800MAXTRAINER,Call Center Internal,9/28/2015,10/4/2015,14,19535.30
Bowflex Max Trainer,Online Display,CAM47239 SAWDODCTOE,Call Center Internal,9/28/2015,10/4/2015,1,1099.00
Bowflex Max Trainer,Online Search,CAM44230 SAWDOSG2E,Third Party Call Center - Evolve,9/28/2015,10/4/2015,1,1449.00
Bowflex Max Trainer,Online Search,CAM44429 dosbiesl1,Web,9/28/2015,10/4/2015,4,5696.00
Bowflex Max Trainer,Electronic - UnSourced,CAM44433 dege1sitemx,Web,9/28/2015,10/4/2015,13,20987.00
Bowflex Max Trainer,Online Search,CAM44435 dosg2egl1mx,Web,9/28/2015,10/4/2015,8,11842.00
Bowflex Max Trainer,Online Search,CAM44497 dosg2esl1,Web,9/28/2015,10/4/2015,8,11192.00
Bowflex Max Trainer,Online Search,CAM44520 dosbiegl1mx,Web,9/28/2015,10/4/2015,3,4347.00
Bowflex Max Trainer,Online Search,CAM44551 dosg2esl4,Web,9/28/2015,10/4/2015,1,1749.00
Bowflex Max Trainer,Online Shopping,CAM44887 dofg2efeed1,Web,9/28/2015,10/4/2015,11,16239.00
Bowflex Max Trainer,Online Search,CAM45009 dosg2eml1,Web,9/28/2015,10/4/2015,3,4947.00
Bowflex Max Trainer,Electronic - Short Form,CAM45388 DSEESF14F,Web,9/28/2015,10/4/2015,1,1499.00
Bowflex Max Trainer,Online Search,CAM45729 DOSG2ESL6,Web,9/28/2015,10/4/2015,1,1099.00
Bowflex Max Trainer,Online Search,CAM45730 DOSG2ESL7,Web,9/28/2015,10/4/2015,2,3198.00
Bowflex Max Trainer,Online Search,CAM45732 DOSBIESL7,Web,9/28/2015,10/4/2015,1,1599.00
Bowflex Max Trainer,Online Search,CAM47150 DOSG2ESL9,Web,9/28/2015,10/4/2015,2,3198.00
Bowflex Max Trainer,Online Search,CAM47151 DOSG2EML2,Web,9/28/2015,10/4/2015,2,3198.00
Bowflex Max Trainer,Online Display,CAM47251 DODCTOEDL2,Web,9/28/2015,10/4/2015,7,10093.00
Bowflex Max Trainer,Online Search,CAM44230 SAWDOSG2E,Call Center Internal,10/5/2015,10/5/2015,3,4317.30
Bowflex Max Trainer,Electronic - UnSourced,CAM44236 SAWMAX,Call Center Internal,10/5/2015,10/5/2015,12,17438.00
Bowflex Max Trainer,Online Search,CAM44539 SAWDOSG2EMOBILE2,Call Center Internal,10/5/2015,10/5/2015,1,1499.00
Bowflex Max Trainer,Electronic - UnSourced,CAM44626 1800BOWFLEX_BMT,Call Center Internal,10/5/2015,10/5/2015,4,5416.30
Bowflex Max Trainer,Online Shopping,CAM45043 SAWDOFG2E,Call Center Internal,10/5/2015,10/5/2015,3,3597.00
Bowflex Max Trainer,Un-Sourced,CAM45327 1800MAXTRAINER,Call Center Internal,10/5/2015,10/5/2015,19,27681.00
Bowflex Max Trainer,Online Display,CAM47239 SAWDODCTOE,Call Center Internal,10/5/2015,10/5/2015,1,1599.00
Bowflex Max Trainer,Short Form,CAM47385 RELZ*N120HAMBYTIC,Call Center Internal,10/5/2015,10/5/2015,1,1499.00
Bowflex Max Trainer,Short Form,CAM48041 RS**L120HAMBYTIC,Call Center Internal,10/5/2015,10/5/2015,1,1599.00
Bowflex Max Trainer,Short Form,CAM48172 TVGDN120HAMBYTIC,Call Center Internal,10/5/2015,10/5/2015,1,1099.00
Bowflex Max Trainer,Electronic - UnSourced,CAM44236 SAWMAX,Third Party Call Center - Evolve,10/5/2015,10/5/2015,1,1749.00
Bowflex Max Trainer,Online Search,CAM44429 dosbiesl1,Web,10/5/2015,10/5/2015,6,8894.00
Bowflex Max Trainer,Electronic - UnSourced,CAM44433 dege1sitemx,Web,10/5/2015,10/5/2015,9,13791.00
Bowflex Max Trainer,Online Search,CAM44435 dosg2egl1mx,Web,10/5/2015,10/5/2015,4,5796.00
Bowflex Max Trainer,Online Search,CAM44497 dosg2esl1,Web,10/5/2015,10/5/2015,9,13441.00
Bowflex Max Trainer,Online Search,CAM44520 dosbiegl1mx,Web,10/5/2015,10/5/2015,3,4097.00
Bowflex Max Trainer,Online Search,CAM44565 dosbiesl5,Web,10/5/2015,10/5/2015,1,1749.00
Bowflex Max Trainer,Online Shopping,CAM44887 dofg2efeed1,Web,10/5/2015,10/5/2015,8,10792.00
Bowflex Max Trainer,Online Search,CAM44952 dosbieml1,Web,10/5/2015,10/5/2015,1,1099.00
Bowflex Max Trainer,Online Search,CAM45009 dosg2eml1,Web,10/5/2015,10/5/2015,4,5796.00
Bowflex Max Trainer,Online Search,CAM45731 DOSBIESL6,Web,10/5/2015,10/5/2015,1,1599.00
Bowflex Max Trainer,Online Search,CAM45732 DOSBIESL7,Web,10/5/2015,10/5/2015,2,2698.00
Bowflex Max Trainer,Online Search,CAM47150 DOSG2ESL9,Web,10/5/2015,10/5/2015,1,1599.00
Bowflex Max Trainer,Online Search,CAM47151 DOSG2EML2,Web,10/5/2015,10/5/2015,1,1099.00
Bowflex Max Trainer,Online Search,CAM47153 DOSBIEML2,Web,10/5/2015,10/5/2015,2,2698.00
Bowflex Max Trainer,Online Social,CAM47172 DOXFBEGL1,Web,10/5/2015,10/5/2015,1,1599.00
Bowflex Max Trainer,Online Display,CAM47251 DODCTOEDL2,Web,10/5/2015,10/5/2015,4,5896.00
Bowflex Max Trainer,Online Social,CAM48049 DOXFBESCL004,Web,10/5/2015,10/5/2015,1,1599.00
Bowflex Max Trainer,Online Search,CAM44223 SAWDOSBIE,Call Center Internal,10/5/2015,10/6/2015,2,2698.00
Bowflex Max Trainer,Online Search,CAM44230 SAWDOSG2E,Call Center Internal,10/5/2015,10/6/2015,4,6296.00
Bowflex Max Trainer,Electronic - UnSourced,CAM44236 SAWMAX,Call Center Internal,10/5/2015,10/6/2015,4,4796.00
Bowflex Max Trainer,Online Search,CAM44539 SAWDOSG2EMOBILE2,Call Center Internal,10/5/2015,10/6/2015,1,1099.00
Bowflex Max Trainer,Electronic - UnSourced,CAM44626 1800BOWFLEX_BMT,Call Center Internal,10/5/2015,10/6/2015,3,3297.30
Bowflex Max Trainer,Online Shopping,CAM45043 SAWDOFG2E,Call Center Internal,10/5/2015,10/6/2015,1,1599.00
Bowflex Max Trainer,Online Shopping,CAM45045 SAWDOFPGE,Call Center Internal,10/5/2015,10/6/2015,1,1099.00
Bowflex Max Trainer,Un-Sourced,CAM45327 1800MAXTRAINER,Call Center Internal,10/5/2015,10/6/2015,9,13191.00
Bowflex Max Trainer,Online Display,CAM47239 SAWDODCTOE,Call Center Internal,10/5/2015,10/6/2015,1,1099.00
Bowflex Max Trainer,Electronic - UnSourced,CAM44236 SAWMAX,Third Party Call Center - Evolve,10/5/2015,10/6/2015,1,999.00
Bowflex Max Trainer,Electronic - Short Form,CAM44191 dseesf14d,Web,10/5/2015,10/6/2015,1,1499.00
Bowflex Max Trainer,Online Search,CAM44429 dosbiesl1,Web,10/5/2015,10/6/2015,4,6546.00
Bowflex Max Trainer,Electronic - UnSourced,CAM44433 dege1sitemx,Web,10/5/2015,10/6/2015,5,6895.00
Bowflex Max Trainer,Online Search,CAM44435 dosg2egl1mx,Web,10/5/2015,10/6/2015,6,8294.00
Bowflex Max Trainer,Online Search,CAM44497 dosg2esl1,Web,10/5/2015,10/6/2015,9,13291.00
Bowflex Max Trainer,Online Search,CAM44520 dosbiegl1mx,Web,10/5/2015,10/6/2015,3,4797.00
Bowflex Max Trainer,Online Shopping,CAM44887 dofg2efeed1,Web,10/5/2015,10/6/2015,12,13505.85
Bowflex Max Trainer,Online Shopping,CAM44897 dofpgefeed1,Web,10/5/2015,10/6/2015,1,1599.00
Bowflex Max Trainer,Online Search,CAM44952 dosbieml1,Web,10/5/2015,10/6/2015,1,1599.00
Bowflex Max Trainer,Online Search,CAM45009 dosg2eml1,Web,10/5/2015,10/6/2015,1,1599.00
Bowflex Max Trainer,Electronic - Short Form,CAM45388 DSEESF14F,Web,10/5/2015,10/6/2015,1,1099.00
Bowflex Max Trainer,Online Search,CAM45730 DOSG2ESL7,Web,10/5/2015,10/6/2015,1,1599.00
Bowflex Max Trainer,Online Search,CAM45731 DOSBIESL6,Web,10/5/2015,10/6/2015,1,1599.00
Bowflex Max Trainer,Electronic - Short Form,CAM45798 DSEESF14H,Web,10/5/2015,10/6/2015,3,4597.00
Bowflex Max Trainer,Online Search,CAM47150 DOSG2ESL9,Web,10/5/2015,10/6/2015,1,1749.00
Bowflex Max Trainer,Online Search,CAM47152 DOSBIESL8,Web,10/5/2015,10/6/2015,1,1099.00
Bowflex Max Trainer,Online Display,CAM47251 DODCTOEDL2,Web,10/5/2015,10/6/2015,4,5896.00
