Bowflex Max Trainer,CAM45633 ICAOSGCEGL1CMT,,3/3/2016,2/29/2016,3,Online Search,Web
Bowflex Max Trainer,CAM45633 ICAOSGCEGL1CMT,,3/4/2016,2/29/2016,2,Online Search,Web
Bowflex Max Trainer,CAM45633 ICAOSGCEGL1CMT,3/5/2016,3/5/2016,2/29/2016,1,Online Search,Web
Bowflex Max Trainer,CAM45633 ICAOSGCEGL1CMT,,3/5/2016,2/29/2016,1,Online Search,Web
Bowflex Max Trainer,CAM45633 ICAOSGCEGL1CMT,3/6/2016,3/6/2016,2/29/2016,1,Online Search,Web
Bowflex Max Trainer,CAM45633 ICAOSGCEGL1CMT,,3/6/2016,2/29/2016,2,Online Search,Web
Bowflex Max Trainer,CAM45634 ICAOSBCEGL1CMT,2/29/2016,2/29/2016,2/29/2016,1,Online Search,Web
Bowflex Max Trainer,CAM45634 ICAOSBCEGL1CMT,,2/29/2016,2/29/2016,2,Online Search,Web
Bowflex Max Trainer,CAM45634 ICAOSBCEGL1CMT,,3/3/2016,2/29/2016,1,Online Search,Web
Bowflex Max Trainer,CAM45634 ICAOSBCEGL1CMT,,3/4/2016,2/29/2016,1,Online Search,Web
Bowflex Max Trainer,CAM45634 ICAOSBCEGL1CMT,3/6/2016,3/6/2016,2/29/2016,1,Online Search,Web
Bowflex Max Trainer,CAM45690 SAWICAOSGCE,,2/29/2016,2/29/2016,7,Online Search,Call Center Internal
Treadclimber,CAM45690 SAWICAOSGCE,,2/29/2016,2/29/2016,2,Online Search,Call Center Internal
Bowflex Max Trainer,CAM45690 SAWICAOSGCE,,3/1/2016,2/29/2016,2,Online Search,Call Center Internal
Bowflex Max Trainer,CAM45690 SAWICAOSGCE,,3/2/2016,2/29/2016,5,Online Search,Call Center Internal
Treadclimber,CAM45690 SAWICAOSGCE,,3/2/2016,2/29/2016,1,Online Search,Call Center Internal
Bowflex Max Trainer,CAM45690 SAWICAOSGCE,,3/4/2016,2/29/2016,2,Online Search,Call Center Internal
Treadclimber,CAM45690 SAWICAOSGCE,,3/4/2016,2/29/2016,1,Online Search,Call Center Internal
Bowflex Max Trainer,CAM45690 SAWICAOSGCE,,3/5/2016,2/29/2016,2,Online Search,Call Center Internal
Bowflex Max Trainer,CAM45690 SAWICAOSGCE,,3/6/2016,2/29/2016,3,Online Search,Call Center Internal
Treadclimber,CAM45690 SAWICAOSGCE,,3/6/2016,2/29/2016,1,Online Search,Call Center Internal
Bowflex Max Trainer,CAM45836 ICAOSGCESL3,2/29/2016,2/29/2016,2/29/2016,1,Online Search,Web
Bowflex Max Trainer,CAM45836 ICAOSGCESL3,,3/2/2016,2/29/2016,1,Online Search,Web
Bowflex Max Trainer,CAM45838 ICAOSGCESL5,,3/3/2016,2/29/2016,1,Online Search,Web
Bowflex Max Trainer,CAM45838 ICAOSGCESL5,3/5/2016,3/5/2016,2/29/2016,1,Online Search,Web
Bowflex Max Trainer,CAM45838 ICAOSGCESL5,3/6/2016,3/6/2016,2/29/2016,1,Online Search,Web
Bowflex Max Trainer,CAM45839 ICAOSGCESL6,3/1/2016,3/1/2016,2/29/2016,1,Online Search,Web
Bowflex Max Trainer,CAM45839 ICAOSGCESL6,3/4/2016,3/4/2016,2/29/2016,1,Online Search,Web
Bowflex Max Trainer,CAM45839 ICAOSGCESL6,3/5/2016,3/5/2016,2/29/2016,3,Online Search,Web
Bowflex Max Trainer,CAM45839 ICAOSGCESL6,3/6/2016,3/6/2016,2/29/2016,2,Online Search,Web
Bowflex Max Trainer,CAM45840 ICAOSGCESL7,3/2/2016,3/2/2016,2/29/2016,1,Online Search,Web
Bowflex Max Trainer,CAM45840 ICAOSGCESL7,,3/3/2016,2/29/2016,1,Online Search,Web
Bowflex Max Trainer,CAM45840 ICAOSGCESL7,3/6/2016,3/6/2016,2/29/2016,1,Online Search,Web
Bowflex Max Trainer,CAM45841 ICAOSGCESL8,,3/1/2016,2/29/2016,1,Online Search,Web
Bowflex Max Trainer,CAM45841 ICAOSGCESL8,,3/3/2016,2/29/2016,1,Online Search,Web
Bowflex Max Trainer,CAM45841 ICAOSGCESL8,,3/5/2016,2/29/2016,2,Online Search,Web
Bowflex Max Trainer,CAM45842 ICAOSGCESL9,,3/1/2016,2/29/2016,2,Online Search,Web
Bowflex Max Trainer,CAM45842 ICAOSGCESL9,,3/2/2016,2/29/2016,1,Online Search,Web
Bowflex Max Trainer,CAM45842 ICAOSGCESL9,,3/3/2016,2/29/2016,1,Online Search,Web
Bowflex Max Trainer,CAM45842 ICAOSGCESL9,,3/6/2016,2/29/2016,2,Online Search,Web
Treadclimber,CAM45842 ICAOSGCESL9,,3/6/2016,2/29/2016,1,Online Search,Web
Bowflex Max Trainer,CAM45846 ICAOSBCESL6,3/3/2016,3/3/2016,2/29/2016,1,Online Search,Web
Bowflex Max Trainer,CAM47271 ICAOSGCESL10,2/29/2016,2/29/2016,2/29/2016,1,Online Search,Web
Bowflex Max Trainer,CAM47271 ICAOSGCESL10,3/2/2016,3/2/2016,2/29/2016,3,Online Search,Web
Bowflex Max Trainer,CAM47271 ICAOSGCESL10,3/3/2016,3/3/2016,2/29/2016,1,Online Search,Web
Bowflex Max Trainer,CAM47271 ICAOSGCESL10,3/4/2016,3/4/2016,2/29/2016,1,Online Search,Web
Bowflex Max Trainer,CAM47271 ICAOSGCESL10,,3/6/2016,2/29/2016,3,Online Search,Web
Bowflex Max Trainer,CAM47272 ICAOSGCESL11,2/29/2016,2/29/2016,2/29/2016,1,Online Search,Web
Bowflex Max Trainer,CAM47272 ICAOSGCESL11,3/1/2016,3/1/2016,2/29/2016,1,Online Search,Web
Bowflex Max Trainer,CAM47272 ICAOSGCESL11,3/4/2016,3/4/2016,2/29/2016,1,Online Search,Web
Bowflex Home Gyms,CAM47278 ICAOSGCWSL35,3/2/2016,3/2/2016,2/29/2016,1,Online Search,Web
Bowflex Selecttech Dumbbells,CAM47283 ICAOSGCDSL12,,3/4/2016,2/29/2016,1,Online Search,Web
Treadclimber,CAM48477 ICAOSBCTSL13,,3/3/2016,2/29/2016,1,Online Search,Web
Bowflex Home Gyms,CAM32080 SAWDOFG2G,,3/2/2016,2/29/2016,1,Online Shopping,Call Center Internal
Bowflex Max Trainer,CAM45043 SAWDOFG2E,,3/3/2016,2/29/2016,1,Online Shopping,Call Center Internal
Treadclimber,CAM45437 ICAOFG2TFEED1,3/1/2016,3/1/2016,2/29/2016,1,Online Shopping,Call Center Internal
Treadclimber,CAM45437 ICAOFG2TFEED1,3/6/2016,3/6/2016,2/29/2016,1,Online Shopping,Call Center Internal
Bowflex Max Trainer,CAM45437 ICAOFG2TFEED1,,3/2/2016,2/29/2016,1,Online Shopping,Web
Bowflex Max Trainer,CAM45437 ICAOFG2TFEED1,,3/5/2016,2/29/2016,1,Online Shopping,Web
Bowflex Max Trainer,CAM45437 ICAOFG2TFEED1,,3/6/2016,2/29/2016,1,Online Shopping,Web
Bowflex Home Gyms,CAM45438 ICAOFG2GFEED1,,3/1/2016,2/29/2016,1,Online Shopping,Web
Bowflex Selecttech Dumbbells,CAM45438 ICAOFG2GFEED1,,3/1/2016,2/29/2016,1,Online Shopping,Web
Bowflex Home Gyms,CAM45438 ICAOFG2GFEED1,,3/3/2016,2/29/2016,1,Online Shopping,Web
Treadclimber,CAM45631 ICAOFG2EFEED1,,3/1/2016,2/29/2016,1,Online Shopping,Web
Bowflex Home Gyms,CAM48978 ICAOFG2GFEED2,,3/2/2016,2/29/2016,1,Online Shopping,Web
Treadclimber,CAM48220 ICAOXFBTSCODE001,2/29/2016,2/29/2016,2/29/2016,2,Online Social,Web
Treadclimber,CAM48222 ICAOXFBTSCODE003,,2/29/2016,2/29/2016,1,Online Social,Web
Bowflex Max Trainer,CAM48224 SAWICAOXFBESCODE,,2/29/2016,2/29/2016,1,Online Social,Call Center Internal
Bowflex Max Trainer,CAM48224 SAWICAOXFBESCODE,,3/1/2016,2/29/2016,1,Online Social,Call Center Internal
Bowflex Max Trainer,CAM48224 SAWICAOXFBESCODE,,3/2/2016,2/29/2016,1,Online Social,Call Center Internal
Bowflex Max Trainer,CAM48224 SAWICAOXFBESCODE,3/5/2016,3/5/2016,2/29/2016,1,Online Social,Call Center Internal
Treadclimber,CAM48225 ICAOXFBESCODE001,,3/2/2016,2/29/2016,1,Online Social,Call Center Internal
Bowflex Max Trainer,CAM48225 ICAOXFBESCODE001,2/29/2016,2/29/2016,2/29/2016,1,Online Social,Web
Bowflex Max Trainer,CAM48225 ICAOXFBESCODE001,3/1/2016,3/1/2016,2/29/2016,3,Online Social,Web
Bowflex Max Trainer,CAM48225 ICAOXFBESCODE001,,3/1/2016,2/29/2016,2,Online Social,Web
Bowflex Max Trainer,CAM48225 ICAOXFBESCODE001,3/2/2016,3/2/2016,2/29/2016,1,Online Social,Web
Bowflex Max Trainer,CAM48225 ICAOXFBESCODE001,,3/2/2016,2/29/2016,1,Online Social,Web
Bowflex Max Trainer,CAM48225 ICAOXFBESCODE001,,3/3/2016,2/29/2016,1,Online Social,Web
Bowflex Max Trainer,CAM48225 ICAOXFBESCODE001,3/4/2016,3/4/2016,2/29/2016,3,Online Social,Web
Bowflex Max Trainer,CAM48225 ICAOXFBESCODE001,,3/4/2016,2/29/2016,2,Online Social,Web
Bowflex Max Trainer,CAM48225 ICAOXFBESCODE001,3/5/2016,3/5/2016,2/29/2016,3,Online Social,Web
Bowflex Max Trainer,CAM48225 ICAOXFBESCODE001,,3/5/2016,2/29/2016,1,Online Social,Web
Treadclimber,CAM48225 ICAOXFBESCODE001,,3/5/2016,2/29/2016,1,Online Social,Web
Bowflex Max Trainer,CAM48225 ICAOXFBESCODE001,,3/6/2016,2/29/2016,1,Online Social,Web
Bowflex Max Trainer,CAM48226 ICAOXFBESCODE002,3/1/2016,3/1/2016,2/29/2016,1,Online Social,Web
Bowflex Max Trainer,CAM48226 ICAOXFBESCODE002,,3/1/2016,2/29/2016,2,Online Social,Web
Bowflex Max Trainer,CAM48226 ICAOXFBESCODE002,3/2/2016,3/2/2016,2/29/2016,1,Online Social,Web
Bowflex Max Trainer,CAM48226 ICAOXFBESCODE002,3/3/2016,3/3/2016,2/29/2016,1,Online Social,Web
Bowflex Max Trainer,CAM48226 ICAOXFBESCODE002,,3/4/2016,2/29/2016,1,Online Social,Web
Bowflex Max Trainer,CAM48227 ICAOXFBESCODE003,2/29/2016,2/29/2016,2/29/2016,1,Online Social,Web
Bowflex Max Trainer,CAM48227 ICAOXFBESCODE003,3/1/2016,3/1/2016,2/29/2016,2,Online Social,Web
Bowflex Max Trainer,CAM48227 ICAOXFBESCODE003,,3/1/2016,2/29/2016,1,Online Social,Web
Bowflex Max Trainer,CAM48227 ICAOXFBESCODE003,3/5/2016,3/5/2016,2/29/2016,2,Online Social,Web
Bowflex Max Trainer,CAM48227 ICAOXFBESCODE003,,3/5/2016,2/29/2016,1,Online Social,Web
Bowflex Max Trainer,CAM48227 ICAOXFBESCODE003,3/6/2016,3/6/2016,2/29/2016,2,Online Social,Web
Treadclimber,CAM47018 DOVPIXTVL4,,3/3/2016,2/29/2016,1,Online Video,Call Center Internal
Bowflex Home Gyms,CAM25951 QCRESPONSE,,3/2/2016,2/29/2016,1,Print,Call Center Internal
Treadclimber,CAM47648 P0715WEWATTC20B,,3/1/2016,2/29/2016,1,Print,Call Center Internal
Treadclimber,CAM48367 P1215WMNWRLDCSYPF,,2/29/2016,2/29/2016,1,Print,Call Center Internal
Bowflex Max Trainer,CAM48554 P0216MAXIMALEX,,2/29/2016,2/29/2016,1,Print,Call Center Internal
Bowflex Max Trainer,CAM35680 INTELEMEDIACA,,3/1/2016,2/29/2016,1,Short Form,Call Center Internal
Treadclimber,CAM35680 INTELEMEDIACA,,3/1/2016,2/29/2016,1,Short Form,Call Center Internal
Bowflex Selecttech Dumbbells,CAM35680 INTELEMEDIACA,,3/4/2016,2/29/2016,1,Short Form,Call Center Internal
Treadclimber,CAM35680 INTELEMEDIACA,,3/4/2016,2/29/2016,1,Short Form,Call Center Internal
Treadclimber,CAM35680 INTELEMEDIACA,,3/5/2016,2/29/2016,1,Short Form,Call Center Internal
Treadclimber,CAM35680 INTELEMEDIACA,,3/6/2016,2/29/2016,1,Short Form,Call Center Internal
Treadclimber,CAM47354 HICNN120ALOBYTIC,,3/2/2016,2/29/2016,1,Short Form,Call Center Internal
Treadclimber,CAM48504 BABYN120HKINGTIC,,3/2/2016,2/29/2016,1,Short Form,Call Center Internal
Treadclimber,CAM48558 APTNC120HKINGKST,3/2/2016,3/2/2016,2/29/2016,2,Short Form,Call Center Internal
Treadclimber,CAM48558 APTNC120HKINGKST,3/5/2016,3/5/2016,2/29/2016,1,Short Form,Call Center Internal
Treadclimber,CAM48561 CHCHC120HKINGKST,3/2/2016,3/2/2016,2/29/2016,1,Short Form,Call Center Internal
Treadclimber,CAM48561 CHCHC120HKINGKST,3/5/2016,3/5/2016,2/29/2016,1,Short Form,Call Center Internal
Treadclimber,CAM48564 COSMC120HKINGKST,3/2/2016,3/2/2016,2/29/2016,1,Short Form,Call Center Internal
Treadclimber,CAM48570 KXLYC120HKINGKST,3/6/2016,3/6/2016,2/29/2016,1,Short Form,Call Center Internal
Treadclimber,CAM48575 TLN*C120HKINGKST,2/29/2016,2/29/2016,2/29/2016,1,Short Form,Call Center Internal
Treadclimber,CAM48575 TLN*C120HKINGKST,3/1/2016,3/1/2016,2/29/2016,1,Short Form,Call Center Internal
Treadclimber,CAM48577 TSN*C120HKINGKST,3/4/2016,3/4/2016,2/29/2016,3,Short Form,Call Center Internal
Treadclimber,CAM48577 TSN*C120HKINGKST,,3/4/2016,2/29/2016,1,Short Form,Call Center Internal
Treadclimber,CAM48577 TSN*C120HKINGKST,3/5/2016,3/5/2016,2/29/2016,1,Short Form,Call Center Internal
Treadclimber,CAM48584 ZEETC120HKINGKST,3/1/2016,3/1/2016,2/29/2016,1,Short Form,Call Center Internal
Treadclimber,CAM48584 ZEETC120HKINGKST,3/3/2016,3/3/2016,2/29/2016,1,Short Form,Call Center Internal
Treadclimber,CAM48584 ZEETC120HKINGKST,3/5/2016,3/5/2016,2/29/2016,1,Short Form,Call Center Internal
Treadclimber,CAM48584 ZEETC120HKINGKST,3/6/2016,3/6/2016,2/29/2016,1,Short Form,Call Center Internal
Bowflex Max Trainer,CAM48754 JUSTN120J14FSTIC,3/6/2016,3/6/2016,2/29/2016,1,Short Form,Call Center Internal
Bowflex Max Trainer,CAM48760 ODORN120J14FSTIC,,3/4/2016,2/29/2016,1,Short Form,Call Center Internal
Bowflex Max Trainer,CAM48780 DISNN60*J14FSTIC,,2/29/2016,2/29/2016,1,Short Form,Call Center Internal
Bowflex Max Trainer,CAM48839 SPONC60*JACKDKST,,3/6/2016,2/29/2016,1,Short Form,Call Center Internal
Bowflex Max Trainer,CAM48847 CHCHC120J14FSKST,3/5/2016,3/5/2016,2/29/2016,1,Short Form,Call Center Internal
Bowflex Max Trainer,CAM48847 CHCHC120J14FSKST,,3/5/2016,2/29/2016,2,Short Form,Call Center Internal
Bowflex Max Trainer,CAM48853 IDISC120J14FSKST,,3/2/2016,2/29/2016,1,Short Form,Call Center Internal
Bowflex Max Trainer,CAM48860 OWN*C120J14FSKST,,3/4/2016,2/29/2016,1,Short Form,Call Center Internal
Treadclimber,CAM48860 OWN*C120J14FSKST,,3/4/2016,2/29/2016,1,Short Form,Call Center Internal
Bowflex Max Trainer,CAM48861 TLN*C120J14FSKST,3/3/2016,3/3/2016,2/29/2016,1,Short Form,Call Center Internal
Bowflex Max Trainer,CAM48862 TRAVC120J14FSKST,,3/1/2016,2/29/2016,1,Short Form,Call Center Internal
Bowflex Max Trainer,CAM48863 TSN*C120J14FSKST,3/3/2016,3/3/2016,2/29/2016,1,Short Form,Call Center Internal
Bowflex Max Trainer,CAM48863 TSN*C120J14FSKST,3/4/2016,3/4/2016,2/29/2016,2,Short Form,Call Center Internal
Bowflex Max Trainer,CAM48863 TSN*C120J14FSKST,3/6/2016,3/6/2016,2/29/2016,1,Short Form,Call Center Internal
Bowflex Max Trainer,CAM48864 TSN2C120J14FSKST,2/29/2016,2/29/2016,2/29/2016,1,Short Form,Call Center Internal
Bowflex Max Trainer,CAM48866 VEL*C120J14FSKST,,2/29/2016,2/29/2016,1,Short Form,Call Center Internal
Bowflex Max Trainer,CAM48866 VEL*C120J14FSKST,,3/3/2016,2/29/2016,1,Short Form,Call Center Internal
Treadclimber,CAM48866 VEL*C120J14FSKST,,3/3/2016,2/29/2016,1,Short Form,Call Center Internal
Bowflex Max Trainer,CAM48866 VEL*C120J14FSKST,,3/5/2016,2/29/2016,1,Short Form,Call Center Internal
Bowflex Max Trainer,CAM48869 ZEETC120J14FSKST,3/4/2016,3/4/2016,2/29/2016,1,Short Form,Call Center Internal
Bowflex Max Trainer,CAM48869 ZEETC120J14FSKST,3/5/2016,3/5/2016,2/29/2016,1,Short Form,Call Center Internal
Bowflex Max Trainer,CAM49019 WCVBN120J14FSTIC,3/5/2016,3/5/2016,2/29/2016,1,Short Form,Call Center Internal
Bowflex Home Gyms,CAM28157 SALESFOLLOWUP,,2/29/2016,2/29/2016,2,Un-Sourced,Call Center Internal
Treadclimber,CAM28157 SALESFOLLOWUP,,2/29/2016,2/29/2016,1,Un-Sourced,Call Center Internal
Bowflex Home Gyms,CAM28157 SALESFOLLOWUP,,3/1/2016,2/29/2016,1,Un-Sourced,Call Center Internal
Bowflex Selecttech Dumbbells,CAM40819 1800SELECTTECH,,3/3/2016,2/29/2016,1,Un-Sourced,Call Center Internal
Bowflex Home Gyms,CAM40821 1800BOWFLEX,,3/5/2016,2/29/2016,1,Un-Sourced,Call Center Internal
Treadclimber,CAM45327 1800MAXTRAINER,,3/2/2016,2/29/2016,1,Un-Sourced,Call Center Internal
Bowflex Max Trainer,CAM45327 1800MAXTRAINER,3/3/2016,3/3/2016,2/29/2016,1,Un-Sourced,Call Center Internal
Bowflex Max Trainer,CAM38406 SAWDPETPRINT12F,,3/10/2016,3/7/2016,1,Electronic - Print,Call Center Internal
Treadclimber,CAM38406 SAWDPETPRINT12F,,3/10/2016,3/7/2016,1,Electronic - Print,Call Center Internal
Treadclimber,CAM30971 icastsf09buytc,3/7/2016,3/7/2016,3/7/2016,1,Electronic - Short Form,Web
Bowflex Max Trainer,CAM36104 SAWSF11E,,3/7/2016,3/7/2016,1,Electronic - Short Form,Call Center Internal
Treadclimber,CAM36104 SAWSF11E,,3/7/2016,3/7/2016,2,Electronic - Short Form,Call Center Internal
Treadclimber,CAM37204 icastsf12b,3/7/2016,3/7/2016,3/7/2016,6,Electronic - Short Form,Web
Treadclimber,CAM37204 icastsf12b,3/8/2016,3/8/2016,3/7/2016,2,Electronic - Short Form,Web
Treadclimber,CAM37204 icastsf12b,3/9/2016,3/9/2016,3/7/2016,1,Electronic - Short Form,Web
Treadclimber,CAM37204 icastsf12b,3/10/2016,3/10/2016,3/7/2016,1,Electronic - Short Form,Web
Treadclimber,CAM37204 icastsf12b,3/12/2016,3/12/2016,3/7/2016,1,Electronic - Short Form,Web
Treadclimber,CAM37204 icastsf12b,3/13/2016,3/13/2016,3/7/2016,1,Electronic - Short Form,Web
Bowflex Max Trainer,CAM44215 SAWDSEESF14A,,3/7/2016,3/7/2016,1,Electronic - Short Form,Call Center Internal
Bowflex Max Trainer,CAM45387 DSEESF14E,3/10/2016,3/10/2016,3/7/2016,1,Electronic - Short Form,Web
Bowflex Max Trainer,CAM45693 ICASESF14A,3/7/2016,3/7/2016,3/7/2016,1,Electronic - Short Form,Web
Bowflex Max Trainer,CAM45693 ICASESF14A,3/8/2016,3/8/2016,3/7/2016,1,Electronic - Short Form,Web
Bowflex Max Trainer,CAM45693 ICASESF14A,3/10/2016,3/10/2016,3/7/2016,1,Electronic - Short Form,Web
Bowflex Max Trainer,CAM45694 ICASESF14B,3/7/2016,3/7/2016,3/7/2016,16,Electronic - Short Form,Web
Bowflex Max Trainer,CAM45694 ICASESF14B,,3/7/2016,3/7/2016,1,Electronic - Short Form,Web
Bowflex Max Trainer,CAM45694 ICASESF14B,3/8/2016,3/8/2016,3/7/2016,13,Electronic - Short Form,Web
Bowflex Max Trainer,CAM45694 ICASESF14B,,3/8/2016,3/7/2016,3,Electronic - Short Form,Web
Bowflex Max Trainer,CAM45694 ICASESF14B,3/9/2016,3/9/2016,3/7/2016,16,Electronic - Short Form,Web
Bowflex Max Trainer,CAM45694 ICASESF14B,,3/9/2016,3/7/2016,1,Electronic - Short Form,Web
Bowflex Max Trainer,CAM45694 ICASESF14B,3/10/2016,3/10/2016,3/7/2016,8,Electronic - Short Form,Web
Bowflex Max Trainer,CAM45694 ICASESF14B,3/15/2016,3/10/2016,3/7/2016,1,Electronic - Short Form,Web
Bowflex Max Trainer,CAM45694 ICASESF14B,,3/10/2016,3/7/2016,4,Electronic - Short Form,Web
Treadclimber,CAM45694 ICASESF14B,,3/10/2016,3/7/2016,1,Electronic - Short Form,Web
Bowflex Max Trainer,CAM45694 ICASESF14B,3/11/2016,3/11/2016,3/7/2016,11,Electronic - Short Form,Web
Bowflex Max Trainer,CAM45694 ICASESF14B,,3/11/2016,3/7/2016,1,Electronic - Short Form,Web
Bowflex Max Trainer,CAM45694 ICASESF14B,3/12/2016,3/12/2016,3/7/2016,20,Electronic - Short Form,Web
Bowflex Max Trainer,CAM45694 ICASESF14B,,3/12/2016,3/7/2016,2,Electronic - Short Form,Web
Bowflex Max Trainer,CAM45694 ICASESF14B,3/13/2016,3/13/2016,3/7/2016,31,Electronic - Short Form,Web
Bowflex Max Trainer,CAM45695 ICASESF14C,,3/7/2016,3/7/2016,1,Electronic - Short Form,Web
Treadclimber,CAM47456 ICASTSF15B,3/13/2016,3/13/2016,3/7/2016,1,Electronic - Short Form,Web
Bowflex Max Trainer,CAM48701 ICASESF15A,3/13/2016,3/13/2016,3/7/2016,1,Electronic - Short Form,Web
Bowflex Home Gyms,CAM128 1800BOWFLEX_CAB,,3/8/2016,3/7/2016,1,Electronic - UnSourced,Call Center Internal
Bowflex Revolution,CAM128 1800BOWFLEX_CAB,,3/8/2016,3/7/2016,1,Electronic - UnSourced,Call Center Internal
Treadclimber,CAM132 1800BOWFLEX_CAT,3/8/2016,3/8/2016,3/7/2016,1,Electronic - UnSourced,Call Center Internal
Treadclimber,CAM133 1800BOWFLEX_TRC,3/7/2016,3/7/2016,3/7/2016,1,Electronic - UnSourced,Call Center Internal
Treadclimber,CAM133 1800BOWFLEX_TRC,3/11/2016,3/11/2016,3/7/2016,1,Electronic - UnSourced,Call Center Internal
Bowflex Home Gyms,CAM26641 icawsinglelp,,3/10/2016,3/7/2016,1,Electronic - UnSourced,Web
Bowflex Home Gyms,CAM28364 icaw1sitecab,3/8/2016,3/8/2016,3/7/2016,1,Electronic - UnSourced,Web
Treadclimber,CAM28491 icat1sitecat,3/8/2016,3/8/2016,3/7/2016,1,Electronic - UnSourced,Web
Treadclimber,CAM28491 icat1sitecat,3/10/2016,3/10/2016,3/7/2016,1,Electronic - UnSourced,Web
Bowflex Home Gyms,CAM40739 ICAWHOME,3/7/2016,3/7/2016,3/7/2016,1,Electronic - UnSourced,Web
Bowflex Home Gyms,CAM40739 ICAWHOME,,3/8/2016,3/7/2016,1,Electronic - UnSourced,Web
Bowflex Revolution,CAM40739 ICAWHOME,,3/8/2016,3/7/2016,1,Electronic - UnSourced,Web
Bowflex Home Gyms,CAM40739 ICAWHOME,3/9/2016,3/9/2016,3/7/2016,2,Electronic - UnSourced,Web
Bowflex Home Gyms,CAM40739 ICAWHOME,,3/9/2016,3/7/2016,1,Electronic - UnSourced,Web
Bowflex Selecttech Dumbbells,CAM40739 ICAWHOME,,3/9/2016,3/7/2016,1,Electronic - UnSourced,Web
Bowflex Home Gyms,CAM40739 ICAWHOME,,3/11/2016,3/7/2016,1,Electronic - UnSourced,Web
Bowflex Home Gyms,CAM40739 ICAWHOME,3/13/2016,3/13/2016,3/7/2016,1,Electronic - UnSourced,Web
Treadclimber,CAM40760 ICATHOME,3/7/2016,3/7/2016,3/7/2016,2,Electronic - UnSourced,Web
Treadclimber,CAM40760 ICATHOME,,3/7/2016,3/7/2016,1,Electronic - UnSourced,Web
Treadclimber,CAM40760 ICATHOME,3/8/2016,3/8/2016,3/7/2016,2,Electronic - UnSourced,Web
Treadclimber,CAM40760 ICATHOME,,3/8/2016,3/7/2016,1,Electronic - UnSourced,Web
Treadclimber,CAM40760 ICATHOME,3/9/2016,3/9/2016,3/7/2016,2,Electronic - UnSourced,Web
Treadclimber,CAM40760 ICATHOME,,3/9/2016,3/7/2016,3,Electronic - UnSourced,Web
Treadclimber,CAM40760 ICATHOME,3/10/2016,3/10/2016,3/7/2016,1,Electronic - UnSourced,Web
Treadclimber,CAM40760 ICATHOME,,3/11/2016,3/7/2016,1,Electronic - UnSourced,Web
Treadclimber,CAM40760 ICATHOME,3/12/2016,3/12/2016,3/7/2016,1,Electronic - UnSourced,Web
Treadclimber,CAM40760 ICATHOME,3/13/2016,3/13/2016,3/7/2016,1,Electronic - UnSourced,Web
Treadclimber,CAM40760 ICATHOME,,3/13/2016,3/7/2016,3,Electronic - UnSourced,Web
Bowflex Max Trainer,CAM45632 ICAEE1SITECMT,3/7/2016,3/7/2016,3/7/2016,2,Electronic - UnSourced,Web
Bowflex Max Trainer,CAM45632 ICAEE1SITECMT,,3/7/2016,3/7/2016,5,Electronic - UnSourced,Web
Bowflex Max Trainer,CAM45632 ICAEE1SITECMT,3/8/2016,3/8/2016,3/7/2016,4,Electronic - UnSourced,Web
Bowflex Max Trainer,CAM45632 ICAEE1SITECMT,,3/8/2016,3/7/2016,3,Electronic - UnSourced,Web
Bowflex Max Trainer,CAM45632 ICAEE1SITECMT,3/9/2016,3/9/2016,3/7/2016,3,Electronic - UnSourced,Web
Bowflex Max Trainer,CAM45632 ICAEE1SITECMT,,3/9/2016,3/7/2016,3,Electronic - UnSourced,Web
Bowflex Max Trainer,CAM45632 ICAEE1SITECMT,3/10/2016,3/10/2016,3/7/2016,2,Electronic - UnSourced,Web
Bowflex Max Trainer,CAM45632 ICAEE1SITECMT,,3/10/2016,3/7/2016,3,Electronic - UnSourced,Web
Bowflex Max Trainer,CAM45632 ICAEE1SITECMT,3/11/2016,3/11/2016,3/7/2016,2,Electronic - UnSourced,Web
Bowflex Max Trainer,CAM45632 ICAEE1SITECMT,,3/11/2016,3/7/2016,3,Electronic - UnSourced,Web
Bowflex Max Trainer,CAM45632 ICAEE1SITECMT,3/12/2016,3/12/2016,3/7/2016,4,Electronic - UnSourced,Web
Bowflex Max Trainer,CAM45632 ICAEE1SITECMT,3/13/2016,3/12/2016,3/7/2016,2,Electronic - UnSourced,Web
Bowflex Max Trainer,CAM45632 ICAEE1SITECMT,,3/12/2016,3/7/2016,3,Electronic - UnSourced,Web
Bowflex Max Trainer,CAM45632 ICAEE1SITECMT,3/13/2016,3/13/2016,3/7/2016,2,Electronic - UnSourced,Web
Bowflex Max Trainer,CAM45632 ICAEE1SITECMT,,3/13/2016,3/7/2016,4,Electronic - UnSourced,Web
Treadclimber,CAM45632 ICAEE1SITECMT,,3/13/2016,3/7/2016,2,Electronic - UnSourced,Web
Bowflex Max Trainer,CAM45697 ICAEEDIGIK,,3/11/2016,3/7/2016,1,Electronic - UnSourced,Call Center Internal
Treadclimber,CAM45697 ICAEEDIGIK,,3/11/2016,3/7/2016,1,Electronic - UnSourced,Call Center Internal
Bowflex Max Trainer,CAM45699 SAWICAEEMAX,3/7/2016,3/7/2016,3/7/2016,1,Electronic - UnSourced,Call Center Internal
Bowflex Max Trainer,CAM45699 SAWICAEEMAX,,3/8/2016,3/7/2016,2,Electronic - UnSourced,Call Center Internal
Bowflex Revolution,CAM45699 SAWICAEEMAX,,3/8/2016,3/7/2016,1,Electronic - UnSourced,Call Center Internal
Treadclimber,CAM45699 SAWICAEEMAX,,3/9/2016,3/7/2016,1,Electronic - UnSourced,Call Center Internal
Bowflex Max Trainer,CAM45699 SAWICAEEMAX,,3/10/2016,3/7/2016,1,Electronic - UnSourced,Call Center Internal
Bowflex Max Trainer,CAM45699 SAWICAEEMAX,,3/11/2016,3/7/2016,2,Electronic - UnSourced,Call Center Internal
Bowflex Max Trainer,CAM45699 SAWICAEEMAX,,3/12/2016,3/7/2016,1,Electronic - UnSourced,Call Center Internal
Bowflex Max Trainer,CAM45699 SAWICAEEMAX,,3/13/2016,3/7/2016,1,Electronic - UnSourced,Call Center Internal
Bowflex Max Trainer,CAM6025 SAWWEBTC,,3/9/2016,3/7/2016,1,Electronic - UnSourced,Call Center Internal
Treadclimber,CAM6025 SAWWEBTC,,3/9/2016,3/7/2016,1,Electronic - UnSourced,Call Center Internal
Treadclimber,CAM12351 SAWFROOGTC,,3/7/2016,3/7/2016,1,Online,Call Center Internal
Bowflex Home Gyms,CAM20988 DOADPMSAWBF,3/9/2016,3/9/2016,3/7/2016,1,Online,Call Center Internal
Bowflex Selecttech Dumbbells,CAM40758 ICADHOME,,3/8/2016,3/7/2016,2,Online,Web
Bowflex Selecttech Dumbbells,CAM40758 ICADHOME,,3/11/2016,3/7/2016,1,Online,Web
Bowflex Selecttech Dumbbells,CAM40758 ICADHOME,,3/13/2016,3/7/2016,2,Online,Web
Treadclimber,CAM6110 SAWGOOGTC,,3/7/2016,3/7/2016,1,Online,Call Center Internal
Treadclimber,CAM47235 SAWDODCTOT,,3/9/2016,3/7/2016,1,Online Display,Call Center Internal
Treadclimber,CAM47235 SAWDODCTOT,,3/11/2016,3/7/2016,1,Online Display,Call Center Internal
Bowflex Max Trainer,CAM48951 ICAODRFEDL1,3/7/2016,3/7/2016,3/7/2016,2,Online Display,Web
Bowflex Max Trainer,CAM48951 ICAODRFEDL1,,3/7/2016,3/7/2016,1,Online Display,Web
Bowflex Max Trainer,CAM48951 ICAODRFEDL1,,3/8/2016,3/7/2016,1,Online Display,Web
Bowflex Max Trainer,CAM48951 ICAODRFEDL1,3/9/2016,3/9/2016,3/7/2016,1,Online Display,Web
Bowflex Max Trainer,CAM48951 ICAODRFEDL1,3/12/2016,3/12/2016,3/7/2016,1,Online Display,Web
Bowflex Max Trainer,CAM48951 ICAODRFEDL1,,3/12/2016,3/7/2016,2,Online Display,Web
Treadclimber,CAM30840 icaosgctsl1,3/13/2016,3/13/2016,3/7/2016,1,Online Search,Web
Treadclimber,CAM30841 icaosgctsl2,,3/7/2016,3/7/2016,1,Online Search,Web
Treadclimber,CAM30841 icaosgctsl2,3/8/2016,3/8/2016,3/7/2016,1,Online Search,Web
Treadclimber,CAM30841 icaosgctsl2,,3/8/2016,3/7/2016,2,Online Search,Web
Treadclimber,CAM30841 icaosgctsl2,,3/9/2016,3/7/2016,1,Online Search,Web
Treadclimber,CAM30841 icaosgctsl2,3/10/2016,3/10/2016,3/7/2016,1,Online Search,Web
Treadclimber,CAM30841 icaosgctsl2,,3/10/2016,3/7/2016,1,Online Search,Web
Treadclimber,CAM30841 icaosgctsl2,3/11/2016,3/11/2016,3/7/2016,1,Online Search,Web
Treadclimber,CAM30841 icaosgctsl2,3/12/2016,3/12/2016,3/7/2016,1,Online Search,Web
Treadclimber,CAM30841 icaosgctsl2,,3/12/2016,3/7/2016,1,Online Search,Web
Treadclimber,CAM30841 icaosgctsl2,3/13/2016,3/13/2016,3/7/2016,3,Online Search,Web
Bowflex Home Gyms,CAM30891 SAWICAOSGCW,,3/8/2016,3/7/2016,2,Online Search,Call Center Internal
Bowflex Home Gyms,CAM30891 SAWICAOSGCW,,3/10/2016,3/7/2016,1,Online Search,Call Center Internal
Bowflex Home Gyms,CAM30891 SAWICAOSGCW,,3/12/2016,3/7/2016,2,Online Search,Call Center Internal
Bowflex Revolution,CAM30891 SAWICAOSGCW,,3/12/2016,3/7/2016,1,Online Search,Call Center Internal
Treadclimber,CAM30891 SAWICAOSGCW,,3/12/2016,3/7/2016,1,Online Search,Call Center Internal
Bowflex Home Gyms,CAM31268 icaosgcwgl1cab,3/7/2016,3/7/2016,3/7/2016,1,Online Search,Web
Bowflex Home Gyms,CAM31268 icaosgcwgl1cab,,3/7/2016,3/7/2016,1,Online Search,Web
Bowflex Home Gyms,CAM31268 icaosgcwgl1cab,3/8/2016,3/8/2016,3/7/2016,2,Online Search,Web
Bowflex Home Gyms,CAM31268 icaosgcwgl1cab,,3/8/2016,3/7/2016,1,Online Search,Web
Bowflex Home Gyms,CAM31268 icaosgcwgl1cab,3/9/2016,3/9/2016,3/7/2016,3,Online Search,Web
Bowflex Home Gyms,CAM31268 icaosgcwgl1cab,3/10/2016,3/10/2016,3/7/2016,2,Online Search,Web
Bowflex Home Gyms,CAM31268 icaosgcwgl1cab,,3/11/2016,3/7/2016,1,Online Search,Web
Bowflex Home Gyms,CAM31268 icaosgcwgl1cab,3/12/2016,3/12/2016,3/7/2016,2,Online Search,Web
Bowflex Home Gyms,CAM31268 icaosgcwgl1cab,3/13/2016,3/13/2016,3/7/2016,2,Online Search,Web
Bowflex Selecttech Dumbbells,CAM31587 icaosgcdgl1cas,,3/9/2016,3/7/2016,1,Online Search,Web
Bowflex Selecttech Dumbbells,CAM31587 icaosgcdgl1cas,3/10/2016,3/10/2016,3/7/2016,1,Online Search,Web
Bowflex Selecttech Dumbbells,CAM31587 icaosgcdgl1cas,,3/10/2016,3/7/2016,1,Online Search,Web
Bowflex Selecttech Dumbbells,CAM31587 icaosgcdgl1cas,,3/11/2016,3/7/2016,1,Online Search,Web
Treadclimber,CAM33017 SAWCAOSGCTMOBILE,,3/8/2016,3/7/2016,2,Online Search,Call Center Internal
Treadclimber,CAM36695 icaosgctgl1cat,,3/7/2016,3/7/2016,1,Online Search,Web
Treadclimber,CAM36695 icaosgctgl1cat,3/9/2016,3/9/2016,3/7/2016,1,Online Search,Web
Treadclimber,CAM37608 SAWICAOSBCT,,3/7/2016,3/7/2016,1,Online Search,Call Center Internal
Treadclimber,CAM37608 SAWICAOSBCT,,3/8/2016,3/7/2016,1,Online Search,Call Center Internal
Treadclimber,CAM37608 SAWICAOSBCT,,3/10/2016,3/7/2016,1,Online Search,Call Center Internal
Treadclimber,CAM37608 SAWICAOSBCT,,3/12/2016,3/7/2016,1,Online Search,Call Center Internal
Bowflex Home Gyms,CAM37658 icaosbcgsl5,,3/10/2016,3/7/2016,1,Online Search,Web
Treadclimber,CAM37865 icaosgctsl7,,3/10/2016,3/7/2016,1,Online Search,Web
Treadclimber,CAM39467 icaosbctsl1,3/8/2016,3/8/2016,3/7/2016,1,Online Search,Web
Treadclimber,CAM39467 icaosbctsl1,3/11/2016,3/11/2016,3/7/2016,1,Online Search,Web
Bowflex Selecttech Dumbbells,CAM40990 icaosbcdgl1cas,,3/11/2016,3/7/2016,1,Online Search,Web
Bowflex Home Gyms,CAM40991 icaosbcggl1cab,3/11/2016,3/11/2016,3/7/2016,1,Online Search,Web
Bowflex Home Gyms,CAM40991 icaosbcggl1cab,,3/12/2016,3/7/2016,1,Online Search,Web
Bowflex Selecttech Dumbbells,CAM44210 SAWICAOSGCD,,3/8/2016,3/7/2016,1,Online Search,Call Center Internal
Bowflex Max Trainer,CAM44230 SAWDOSG2E,3/7/2016,3/7/2016,3/7/2016,1,Online Search,Call Center Internal
Treadclimber,CAM44489 icaosgctml2,,3/7/2016,3/7/2016,1,Online Search,Web
Treadclimber,CAM44489 icaosgctml2,3/9/2016,3/9/2016,3/7/2016,1,Online Search,Web
Treadclimber,CAM44489 icaosgctml2,3/11/2016,3/11/2016,3/7/2016,1,Online Search,Web
Treadclimber,CAM44489 icaosgctml2,3/12/2016,3/12/2016,3/7/2016,2,Online Search,Web
Treadclimber,CAM44489 icaosgctml2,3/13/2016,3/13/2016,3/7/2016,1,Online Search,Web
Bowflex Selecttech Dumbbells,CAM44557 icaosgcdsl8,,3/7/2016,3/7/2016,1,Online Search,Web
Bowflex Selecttech Dumbbells,CAM44557 icaosgcdsl8,,3/11/2016,3/7/2016,1,Online Search,Web
Bowflex Selecttech Dumbbells,CAM44557 icaosgcdsl8,,3/13/2016,3/7/2016,1,Online Search,Web
Bowflex Max Trainer,CAM45624 ICAOSGCESL2,,3/9/2016,3/7/2016,1,Online Search,Call Center Internal
Bowflex Max Trainer,CAM45624 ICAOSGCESL2,,3/10/2016,3/7/2016,1,Online Search,Call Center Internal
Treadclimber,CAM45624 ICAOSGCESL2,,3/10/2016,3/7/2016,1,Online Search,Call Center Internal
Bowflex Max Trainer,CAM45624 ICAOSGCESL2,3/7/2016,3/7/2016,3/7/2016,3,Online Search,Web
Bowflex Max Trainer,CAM45624 ICAOSGCESL2,,3/7/2016,3/7/2016,4,Online Search,Web
Treadclimber,CAM45624 ICAOSGCESL2,,3/7/2016,3/7/2016,1,Online Search,Web
Bowflex Max Trainer,CAM45624 ICAOSGCESL2,3/8/2016,3/8/2016,3/7/2016,1,Online Search,Web
Bowflex Max Trainer,CAM45624 ICAOSGCESL2,,3/8/2016,3/7/2016,5,Online Search,Web
Treadclimber,CAM45624 ICAOSGCESL2,,3/8/2016,3/7/2016,1,Online Search,Web
Bowflex Max Trainer,CAM45624 ICAOSGCESL2,3/9/2016,3/9/2016,3/7/2016,1,Online Search,Web
Bowflex Max Trainer,CAM45624 ICAOSGCESL2,,3/9/2016,3/7/2016,1,Online Search,Web
Treadclimber,CAM45624 ICAOSGCESL2,,3/9/2016,3/7/2016,1,Online Search,Web
Bowflex Max Trainer,CAM45624 ICAOSGCESL2,3/10/2016,3/10/2016,3/7/2016,3,Online Search,Web
Bowflex Max Trainer,CAM45624 ICAOSGCESL2,,3/10/2016,3/7/2016,7,Online Search,Web
Treadclimber,CAM45624 ICAOSGCESL2,,3/10/2016,3/7/2016,1,Online Search,Web
Bowflex Max Trainer,CAM45624 ICAOSGCESL2,3/11/2016,3/11/2016,3/7/2016,1,Online Search,Web
Bowflex Max Trainer,CAM45624 ICAOSGCESL2,,3/11/2016,3/7/2016,5,Online Search,Web
Bowflex Max Trainer,CAM45624 ICAOSGCESL2,3/12/2016,3/12/2016,3/7/2016,4,Online Search,Web
Bowflex Max Trainer,CAM45624 ICAOSGCESL2,,3/12/2016,3/7/2016,4,Online Search,Web
Bowflex Max Trainer,CAM45624 ICAOSGCESL2,3/13/2016,3/13/2016,3/7/2016,6,Online Search,Web
Bowflex Max Trainer,CAM45624 ICAOSGCESL2,,3/13/2016,3/7/2016,3,Online Search,Web
Bowflex Max Trainer,CAM45626 ICAOSGCEML2,,3/7/2016,3/7/2016,1,Online Search,Call Center Internal
Bowflex Max Trainer,CAM45626 ICAOSGCEML2,3/7/2016,3/7/2016,3/7/2016,1,Online Search,Web
Bowflex Max Trainer,CAM45626 ICAOSGCEML2,,3/7/2016,3/7/2016,2,Online Search,Web
Bowflex Max Trainer,CAM45626 ICAOSGCEML2,3/8/2016,3/8/2016,3/7/2016,5,Online Search,Web
Bowflex Max Trainer,CAM45626 ICAOSGCEML2,,3/8/2016,3/7/2016,2,Online Search,Web
Bowflex Max Trainer,CAM45626 ICAOSGCEML2,3/9/2016,3/9/2016,3/7/2016,3,Online Search,Web
Bowflex Max Trainer,CAM45626 ICAOSGCEML2,,3/9/2016,3/7/2016,2,Online Search,Web
Bowflex Max Trainer,CAM45626 ICAOSGCEML2,3/10/2016,3/10/2016,3/7/2016,2,Online Search,Web
Bowflex Max Trainer,CAM45626 ICAOSGCEML2,3/11/2016,3/11/2016,3/7/2016,3,Online Search,Web
Bowflex Max Trainer,CAM45626 ICAOSGCEML2,,3/11/2016,3/7/2016,3,Online Search,Web
Bowflex Max Trainer,CAM45626 ICAOSGCEML2,3/12/2016,3/12/2016,3/7/2016,3,Online Search,Web
Bowflex Max Trainer,CAM45626 ICAOSGCEML2,3/13/2016,3/12/2016,3/7/2016,1,Online Search,Web
Bowflex Max Trainer,CAM45626 ICAOSGCEML2,,3/12/2016,3/7/2016,6,Online Search,Web
Treadclimber,CAM45626 ICAOSGCEML2,,3/12/2016,3/7/2016,1,Online Search,Web
Bowflex Max Trainer,CAM45626 ICAOSGCEML2,3/13/2016,3/13/2016,3/7/2016,3,Online Search,Web
Bowflex Max Trainer,CAM45626 ICAOSGCEML2,,3/13/2016,3/7/2016,1,Online Search,Web
Bowflex Max Trainer,CAM45628 ICAOSBCESL2,3/7/2016,3/7/2016,3/7/2016,2,Online Search,Web
Bowflex Max Trainer,CAM45628 ICAOSBCESL2,,3/10/2016,3/7/2016,1,Online Search,Web
Bowflex Max Trainer,CAM45628 ICAOSBCESL2,,3/11/2016,3/7/2016,1,Online Search,Web
Bowflex Max Trainer,CAM45628 ICAOSBCESL2,3/12/2016,3/12/2016,3/7/2016,1,Online Search,Web
Bowflex Max Trainer,CAM45628 ICAOSBCESL2,,3/12/2016,3/7/2016,1,Online Search,Web
Bowflex Max Trainer,CAM45630 ICAOSBCEML2,,3/10/2016,3/7/2016,1,Online Search,Web
Bowflex Max Trainer,CAM45630 ICAOSBCEML2,3/12/2016,3/12/2016,3/7/2016,1,Online Search,Web
Bowflex Max Trainer,CAM45633 ICAOSGCEGL1CMT,3/7/2016,3/7/2016,3/7/2016,1,Online Search,Web
Bowflex Max Trainer,CAM45633 ICAOSGCEGL1CMT,,3/7/2016,3/7/2016,4,Online Search,Web
Treadclimber,CAM45633 ICAOSGCEGL1CMT,,3/7/2016,3/7/2016,1,Online Search,Web
Bowflex Max Trainer,CAM45633 ICAOSGCEGL1CMT,3/8/2016,3/8/2016,3/7/2016,2,Online Search,Web
Bowflex Max Trainer,CAM45633 ICAOSGCEGL1CMT,,3/8/2016,3/7/2016,4,Online Search,Web
Bowflex Max Trainer,CAM45633 ICAOSGCEGL1CMT,3/9/2016,3/9/2016,3/7/2016,2,Online Search,Web
Bowflex Max Trainer,CAM45633 ICAOSGCEGL1CMT,,3/9/2016,3/7/2016,2,Online Search,Web
Bowflex Max Trainer,CAM45633 ICAOSGCEGL1CMT,3/10/2016,3/10/2016,3/7/2016,1,Online Search,Web
Bowflex Max Trainer,CAM45633 ICAOSGCEGL1CMT,,3/10/2016,3/7/2016,6,Online Search,Web
Treadclimber,CAM45633 ICAOSGCEGL1CMT,,3/10/2016,3/7/2016,1,Online Search,Web
Bowflex Max Trainer,CAM45633 ICAOSGCEGL1CMT,,3/11/2016,3/7/2016,4,Online Search,Web
Treadclimber,CAM45633 ICAOSGCEGL1CMT,,3/11/2016,3/7/2016,2,Online Search,Web
Bowflex Max Trainer,CAM45633 ICAOSGCEGL1CMT,3/12/2016,3/12/2016,3/7/2016,3,Online Search,Web
Bowflex Max Trainer,CAM45633 ICAOSGCEGL1CMT,,3/12/2016,3/7/2016,2,Online Search,Web
Bowflex Max Trainer,CAM45633 ICAOSGCEGL1CMT,3/13/2016,3/13/2016,3/7/2016,3,Online Search,Web
Bowflex Max Trainer,CAM45633 ICAOSGCEGL1CMT,,3/13/2016,3/7/2016,4,Online Search,Web
Bowflex Max Trainer,CAM45634 ICAOSBCEGL1CMT,3/11/2016,3/11/2016,3/7/2016,1,Online Search,Web
Bowflex Max Trainer,CAM45634 ICAOSBCEGL1CMT,,3/13/2016,3/7/2016,3,Online Search,Web
Bowflex Max Trainer,CAM45690 SAWICAOSGCE,,3/7/2016,3/7/2016,1,Online Search,Call Center Internal
Bowflex Max Trainer,CAM45690 SAWICAOSGCE,,3/8/2016,3/7/2016,3,Online Search,Call Center Internal
Bowflex Max Trainer,CAM45690 SAWICAOSGCE,,3/9/2016,3/7/2016,2,Online Search,Call Center Internal
Bowflex Max Trainer,CAM45690 SAWICAOSGCE,3/10/2016,3/10/2016,3/7/2016,1,Online Search,Call Center Internal
Bowflex Max Trainer,CAM45690 SAWICAOSGCE,,3/10/2016,3/7/2016,2,Online Search,Call Center Internal
Treadclimber,CAM45690 SAWICAOSGCE,,3/10/2016,3/7/2016,1,Online Search,Call Center Internal
Bowflex Max Trainer,CAM45690 SAWICAOSGCE,,3/11/2016,3/7/2016,1,Online Search,Call Center Internal
Bowflex Max Trainer,CAM45690 SAWICAOSGCE,,3/12/2016,3/7/2016,2,Online Search,Call Center Internal
Bowflex Max Trainer,CAM45690 SAWICAOSGCE,,3/13/2016,3/7/2016,3,Online Search,Call Center Internal
Treadclimber,CAM45690 SAWICAOSGCE,,3/13/2016,3/7/2016,1,Online Search,Call Center Internal
Bowflex Max Trainer,CAM45836 ICAOSGCESL3,,3/12/2016,3/7/2016,2,Online Search,Web
Bowflex Max Trainer,CAM45838 ICAOSGCESL5,,3/10/2016,3/7/2016,1,Online Search,Web
Bowflex Max Trainer,CAM45838 ICAOSGCESL5,,3/13/2016,3/7/2016,1,Online Search,Web
Bowflex Max Trainer,CAM45839 ICAOSGCESL6,3/7/2016,3/7/2016,3/7/2016,3,Online Search,Web
Bowflex Max Trainer,CAM45839 ICAOSGCESL6,3/8/2016,3/8/2016,3/7/2016,1,Online Search,Web
Bowflex Max Trainer,CAM45839 ICAOSGCESL6,,3/9/2016,3/7/2016,1,Online Search,Web
Bowflex Max Trainer,CAM45839 ICAOSGCESL6,3/10/2016,3/10/2016,3/7/2016,2,Online Search,Web
Bowflex Max Trainer,CAM45839 ICAOSGCESL6,3/13/2016,3/13/2016,3/7/2016,3,Online Search,Web
Bowflex Max Trainer,CAM45841 ICAOSGCESL8,3/9/2016,3/9/2016,3/7/2016,1,Online Search,Web
Bowflex Max Trainer,CAM45841 ICAOSGCESL8,,3/9/2016,3/7/2016,1,Online Search,Web
Treadclimber,CAM45841 ICAOSGCESL8,,3/9/2016,3/7/2016,1,Online Search,Web
Bowflex Max Trainer,CAM45842 ICAOSGCESL9,,3/7/2016,3/7/2016,3,Online Search,Web
Bowflex Max Trainer,CAM45842 ICAOSGCESL9,,3/8/2016,3/7/2016,2,Online Search,Web
Bowflex Max Trainer,CAM45842 ICAOSGCESL9,3/10/2016,3/10/2016,3/7/2016,1,Online Search,Web
Bowflex Max Trainer,CAM45842 ICAOSGCESL9,,3/10/2016,3/7/2016,3,Online Search,Web
Bowflex Max Trainer,CAM45842 ICAOSGCESL9,,3/11/2016,3/7/2016,1,Online Search,Web
Bowflex Max Trainer,CAM45842 ICAOSGCESL9,3/13/2016,3/13/2016,3/7/2016,1,Online Search,Web
Bowflex Max Trainer,CAM45842 ICAOSGCESL9,,3/13/2016,3/7/2016,1,Online Search,Web
Bowflex Max Trainer,CAM45843 ICAOSBCESL3,,3/11/2016,3/7/2016,1,Online Search,Call Center Internal
Bowflex Max Trainer,CAM45843 ICAOSBCESL3,,3/11/2016,3/7/2016,1,Online Search,Web
Bowflex Max Trainer,CAM45846 ICAOSBCESL6,3/12/2016,3/12/2016,3/7/2016,1,Online Search,Web
Bowflex Max Trainer,CAM45849 ICAOSBCESL9,,3/10/2016,3/7/2016,1,Online Search,Web
Bowflex Max Trainer,CAM47271 ICAOSGCESL10,3/7/2016,3/7/2016,3/7/2016,2,Online Search,Web
Bowflex Max Trainer,CAM47271 ICAOSGCESL10,,3/7/2016,3/7/2016,1,Online Search,Web
Bowflex Max Trainer,CAM47271 ICAOSGCESL10,,3/8/2016,3/7/2016,2,Online Search,Web
Bowflex Max Trainer,CAM47271 ICAOSGCESL10,3/9/2016,3/9/2016,3/7/2016,1,Online Search,Web
Bowflex Max Trainer,CAM47271 ICAOSGCESL10,3/10/2016,3/10/2016,3/7/2016,1,Online Search,Web
Bowflex Max Trainer,CAM47271 ICAOSGCESL10,,3/11/2016,3/7/2016,1,Online Search,Web
Bowflex Max Trainer,CAM47271 ICAOSGCESL10,3/13/2016,3/13/2016,3/7/2016,1,Online Search,Web
Bowflex Max Trainer,CAM47271 ICAOSGCESL10,,3/13/2016,3/7/2016,1,Online Search,Web
Bowflex Max Trainer,CAM47272 ICAOSGCESL11,3/8/2016,3/8/2016,3/7/2016,1,Online Search,Web
Bowflex Max Trainer,CAM47272 ICAOSGCESL11,3/10/2016,3/10/2016,3/7/2016,1,Online Search,Web
Bowflex Max Trainer,CAM47272 ICAOSGCESL11,,3/13/2016,3/7/2016,1,Online Search,Web
Bowflex Home Gyms,CAM47278 ICAOSGCWSL35,3/8/2016,3/8/2016,3/7/2016,1,Online Search,Web
Bowflex Max Trainer,CAM45437 ICAOFG2TFEED1,,3/7/2016,3/7/2016,2,Online Shopping,Call Center Internal
Treadclimber,CAM45437 ICAOFG2TFEED1,,3/7/2016,3/7/2016,2,Online Shopping,Call Center Internal
Treadclimber,CAM45437 ICAOFG2TFEED1,3/8/2016,3/8/2016,3/7/2016,1,Online Shopping,Call Center Internal
Bowflex Max Trainer,CAM45437 ICAOFG2TFEED1,,3/10/2016,3/7/2016,1,Online Shopping,Call Center Internal
Treadclimber,CAM45437 ICAOFG2TFEED1,,3/10/2016,3/7/2016,1,Online Shopping,Call Center Internal
Bowflex Max Trainer,CAM45437 ICAOFG2TFEED1,,3/13/2016,3/7/2016,1,Online Shopping,Call Center Internal
Treadclimber,CAM45437 ICAOFG2TFEED1,,3/13/2016,3/7/2016,1,Online Shopping,Call Center Internal
Bowflex Max Trainer,CAM45437 ICAOFG2TFEED1,,3/7/2016,3/7/2016,1,Online Shopping,Web
Bowflex Max Trainer,CAM45437 ICAOFG2TFEED1,,3/8/2016,3/7/2016,1,Online Shopping,Web
Bowflex Home Gyms,CAM45438 ICAOFG2GFEED1,,3/7/2016,3/7/2016,1,Online Shopping,Call Center Internal
Bowflex Home Gyms,CAM45438 ICAOFG2GFEED1,,3/8/2016,3/7/2016,1,Online Shopping,Web
Bowflex Home Gyms,CAM45438 ICAOFG2GFEED1,3/9/2016,3/9/2016,3/7/2016,1,Online Shopping,Web
Bowflex Home Gyms,CAM45438 ICAOFG2GFEED1,,3/13/2016,3/7/2016,1,Online Shopping,Web
Treadclimber,CAM47172 DOXFBEGL1,,3/12/2016,3/7/2016,1,Online Social,Call Center Internal
Bowflex Max Trainer,CAM48224 SAWICAOXFBESCODE,,3/11/2016,3/7/2016,1,Online Social,Call Center Internal
Bowflex Max Trainer,CAM48225 ICAOXFBESCODE001,3/7/2016,3/7/2016,3/7/2016,1,Online Social,Web
Bowflex Max Trainer,CAM48225 ICAOXFBESCODE001,3/14/2016,3/7/2016,3/7/2016,1,Online Social,Web
Bowflex Max Trainer,CAM48225 ICAOXFBESCODE001,,3/7/2016,3/7/2016,2,Online Social,Web
Bowflex Max Trainer,CAM48225 ICAOXFBESCODE001,3/8/2016,3/8/2016,3/7/2016,3,Online Social,Web
Bowflex Max Trainer,CAM48225 ICAOXFBESCODE001,,3/8/2016,3/7/2016,2,Online Social,Web
Bowflex Max Trainer,CAM48225 ICAOXFBESCODE001,3/9/2016,3/9/2016,3/7/2016,4,Online Social,Web
Bowflex Max Trainer,CAM48225 ICAOXFBESCODE001,,3/9/2016,3/7/2016,3,Online Social,Web
Bowflex Max Trainer,CAM48225 ICAOXFBESCODE001,3/10/2016,3/10/2016,3/7/2016,2,Online Social,Web
Bowflex Max Trainer,CAM48225 ICAOXFBESCODE001,3/11/2016,3/11/2016,3/7/2016,4,Online Social,Web
Bowflex Max Trainer,CAM48225 ICAOXFBESCODE001,,3/11/2016,3/7/2016,1,Online Social,Web
Bowflex Max Trainer,CAM48225 ICAOXFBESCODE001,3/12/2016,3/12/2016,3/7/2016,1,Online Social,Web
Bowflex Max Trainer,CAM48225 ICAOXFBESCODE001,,3/12/2016,3/7/2016,1,Online Social,Web
Bowflex Max Trainer,CAM48225 ICAOXFBESCODE001,,3/13/2016,3/7/2016,2,Online Social,Web
Bowflex Max Trainer,CAM48226 ICAOXFBESCODE002,,3/12/2016,3/7/2016,1,Online Social,Web
Bowflex Max Trainer,CAM48227 ICAOXFBESCODE003,3/7/2016,3/7/2016,3/7/2016,1,Online Social,Web
Bowflex Max Trainer,CAM48227 ICAOXFBESCODE003,3/8/2016,3/8/2016,3/7/2016,1,Online Social,Web
Bowflex Max Trainer,CAM48227 ICAOXFBESCODE003,,3/8/2016,3/7/2016,3,Online Social,Web
Bowflex Max Trainer,CAM48227 ICAOXFBESCODE003,3/9/2016,3/9/2016,3/7/2016,4,Online Social,Web
Bowflex Max Trainer,CAM35680 INTELEMEDIACA,,3/8/2016,3/7/2016,2,Short Form,Call Center Internal
Treadclimber,CAM35680 INTELEMEDIACA,,3/8/2016,3/7/2016,2,Short Form,Call Center Internal
Treadclimber,CAM35680 INTELEMEDIACA,3/10/2016,3/10/2016,3/7/2016,1,Short Form,Call Center Internal
Treadclimber,CAM35680 INTELEMEDIACA,,3/10/2016,3/7/2016,1,Short Form,Call Center Internal
Treadclimber,CAM35680 INTELEMEDIACA,,3/12/2016,3/7/2016,1,Short Form,Call Center Internal
Bowflex Max Trainer,CAM48745 SUNDN120J14FSTIC,,3/7/2016,3/7/2016,1,Short Form,Call Center Internal
Bowflex Max Trainer,CAM48775 SUNDN180JACFSTIC,,3/8/2016,3/7/2016,1,Short Form,Call Center Internal
Bowflex Max Trainer,CAM48845 APTNC120J14FSKST,3/9/2016,3/9/2016,3/7/2016,1,Short Form,Call Center Internal
Bowflex Max Trainer,CAM48845 APTNC120J14FSKST,3/10/2016,3/10/2016,3/7/2016,2,Short Form,Call Center Internal
Bowflex Max Trainer,CAM48847 CHCHC120J14FSKST,3/9/2016,3/9/2016,3/7/2016,1,Short Form,Call Center Internal
Bowflex Max Trainer,CAM48848 CJNTC120J14FSKST,3/11/2016,3/11/2016,3/7/2016,1,Short Form,Call Center Internal
Bowflex Max Trainer,CAM48850 FGHTC120J14FSKST,3/7/2016,3/7/2016,3/7/2016,1,Short Form,Call Center Internal
Treadclimber,CAM48854 KIROC120J14FSKST,,3/8/2016,3/7/2016,1,Short Form,Call Center Internal
Bowflex Max Trainer,CAM48858 CBCNC120J14FSKST,3/12/2016,3/12/2016,3/7/2016,1,Short Form,Call Center Internal
Bowflex Max Trainer,CAM48858 CBCNC120J14FSKST,3/13/2016,3/13/2016,3/7/2016,1,Short Form,Call Center Internal
Bowflex Max Trainer,CAM48861 TLN*C120J14FSKST,3/8/2016,3/8/2016,3/7/2016,1,Short Form,Call Center Internal
Bowflex Max Trainer,CAM48861 TLN*C120J14FSKST,3/9/2016,3/9/2016,3/7/2016,1,Short Form,Call Center Internal
Bowflex Max Trainer,CAM48862 TRAVC120J14FSKST,3/12/2016,3/12/2016,3/7/2016,1,Short Form,Call Center Internal
Bowflex Max Trainer,CAM48862 TRAVC120J14FSKST,3/13/2016,3/13/2016,3/7/2016,1,Short Form,Call Center Internal
Bowflex Max Trainer,CAM48863 TSN*C120J14FSKST,3/12/2016,3/12/2016,3/7/2016,1,Short Form,Call Center Internal
Bowflex Max Trainer,CAM48864 TSN2C120J14FSKST,3/11/2016,3/11/2016,3/7/2016,1,Short Form,Call Center Internal
Bowflex Max Trainer,CAM48864 TSN2C120J14FSKST,,3/13/2016,3/7/2016,1,Short Form,Call Center Internal
Bowflex Max Trainer,CAM49154 INSPN120J14FSTIC,,3/7/2016,3/7/2016,1,Short Form,Call Center Internal
Bowflex Max Trainer,CAM49196 KXLYC120J14FSKST,3/9/2016,3/9/2016,3/7/2016,1,Short Form,Call Center Internal
Bowflex Max Trainer,CAM49197 CANCC120J14FSKST,3/13/2016,3/13/2016,3/7/2016,1,Short Form,Call Center Internal
Bowflex Max Trainer,CAM49199 YES*C120J14FSKST,3/11/2016,3/11/2016,3/7/2016,1,Short Form,Call Center Internal
Bowflex Home Gyms,CAM28157 SALESFOLLOWUP,,3/11/2016,3/7/2016,1,Un-Sourced,Call Center Internal
Bowflex Max Trainer,CAM28157 SALESFOLLOWUP,,3/11/2016,3/7/2016,1,Un-Sourced,Call Center Internal
Bowflex Home Gyms,CAM28157 SALESFOLLOWUP,,3/12/2016,3/7/2016,1,Un-Sourced,Call Center Internal
Bowflex Max Trainer,CAM28157 SALESFOLLOWUP,,3/12/2016,3/7/2016,1,Un-Sourced,Call Center Internal
Bowflex Home Gyms,CAM40821 1800BOWFLEX,,3/11/2016,3/7/2016,1,Un-Sourced,Call Center Internal
Bowflex Home Gyms,CAM40821 1800BOWFLEX,,3/12/2016,3/7/2016,2,Un-Sourced,Call Center Internal
Treadclimber,CAM40825 1800TREADCLIMBER,,3/8/2016,3/7/2016,2,Un-Sourced,Call Center Internal
Treadclimber,CAM45327 1800MAXTRAINER,,3/7/2016,3/7/2016,1,Un-Sourced,Call Center Internal
Bowflex Max Trainer,CAM45327 1800MAXTRAINER,,3/8/2016,3/7/2016,2,Un-Sourced,Call Center Internal
Bowflex Max Trainer,CAM45327 1800MAXTRAINER,,3/9/2016,3/7/2016,2,Un-Sourced,Call Center Internal
Bowflex Max Trainer,CAM45327 1800MAXTRAINER,,3/10/2016,3/7/2016,3,Un-Sourced,Call Center Internal
Treadclimber,CAM45327 1800MAXTRAINER,,3/10/2016,3/7/2016,1,Un-Sourced,Call Center Internal
Bowflex Max Trainer,CAM45327 1800MAXTRAINER,,3/11/2016,3/7/2016,1,Un-Sourced,Call Center Internal
Treadclimber,CAM37199 SAWICASTSF12B,,3/15/2016,3/14/2016,1,Electronic - Short Form,Call Center Internal
Bowflex Max Trainer,CAM45694 ICASESF14B,3/14/2016,3/14/2016,3/14/2016,9,Electronic - Short Form,Web
Bowflex Max Trainer,CAM45694 ICASESF14B,3/15/2016,3/15/2016,3/14/2016,8,Electronic - Short Form,Web
Bowflex Max Trainer,CAM45694 ICASESF14B,,3/15/2016,3/14/2016,2,Electronic - Short Form,Web
Treadclimber,CAM45694 ICASESF14B,,3/15/2016,3/14/2016,1,Electronic - Short Form,Web
Bowflex Max Trainer,CAM45694 ICASESF14B,3/16/2016,3/16/2016,3/14/2016,1,Electronic - Short Form,Web
Bowflex Selecttech Dumbbells,CAM129 1800BOWFLEX_BST,,3/14/2016,3/14/2016,1,Electronic - UnSourced,Call Center Internal
Bowflex Max Trainer,CAM132 1800BOWFLEX_CAT,,3/14/2016,3/14/2016,1,Electronic - UnSourced,Call Center Internal
Treadclimber,CAM132 1800BOWFLEX_CAT,,3/14/2016,3/14/2016,1,Electronic - UnSourced,Call Center Internal
Bowflex Home Gyms,CAM26641 icawsinglelp,,3/14/2016,3/14/2016,1,Electronic - UnSourced,Web
Bowflex Home Gyms,CAM28364 icaw1sitecab,3/14/2016,3/14/2016,3/14/2016,1,Electronic - UnSourced,Web
Bowflex Home Gyms,CAM28364 icaw1sitecab,3/16/2016,3/16/2016,3/14/2016,1,Electronic - UnSourced,Web
Treadclimber,CAM28491 icat1sitecat,,3/14/2016,3/14/2016,1,Electronic - UnSourced,Web
Treadclimber,CAM40760 ICATHOME,3/15/2016,3/15/2016,3/14/2016,1,Electronic - UnSourced,Web
Bowflex Selecttech Dumbbells,CAM40760 ICATHOME,,3/15/2016,3/14/2016,1,Electronic - UnSourced,Web
Treadclimber,CAM40760 ICATHOME,,3/15/2016,3/14/2016,2,Electronic - UnSourced,Web
Bowflex Max Trainer,CAM44236 SAWMAX,,3/14/2016,3/14/2016,1,Electronic - UnSourced,Call Center Internal
Bowflex Max Trainer,CAM44626 1800BOWFLEX_BMT,,3/15/2016,3/14/2016,1,Electronic - UnSourced,Call Center Internal
Treadclimber,CAM45632 ICAEE1SITECMT,,3/15/2016,3/14/2016,1,Electronic - UnSourced,Call Center Internal
Bowflex Max Trainer,CAM45632 ICAEE1SITECMT,3/14/2016,3/14/2016,3/14/2016,4,Electronic - UnSourced,Web
Bowflex Max Trainer,CAM45632 ICAEE1SITECMT,,3/14/2016,3/14/2016,6,Electronic - UnSourced,Web
Treadclimber,CAM45632 ICAEE1SITECMT,,3/14/2016,3/14/2016,1,Electronic - UnSourced,Web
Bowflex Max Trainer,CAM45632 ICAEE1SITECMT,,3/15/2016,3/14/2016,3,Electronic - UnSourced,Web
Bowflex Max Trainer,CAM45699 SAWICAEEMAX,,3/14/2016,3/14/2016,3,Electronic - UnSourced,Call Center Internal
Treadclimber,CAM45699 SAWICAEEMAX,,3/14/2016,3/14/2016,1,Electronic - UnSourced,Call Center Internal
Bowflex Max Trainer,CAM48951 ICAODRFEDL1,3/14/2016,3/14/2016,3/14/2016,1,Online Display,Web
Bowflex Max Trainer,CAM48951 ICAODRFEDL1,,3/14/2016,3/14/2016,2,Online Display,Web
Bowflex Max Trainer,CAM48951 ICAODRFEDL1,3/15/2016,3/15/2016,3/14/2016,2,Online Display,Web
Treadclimber,CAM30841 icaosgctsl2,3/14/2016,3/14/2016,3/14/2016,1,Online Search,Web
Bowflex Home Gyms,CAM30891 SAWICAOSGCW,,3/14/2016,3/14/2016,1,Online Search,Call Center Internal
Treadclimber,CAM30896 SAWICAOSGCT,3/15/2016,3/15/2016,3/14/2016,1,Online Search,Call Center Internal
Treadclimber,CAM30896 SAWICAOSGCT,,3/15/2016,3/14/2016,2,Online Search,Call Center Internal
Bowflex Home Gyms,CAM31268 icaosgcwgl1cab,3/14/2016,3/14/2016,3/14/2016,1,Online Search,Web
Bowflex Home Gyms,CAM31268 icaosgcwgl1cab,3/15/2016,3/15/2016,3/14/2016,1,Online Search,Web
Bowflex Selecttech Dumbbells,CAM31587 icaosgcdgl1cas,3/14/2016,3/14/2016,3/14/2016,1,Online Search,Web
Treadclimber,CAM36695 icaosgctgl1cat,3/15/2016,3/15/2016,3/14/2016,1,Online Search,Web
Bowflex Home Gyms,CAM37662 icaosgcwsl23,3/14/2016,3/14/2016,3/14/2016,1,Online Search,Web
Treadclimber,CAM37864 icaosgctsl6,,3/15/2016,3/14/2016,1,Online Search,Web
Treadclimber,CAM39467 icaosbctsl1,3/14/2016,3/14/2016,3/14/2016,1,Online Search,Web
Bowflex Home Gyms,CAM40991 icaosbcggl1cab,3/14/2016,3/14/2016,3/14/2016,1,Online Search,Web
Bowflex Home Gyms,CAM40991 icaosbcggl1cab,,3/14/2016,3/14/2016,1,Online Search,Web
Bowflex Selecttech Dumbbells,CAM44210 SAWICAOSGCD,,3/14/2016,3/14/2016,1,Online Search,Call Center Internal
Treadclimber,CAM44489 icaosgctml2,3/15/2016,3/15/2016,3/14/2016,1,Online Search,Web
Bowflex Max Trainer,CAM45624 ICAOSGCESL2,3/14/2016,3/14/2016,3/14/2016,2,Online Search,Web
Bowflex Max Trainer,CAM45624 ICAOSGCESL2,,3/14/2016,3/14/2016,5,Online Search,Web
Bowflex Max Trainer,CAM45624 ICAOSGCESL2,3/15/2016,3/15/2016,3/14/2016,1,Online Search,Web
Bowflex Max Trainer,CAM45624 ICAOSGCESL2,,3/15/2016,3/14/2016,6,Online Search,Web
Treadclimber,CAM45624 ICAOSGCESL2,,3/15/2016,3/14/2016,3,Online Search,Web
Bowflex Max Trainer,CAM45626 ICAOSGCEML2,3/14/2016,3/14/2016,3/14/2016,1,Online Search,Web
Bowflex Max Trainer,CAM45626 ICAOSGCEML2,,3/15/2016,3/14/2016,2,Online Search,Web
Bowflex Max Trainer,CAM45628 ICAOSBCESL2,3/14/2016,3/14/2016,3/14/2016,1,Online Search,Web
Bowflex Max Trainer,CAM45628 ICAOSBCESL2,,3/14/2016,3/14/2016,2,Online Search,Web
Bowflex Max Trainer,CAM45633 ICAOSGCEGL1CMT,3/14/2016,3/14/2016,3/14/2016,2,Online Search,Web
Bowflex Max Trainer,CAM45633 ICAOSGCEGL1CMT,,3/14/2016,3/14/2016,6,Online Search,Web
Bowflex Max Trainer,CAM45633 ICAOSGCEGL1CMT,3/15/2016,3/15/2016,3/14/2016,3,Online Search,Web
Bowflex Max Trainer,CAM45633 ICAOSGCEGL1CMT,,3/15/2016,3/14/2016,6,Online Search,Web
Bowflex Max Trainer,CAM45633 ICAOSGCEGL1CMT,,3/16/2016,3/14/2016,1,Online Search,Web
Bowflex Max Trainer,CAM45634 ICAOSBCEGL1CMT,,3/15/2016,3/14/2016,2,Online Search,Web
Treadclimber,CAM45634 ICAOSBCEGL1CMT,,3/15/2016,3/14/2016,1,Online Search,Web
Bowflex Max Trainer,CAM45690 SAWICAOSGCE,,3/14/2016,3/14/2016,2,Online Search,Call Center Internal
Treadclimber,CAM45690 SAWICAOSGCE,,3/14/2016,3/14/2016,2,Online Search,Call Center Internal
Bowflex Max Trainer,CAM45691 SAWICAOSBCE,,3/14/2016,3/14/2016,1,Online Search,Call Center Internal
Bowflex Max Trainer,CAM45836 ICAOSGCESL3,,3/14/2016,3/14/2016,2,Online Search,Web
Bowflex Max Trainer,CAM45836 ICAOSGCESL3,,3/15/2016,3/14/2016,1,Online Search,Web
Bowflex Max Trainer,CAM45838 ICAOSGCESL5,,3/14/2016,3/14/2016,1,Online Search,Web
Bowflex Max Trainer,CAM45839 ICAOSGCESL6,3/14/2016,3/14/2016,3/14/2016,1,Online Search,Web
Bowflex Max Trainer,CAM45839 ICAOSGCESL6,3/15/2016,3/15/2016,3/14/2016,1,Online Search,Web
Bowflex Max Trainer,CAM45841 ICAOSGCESL8,,3/14/2016,3/14/2016,1,Online Search,Web
Bowflex Max Trainer,CAM45842 ICAOSGCESL9,,3/14/2016,3/14/2016,1,Online Search,Web
Bowflex Max Trainer,CAM45843 ICAOSBCESL3,,3/14/2016,3/14/2016,1,Online Search,Web
Bowflex Max Trainer,CAM47271 ICAOSGCESL10,3/14/2016,3/14/2016,3/14/2016,1,Online Search,Web
Bowflex Max Trainer,CAM47271 ICAOSGCESL10,,3/14/2016,3/14/2016,2,Online Search,Web
Bowflex Max Trainer,CAM47271 ICAOSGCESL10,,3/15/2016,3/14/2016,2,Online Search,Web
Bowflex Max Trainer,CAM47272 ICAOSGCESL11,,3/14/2016,3/14/2016,1,Online Search,Web
Bowflex Home Gyms,CAM47278 ICAOSGCWSL35,3/14/2016,3/14/2016,3/14/2016,1,Online Search,Web
Bowflex Max Trainer,CAM45043 SAWDOFG2E,,3/14/2016,3/14/2016,1,Online Shopping,Call Center Internal
Treadclimber,CAM45043 SAWDOFG2E,,3/14/2016,3/14/2016,1,Online Shopping,Call Center Internal
Bowflex Max Trainer,CAM45437 ICAOFG2TFEED1,,3/15/2016,3/14/2016,1,Online Shopping,Web
Bowflex Max Trainer,CAM48225 ICAOXFBESCODE001,3/14/2016,3/14/2016,3/14/2016,1,Online Social,Web
Bowflex Max Trainer,CAM48225 ICAOXFBESCODE001,3/15/2016,3/15/2016,3/14/2016,1,Online Social,Web
Bowflex Max Trainer,CAM48225 ICAOXFBESCODE001,,3/15/2016,3/14/2016,2,Online Social,Web
Bowflex Max Trainer,CAM48226 ICAOXFBESCODE002,,3/14/2016,3/14/2016,3,Online Social,Web
Bowflex Max Trainer,CAM48227 ICAOXFBESCODE003,,3/15/2016,3/14/2016,1,Online Social,Web
Treadclimber,CAM45875 P0115HEALTHTC20B,,3/14/2016,3/14/2016,1,Print,Call Center Internal
Bowflex Max Trainer,CAM35680 INTELEMEDIACA,,3/14/2016,3/14/2016,1,Short Form,Call Center Internal
Treadclimber,CAM35680 INTELEMEDIACA,,3/14/2016,3/14/2016,2,Short Form,Call Center Internal
Bowflex Max Trainer,CAM35680 INTELEMEDIACA,,3/15/2016,3/14/2016,2,Short Form,Call Center Internal
Treadclimber,CAM35680 INTELEMEDIACA,,3/15/2016,3/14/2016,2,Short Form,Call Center Internal
Treadclimber,CAM47123 DISAN60*ALOHATIC,,3/14/2016,3/14/2016,1,Short Form,Call Center Internal
Treadclimber,CAM47464 COSMC120LADY*KST,3/14/2016,3/14/2016,3/14/2016,1,Short Form,Call Center Internal
Bowflex Max Trainer,CAM48770 NMAXN120JACKDTIC,,3/15/2016,3/14/2016,1,Short Form,Call Center Internal
Bowflex Max Trainer,CAM48772 VEL*N180JACFSTIC,,3/15/2016,3/14/2016,1,Short Form,Call Center Internal
Bowflex Max Trainer,CAM48812 OXGNN60*HKINGTIC,,3/15/2016,3/14/2016,1,Short Form,Call Center Internal
Treadclimber,CAM48812 OXGNN60*HKINGTIC,,3/15/2016,3/14/2016,1,Short Form,Call Center Internal
Bowflex Max Trainer,CAM48858 CBCNC120J14FSKST,3/14/2016,3/14/2016,3/14/2016,1,Short Form,Call Center Internal
Bowflex Max Trainer,CAM48860 OWN*C120J14FSKST,,3/14/2016,3/14/2016,1,Short Form,Call Center Internal
Bowflex Max Trainer,CAM49055 WNATC120J14FSKST,3/14/2016,3/14/2016,3/14/2016,1,Short Form,Call Center Internal
Bowflex Selecttech Dumbbells,CAM49155 HMM*N120J14FSTIC,,3/15/2016,3/14/2016,1,Short Form,Call Center Internal
Bowflex Max Trainer,CAM49196 KXLYC120J14FSKST,3/15/2016,3/15/2016,3/14/2016,1,Short Form,Call Center Internal
Bowflex Max Trainer,CAM49199 YES*C120J14FSKST,3/14/2016,3/14/2016,3/14/2016,1,Short Form,Call Center Internal
Bowflex Home Gyms,CAM28157 SALESFOLLOWUP,,3/14/2016,3/14/2016,1,Un-Sourced,Call Center Internal
Bowflex Home Gyms,CAM28157 SALESFOLLOWUP,,3/15/2016,3/14/2016,1,Un-Sourced,Call Center Internal
