Treadclimber,CAM30891 SAWICAOSGCW,,5/19/2017,5/15/2017,1,Online Search,Call Center Internal
Treadclimber,CAM30971 icastsf09buytc,5/19/2017,5/19/2017,5/15/2017,1,Electronic - Short Form,Web
Treadclimber,CAM30971 icastsf09buytc,,5/19/2017,5/15/2017,1,Electronic - Short Form,Web
Bowflex Home Gyms,CAM31266 icaosgcgl1,,5/19/2017,5/15/2017,2,Online Search,Web
Bowflex Max Trainer,CAM31266 icaosgcgl1,,5/19/2017,5/15/2017,5,Online Search,Web
Bowflex Selecttech Dumbbells,CAM31266 icaosgcgl1,,5/19/2017,5/15/2017,1,Online Search,Web
Bowflex Home Gyms,CAM37662 icaosgcwsl23,,5/19/2017,5/15/2017,1,Online Search,Web
Bowflex Home Gyms,CAM40821 1800BOWFLEX,,5/19/2017,5/15/2017,1,Un-Sourced,Call Center Internal
Bowflex Selecttech Dumbbells,CAM44557 icaosgcdsl8,,5/19/2017,5/15/2017,1,Online Search,Web
Bowflex Max Trainer,CAM45624 ICAOSGCESL2,,5/19/2017,5/15/2017,4,Online Search,Web
Treadclimber,CAM45624 ICAOSGCESL2,,5/19/2017,5/15/2017,2,Online Search,Web
Bowflex Max Trainer,CAM45631 ICAOFG2EFEED1,,5/19/2017,5/15/2017,2,Online Shopping,Web
Bowflex Max Trainer,CAM45690 SAWICAOSGCE,,5/19/2017,5/15/2017,3,Online Search,Call Center Internal
Treadclimber,CAM45690 SAWICAOSGCE,,5/19/2017,5/15/2017,1,Online Search,Call Center Internal
Bowflex Max Trainer,CAM45694 ICASESF14B,5/19/2017,5/19/2017,5/15/2017,1,Electronic - Short Form,Web
Bowflex Max Trainer,CAM45694 ICASESF14B,,5/19/2017,5/15/2017,2,Electronic - Short Form,Web
Treadclimber,CAM45694 ICASESF14B,,5/19/2017,5/15/2017,1,Electronic - Short Form,Web
Bowflex Max Trainer,CAM45842 ICAOSGCESL9,,5/19/2017,5/15/2017,1,Online Search,Web
Bowflex Selecttech Dumbbells,CAM48231 ICAOXFBDSCODE002,,5/19/2017,5/15/2017,1,Online Social,Web
Bowflex Max Trainer,CAM50719 ICAODG2EDL1,,5/19/2017,5/15/2017,1,Online Display,Call Center Internal
Bowflex Max Trainer,CAM50998 YES*C120MAXSVKST,5/19/2017,5/19/2017,5/15/2017,1,Short Form,Call Center Internal
Bowflex Home Gyms,CAM51070 ICAOXFBGSCODEVD17B,,5/19/2017,5/15/2017,1,Online Social,Web
Treadclimber,CAM51110 OLN*C120M101VKST,,5/19/2017,5/15/2017,1,Short Form,Call Center Internal
Bowflex Home Gyms,CAM28157 SALESFOLLOWUP,,5/20/2017,5/15/2017,1,Un-Sourced,Call Center Internal
Bowflex Brand,CAM29862 icawbowflexca,,5/20/2017,5/15/2017,1,Electronic - UnSourced,Web
Bowflex Home Gyms,CAM29862 icawbowflexca,,5/20/2017,5/15/2017,2,Electronic - UnSourced,Web
Bowflex Max Trainer,CAM29862 icawbowflexca,5/20/2017,5/20/2017,5/15/2017,1,Electronic - UnSourced,Web
Bowflex Max Trainer,CAM29862 icawbowflexca,,5/20/2017,5/15/2017,2,Electronic - UnSourced,Web
Bowflex Selecttech Dumbbells,CAM29862 icawbowflexca,,5/20/2017,5/15/2017,2,Electronic - UnSourced,Web
Treadclimber,CAM29862 icawbowflexca,,5/20/2017,5/15/2017,1,Electronic - UnSourced,Web
Bowflex Max Trainer,CAM30841 icaosgctsl2,,5/20/2017,5/15/2017,1,Online Search,Web
Treadclimber,CAM30841 icaosgctsl2,5/20/2017,5/20/2017,5/15/2017,1,Online Search,Web
Treadclimber,CAM30841 icaosgctsl2,,5/20/2017,5/15/2017,1,Online Search,Web
Treadclimber,CAM30971 icastsf09buytc,,5/20/2017,5/15/2017,1,Electronic - Short Form,Web
Bowflex Home Gyms,CAM31266 icaosgcgl1,,5/20/2017,5/15/2017,2,Online Search,Web
Bowflex Max Trainer,CAM31266 icaosgcgl1,,5/20/2017,5/15/2017,1,Online Search,Web
Treadclimber,CAM41072 icaosbctsl10,5/20/2017,5/20/2017,5/15/2017,3,Online Search,Web
Bowflex Max Trainer,CAM44539 SAWDOSG2EMOBILE2,,5/20/2017,5/15/2017,1,Online Search,Call Center Internal
Bowflex Max Trainer,CAM45041 SAWDODSTLT,,5/20/2017,5/15/2017,1,Online Display,Call Center Internal
Treadclimber,CAM45041 SAWDODSTLT,,5/20/2017,5/15/2017,1,Online Display,Call Center Internal
Bowflex Max Trainer,CAM45327 1800MAXTRAINER,,5/20/2017,5/15/2017,1,Un-Sourced,Call Center Internal
Treadclimber,CAM45327 1800MAXTRAINER,,5/20/2017,5/15/2017,1,Un-Sourced,Call Center Internal
Bowflex Max Trainer,CAM45624 ICAOSGCESL2,,5/20/2017,5/15/2017,1,Online Search,Web
Bowflex Max Trainer,CAM45631 ICAOFG2EFEED1,,5/20/2017,5/15/2017,2,Online Shopping,Web
Bowflex Max Trainer,CAM45694 ICASESF14B,,5/20/2017,5/15/2017,1,Electronic - Short Form,Web
Bowflex Max Trainer,CAM47271 ICAOSGCESL10,,5/20/2017,5/15/2017,1,Online Search,Web
Bowflex Selecttech Dumbbells,CAM48231 ICAOXFBDSCODE002,,5/20/2017,5/15/2017,2,Online Social,Web
Bowflex Max Trainer,CAM50719 ICAODG2EDL1,5/20/2017,5/20/2017,5/15/2017,1,Online Display,Call Center Internal
Bowflex Max Trainer,CAM50719 ICAODG2EDL1,,5/20/2017,5/15/2017,1,Online Display,Call Center Internal
Treadclimber,CAM50719 ICAODG2EDL1,,5/20/2017,5/15/2017,1,Online Display,Call Center Internal
Bowflex Max Trainer,CAM50719 ICAODG2EDL1,,5/20/2017,5/15/2017,1,Online Display,Web
Bowflex Max Trainer,CAM50726 ICAODG2EDL2,5/20/2017,5/20/2017,5/15/2017,1,Online Search,Web
Bowflex Max Trainer,CAM50920 ZEET120M101VKST,,5/20/2017,5/15/2017,1,Short Form,Call Center Internal
Treadclimber,CAM50920 ZEET120M101VKST,,5/20/2017,5/15/2017,1,Short Form,Call Center Internal
Treadclimber,CAM50946 OUTCC120DANVDKST,5/20/2017,5/20/2017,5/15/2017,1,Short Form,Call Center Internal
Bowflex Max Trainer,CAM51074 ICAOXFBESCODEVD17A,5/20/2017,5/20/2017,5/15/2017,1,Online Social,Web
Bowflex Max Trainer,CAM51074 ICAOXFBESCODEVD17A,,5/20/2017,5/15/2017,1,Online Social,Web
Bowflex Brand,CAM29862 icawbowflexca,,5/21/2017,5/15/2017,1,Electronic - UnSourced,Web
Bowflex Home Gyms,CAM29862 icawbowflexca,5/21/2017,5/21/2017,5/15/2017,1,Electronic - UnSourced,Web
Bowflex Home Gyms,CAM29862 icawbowflexca,,5/21/2017,5/15/2017,8,Electronic - UnSourced,Web
Bowflex Max Trainer,CAM29862 icawbowflexca,,5/21/2017,5/15/2017,5,Electronic - UnSourced,Web
Bowflex Selecttech Dumbbells,CAM29862 icawbowflexca,,5/21/2017,5/15/2017,4,Electronic - UnSourced,Web
Treadclimber,CAM29862 icawbowflexca,5/21/2017,5/21/2017,5/15/2017,1,Electronic - UnSourced,Web
Treadclimber,CAM29862 icawbowflexca,6/7/2017,5/21/2017,5/15/2017,1,Electronic - UnSourced,Web
Treadclimber,CAM29862 icawbowflexca,,5/21/2017,5/15/2017,2,Electronic - UnSourced,Web
Treadclimber,CAM30971 icastsf09buytc,5/21/2017,5/21/2017,5/15/2017,1,Electronic - Short Form,Web
Treadclimber,CAM30971 icastsf09buytc,,5/21/2017,5/15/2017,1,Electronic - Short Form,Web
Bowflex Home Gyms,CAM31266 icaosgcgl1,,5/21/2017,5/15/2017,2,Online Search,Web
Bowflex Max Trainer,CAM31266 icaosgcgl1,,5/21/2017,5/15/2017,4,Online Search,Web
Bowflex Selecttech Dumbbells,CAM31266 icaosgcgl1,5/21/2017,5/21/2017,5/15/2017,1,Online Search,Web
Bowflex Selecttech Dumbbells,CAM31266 icaosgcgl1,,5/21/2017,5/15/2017,2,Online Search,Web
Bowflex Home Gyms,CAM37658 icaosbcgsl5,,5/21/2017,5/15/2017,1,Online Search,Web
Bowflex Max Trainer,CAM37658 icaosbcgsl5,,5/21/2017,5/15/2017,1,Online Search,Web
Treadclimber,CAM40992 icaosbcgl1,,5/21/2017,5/15/2017,1,Online Search,Web
Bowflex Max Trainer,CAM44223 SAWDOSBIE,,5/21/2017,5/15/2017,1,Online Search,Call Center Internal
Bowflex Home Gyms,CAM44557 icaosgcdsl8,,5/21/2017,5/15/2017,1,Online Search,Web
Bowflex Selecttech Dumbbells,CAM44557 icaosgcdsl8,,5/21/2017,5/15/2017,2,Online Search,Web
Bowflex Max Trainer,CAM45624 ICAOSGCESL2,5/21/2017,5/21/2017,5/15/2017,1,Online Search,Web
Bowflex Max Trainer,CAM45624 ICAOSGCESL2,,5/21/2017,5/15/2017,1,Online Search,Web
Bowflex Max Trainer,CAM45631 ICAOFG2EFEED1,,5/21/2017,5/15/2017,1,Online Shopping,Web
Bowflex Max Trainer,CAM45690 SAWICAOSGCE,5/21/2017,5/21/2017,5/15/2017,1,Online Search,Call Center Internal
Bowflex Max Trainer,CAM45690 SAWICAOSGCE,,5/21/2017,5/15/2017,1,Online Search,Call Center Internal
Bowflex Max Trainer,CAM45694 ICASESF14B,5/21/2017,5/21/2017,5/15/2017,1,Electronic - Short Form,Web
Bowflex Max Trainer,CAM45694 ICASESF14B,,5/21/2017,5/15/2017,2,Electronic - Short Form,Web
Bowflex Max Trainer,CAM45842 ICAOSGCESL9,,5/21/2017,5/15/2017,1,Online Search,Web
Bowflex Max Trainer,CAM45849 ICAOSBCESL9,,5/21/2017,5/15/2017,1,Online Search,Web
Bowflex Max Trainer,CAM47271 ICAOSGCESL10,,5/21/2017,5/15/2017,1,Online Search,Web
Treadclimber,CAM50718 ICAODG2TDL1,5/21/2017,5/21/2017,5/15/2017,1,Online Display,Call Center Internal
Treadclimber,CAM50718 ICAODG2TDL1,,5/21/2017,5/15/2017,1,Online Display,Call Center Internal
Bowflex Max Trainer,CAM50719 ICAODG2EDL1,5/21/2017,5/21/2017,5/15/2017,1,Online Display,Web
Bowflex Max Trainer,CAM50719 ICAODG2EDL1,,5/21/2017,5/15/2017,1,Online Display,Web
Treadclimber,CAM50719 ICAODG2EDL1,,5/21/2017,5/15/2017,1,Online Display,Web
Treadclimber,CAM50925 SATVC120DANVDKST,5/21/2017,5/21/2017,5/15/2017,1,Short Form,Call Center Internal
Treadclimber,CAM50955 ZEETC120DANVDKST,5/21/2017,5/21/2017,5/15/2017,1,Short Form,Call Center Internal
Bowflex Home Gyms,CAM28157 SALESFOLLOWUP,,5/22/2017,5/22/2017,1,Un-Sourced,Call Center Internal
Bowflex Brand,CAM29862 icawbowflexca,,5/22/2017,5/22/2017,1,Electronic - UnSourced,Web
Bowflex Home Gyms,CAM29862 icawbowflexca,5/22/2017,5/22/2017,5/22/2017,1,Electronic - UnSourced,Web
Bowflex Home Gyms,CAM29862 icawbowflexca,,5/22/2017,5/22/2017,7,Electronic - UnSourced,Web
Bowflex Max Trainer,CAM29862 icawbowflexca,5/22/2017,5/22/2017,5/22/2017,2,Electronic - UnSourced,Web
Bowflex Max Trainer,CAM29862 icawbowflexca,,5/22/2017,5/22/2017,7,Electronic - UnSourced,Web
Bowflex Selecttech Dumbbells,CAM29862 icawbowflexca,,5/22/2017,5/22/2017,5,Electronic - UnSourced,Web
Treadclimber,CAM29862 icawbowflexca,,5/22/2017,5/22/2017,2,Electronic - UnSourced,Web
Treadclimber,CAM30841 icaosgctsl2,5/22/2017,5/22/2017,5/22/2017,1,Online Search,Web
Treadclimber,CAM30841 icaosgctsl2,,5/22/2017,5/22/2017,4,Online Search,Web
Bowflex Home Gyms,CAM30851 icaosgcwsl6,,5/22/2017,5/22/2017,1,Online Search,Web
Bowflex Home Gyms,CAM30891 SAWICAOSGCW,,5/22/2017,5/22/2017,1,Online Search,Call Center Internal
Bowflex Max Trainer,CAM30971 icastsf09buytc,,5/22/2017,5/22/2017,1,Electronic - Short Form,Web
Treadclimber,CAM30971 icastsf09buytc,5/22/2017,5/22/2017,5/22/2017,1,Electronic - Short Form,Web
Treadclimber,CAM30971 icastsf09buytc,,5/22/2017,5/22/2017,1,Electronic - Short Form,Web
Bowflex Brand,CAM31266 icaosgcgl1,,5/22/2017,5/22/2017,2,Online Search,Web
Bowflex Home Gyms,CAM31266 icaosgcgl1,,5/22/2017,5/22/2017,8,Online Search,Web
Bowflex Max Trainer,CAM31266 icaosgcgl1,5/22/2017,5/22/2017,5/22/2017,2,Online Search,Web
Bowflex Max Trainer,CAM31266 icaosgcgl1,,5/22/2017,5/22/2017,2,Online Search,Web
Bowflex Selecttech Dumbbells,CAM31266 icaosgcgl1,,5/22/2017,5/22/2017,1,Online Search,Web
Bowflex Selecttech Dumbbells,CAM44557 icaosgcdsl8,,5/22/2017,5/22/2017,4,Online Search,Web
Bowflex Max Trainer,CAM45327 1800MAXTRAINER,,5/22/2017,5/22/2017,1,Un-Sourced,Call Center Internal
Treadclimber,CAM45327 1800MAXTRAINER,,5/22/2017,5/22/2017,1,Un-Sourced,Call Center Internal
Bowflex Home Gyms,CAM45438 ICAOFG2GFEED1,,5/22/2017,5/22/2017,2,Online Shopping,Web
Bowflex Max Trainer,CAM45624 ICAOSGCESL2,,5/22/2017,5/22/2017,7,Online Search,Web
Bowflex Max Trainer,CAM45631 ICAOFG2EFEED1,,5/22/2017,5/22/2017,2,Online Shopping,Web
Bowflex Max Trainer,CAM45693 ICASESF14A,,5/22/2017,5/22/2017,1,Electronic - Short Form,Call Center Internal
Bowflex Max Trainer,CAM45693 ICASESF14A,5/22/2017,5/22/2017,5/22/2017,1,Electronic - Short Form,Web
Bowflex Max Trainer,CAM45694 ICASESF14B,,5/22/2017,5/22/2017,1,Electronic - Short Form,Web
Bowflex Max Trainer,CAM45842 ICAOSGCESL9,,5/22/2017,5/22/2017,2,Online Search,Web
Bowflex Home Gyms,CAM47271 ICAOSGCESL10,5/22/2017,5/22/2017,5/22/2017,1,Online Search,Web
Bowflex Max Trainer,CAM47271 ICAOSGCESL10,,5/22/2017,5/22/2017,2,Online Search,Web
Treadclimber,CAM47271 ICAOSGCESL10,,5/22/2017,5/22/2017,1,Online Search,Web
Bowflex Max Trainer,CAM47273 ICAOSBCESL10,5/22/2017,5/22/2017,5/22/2017,1,Online Search,Web
Bowflex Selecttech Dumbbells,CAM47283 ICAOSGCDSL12,,5/22/2017,5/22/2017,1,Online Search,Web
Bowflex Max Trainer,CAM48224 SAWICAOXFBESCODE,,5/22/2017,5/22/2017,1,Online Social,Call Center Internal
Treadclimber,CAM48224 SAWICAOXFBESCODE,,5/22/2017,5/22/2017,1,Online Social,Call Center Internal
Bowflex Selecttech Dumbbells,CAM48231 ICAOXFBDSCODE002,,5/22/2017,5/22/2017,1,Online Social,Web
Bowflex Max Trainer,CAM48693 DPEEPRINT15D,,5/22/2017,5/22/2017,1,Electronic - Print,Call Center Internal
Bowflex Max Trainer,CAM48701 ICASESF15A,,5/22/2017,5/22/2017,1,Electronic - Short Form,Web
Treadclimber,CAM48701 ICASESF15A,,5/22/2017,5/22/2017,1,Electronic - Short Form,Web
Treadclimber,CAM50718 ICAODG2TDL1,,5/22/2017,5/22/2017,1,Online Display,Call Center Internal
Bowflex Max Trainer,CAM50719 ICAODG2EDL1,5/22/2017,5/22/2017,5/22/2017,1,Online Display,Web
Bowflex Max Trainer,CAM50719 ICAODG2EDL1,,5/22/2017,5/22/2017,2,Online Display,Web
Bowflex Max Trainer,CAM50999 ZEETC120MAXSVKST,5/22/2017,5/22/2017,5/22/2017,1,Short Form,Call Center Internal
Treadclimber,CAM51069 ICAOXFBTSCODEVD17B,,5/22/2017,5/22/2017,1,Online Social,Web
Bowflex Max Trainer,CAM51074 ICAOXFBESCODEVD17A,,5/22/2017,5/22/2017,1,Online Social,Web
Bowflex Max Trainer,CAM51124 SPTHC120MAXSVKST,5/22/2017,5/22/2017,5/22/2017,3,Short Form,Call Center Internal
Bowflex Home Gyms,CAM28157 SALESFOLLOWUP,,5/23/2017,5/22/2017,1,Un-Sourced,Call Center Internal
Bowflex Brand,CAM29862 icawbowflexca,,5/23/2017,5/22/2017,2,Electronic - UnSourced,Web
Bowflex Home Gyms,CAM29862 icawbowflexca,,5/23/2017,5/22/2017,8,Electronic - UnSourced,Web
Bowflex Max Trainer,CAM29862 icawbowflexca,5/23/2017,5/23/2017,5/22/2017,1,Electronic - UnSourced,Web
Bowflex Max Trainer,CAM29862 icawbowflexca,,5/23/2017,5/22/2017,8,Electronic - UnSourced,Web
Bowflex Selecttech Dumbbells,CAM29862 icawbowflexca,,5/23/2017,5/22/2017,6,Electronic - UnSourced,Web
Treadclimber,CAM29862 icawbowflexca,5/23/2017,5/23/2017,5/22/2017,1,Electronic - UnSourced,Web
Treadclimber,CAM29862 icawbowflexca,,5/23/2017,5/22/2017,3,Electronic - UnSourced,Web
Treadclimber,CAM29865 SAWADHERETC,,5/23/2017,5/22/2017,1,Online,Call Center Internal
Treadclimber,CAM30841 icaosgctsl2,5/23/2017,5/23/2017,5/22/2017,1,Online Search,Web
Treadclimber,CAM30841 icaosgctsl2,,5/23/2017,5/22/2017,1,Online Search,Web
Bowflex Home Gyms,CAM30891 SAWICAOSGCW,,5/23/2017,5/22/2017,1,Online Search,Call Center Internal
Treadclimber,CAM30971 icastsf09buytc,,5/23/2017,5/22/2017,2,Electronic - Short Form,Web
Bowflex Home Gyms,CAM31266 icaosgcgl1,5/23/2017,5/23/2017,5/22/2017,1,Online Search,Web
Bowflex Home Gyms,CAM31266 icaosgcgl1,,5/23/2017,5/22/2017,4,Online Search,Web
Bowflex Max Trainer,CAM31266 icaosgcgl1,,5/23/2017,5/22/2017,3,Online Search,Web
Bowflex Selecttech Dumbbells,CAM31266 icaosgcgl1,,5/23/2017,5/22/2017,1,Online Search,Web
Bowflex Home Gyms,CAM37662 icaosgcwsl23,,5/23/2017,5/22/2017,1,Online Search,Web
Treadclimber,CAM39467 icaosbctsl1,,5/23/2017,5/22/2017,1,Online Search,Web
Bowflex Home Gyms,CAM40992 icaosbcgl1,,5/23/2017,5/22/2017,1,Online Search,Web
Treadclimber,CAM40992 icaosbcgl1,,5/23/2017,5/22/2017,1,Online Search,Web
Bowflex Selecttech Dumbbells,CAM44423 icaosgcdsl10,,5/23/2017,5/22/2017,2,Online Search,Web
Bowflex Selecttech Dumbbells,CAM44557 icaosgcdsl8,5/23/2017,5/23/2017,5/22/2017,1,Online Search,Web
Bowflex Selecttech Dumbbells,CAM44557 icaosgcdsl8,,5/23/2017,5/22/2017,1,Online Search,Web
Bowflex Max Trainer,CAM45327 1800MAXTRAINER,,5/23/2017,5/22/2017,1,Un-Sourced,Call Center Internal
Schwinn,CAM45327 1800MAXTRAINER,,5/23/2017,5/22/2017,1,Un-Sourced,Call Center Internal
Bowflex Home Gyms,CAM45438 ICAOFG2GFEED1,,5/23/2017,5/22/2017,1,Online Shopping,Web
Bowflex Max Trainer,CAM45624 ICAOSGCESL2,,5/23/2017,5/22/2017,2,Online Search,Web
Treadclimber,CAM45624 ICAOSGCESL2,,5/23/2017,5/22/2017,1,Online Search,Web
Bowflex Max Trainer,CAM45631 ICAOFG2EFEED1,5/23/2017,5/23/2017,5/22/2017,1,Online Shopping,Web
Bowflex Max Trainer,CAM45631 ICAOFG2EFEED1,,5/23/2017,5/22/2017,5,Online Shopping,Web
Bowflex Max Trainer,CAM45692 SAWICAOFG2E,,5/23/2017,5/22/2017,1,Online Search,Call Center Internal
Treadclimber,CAM45692 SAWICAOFG2E,,5/23/2017,5/22/2017,1,Online Search,Call Center Internal
Bowflex Max Trainer,CAM45693 ICASESF14A,,5/23/2017,5/22/2017,1,Electronic - Short Form,Web
Bowflex Max Trainer,CAM45841 ICAOSGCESL8,,5/23/2017,5/22/2017,1,Online Search,Web
Bowflex Selecttech Dumbbells,CAM48231 ICAOXFBDSCODE002,,5/23/2017,5/22/2017,1,Online Social,Web
Bowflex Max Trainer,CAM48782 NFLNN60*J14FSTIC,,5/23/2017,5/22/2017,1,Short Form,Call Center Internal
Bowflex Max Trainer,CAM50719 ICAODG2EDL1,5/23/2017,5/23/2017,5/22/2017,1,Online Display,Web
Bowflex Max Trainer,CAM50719 ICAODG2EDL1,,5/23/2017,5/22/2017,4,Online Display,Web
Bowflex Max Trainer,CAM50726 ICAODG2EDL2,,5/23/2017,5/22/2017,1,Online Search,Web
Bowflex Max Trainer,CAM50920 ZEET120M101VKST,5/23/2017,5/23/2017,5/22/2017,1,Short Form,Call Center Internal
Treadclimber,CAM50932 FGHTC120DANVDKST,5/23/2017,5/23/2017,5/22/2017,1,Short Form,Call Center Internal
Bowflex Max Trainer,CAM51003 GRITN120SOFTMTIC,,5/23/2017,5/22/2017,1,Short Form,Call Center Internal
Treadclimber,CAM51124 SPTHC120MAXSVKST,6/12/2017,5/23/2017,5/22/2017,1,Short Form,Call Center Internal
Bowflex Home Gyms,CAM28157 SALESFOLLOWUP,,5/24/2017,5/22/2017,4,Un-Sourced,Call Center Internal
Bowflex Max Trainer,CAM28157 SALESFOLLOWUP,,5/24/2017,5/22/2017,1,Un-Sourced,Call Center Internal
Treadclimber,CAM28157 SALESFOLLOWUP,,5/24/2017,5/22/2017,1,Un-Sourced,Call Center Internal
Bowflex Brand,CAM29862 icawbowflexca,,5/24/2017,5/22/2017,2,Electronic - UnSourced,Web
Bowflex Home Gyms,CAM29862 icawbowflexca,,5/24/2017,5/22/2017,7,Electronic - UnSourced,Web
Bowflex Max Trainer,CAM29862 icawbowflexca,5/24/2017,5/24/2017,5/22/2017,1,Electronic - UnSourced,Web
Bowflex Max Trainer,CAM29862 icawbowflexca,,5/24/2017,5/22/2017,5,Electronic - UnSourced,Web
Bowflex Revolution,CAM29862 icawbowflexca,,5/24/2017,5/22/2017,1,Electronic - UnSourced,Web
Bowflex Selecttech Dumbbells,CAM29862 icawbowflexca,,5/24/2017,5/22/2017,1,Electronic - UnSourced,Web
Treadclimber,CAM29862 icawbowflexca,5/24/2017,5/24/2017,5/22/2017,1,Electronic - UnSourced,Web
Treadclimber,CAM29862 icawbowflexca,,5/24/2017,5/22/2017,1,Electronic - UnSourced,Web
Treadclimber,CAM30971 icastsf09buytc,,5/24/2017,5/22/2017,1,Electronic - Short Form,Web
Bowflex Brand,CAM31266 icaosgcgl1,,5/24/2017,5/22/2017,1,Online Search,Web
Bowflex Home Gyms,CAM31266 icaosgcgl1,,5/24/2017,5/22/2017,2,Online Search,Web
Bowflex Selecttech Dumbbells,CAM31266 icaosgcgl1,,5/24/2017,5/22/2017,2,Online Search,Web
Treadclimber,CAM35680 INTELEMEDIACA,5/24/2017,5/24/2017,5/22/2017,1,Short Form,Call Center Internal
Treadclimber,CAM39467 icaosbctsl1,,5/24/2017,5/22/2017,1,Online Search,Web
Bowflex Selecttech Dumbbells,CAM44557 icaosgcdsl8,,5/24/2017,5/22/2017,1,Online Search,Web
Bowflex Max Trainer,CAM45327 1800MAXTRAINER,,5/24/2017,5/22/2017,2,Un-Sourced,Call Center Internal
Treadclimber,CAM45327 1800MAXTRAINER,,5/24/2017,5/22/2017,1,Un-Sourced,Call Center Internal
Bowflex Home Gyms,CAM45438 ICAOFG2GFEED1,,5/24/2017,5/22/2017,1,Online Shopping,Web
Bowflex Max Trainer,CAM45624 ICAOSGCESL2,5/24/2017,5/24/2017,5/22/2017,2,Online Search,Web
Bowflex Max Trainer,CAM45624 ICAOSGCESL2,,5/24/2017,5/22/2017,3,Online Search,Web
Bowflex Max Trainer,CAM45628 ICAOSBCESL2,,5/24/2017,5/22/2017,1,Online Search,Web
Bowflex Max Trainer,CAM45631 ICAOFG2EFEED1,,5/24/2017,5/22/2017,2,Online Shopping,Web
Bowflex Max Trainer,CAM45693 ICASESF14A,5/24/2017,5/24/2017,5/22/2017,1,Electronic - Short Form,Web
Bowflex Max Trainer,CAM45694 ICASESF14B,,5/24/2017,5/22/2017,2,Electronic - Short Form,Web
Bowflex Max Trainer,CAM45842 ICAOSGCESL9,,5/24/2017,5/22/2017,1,Online Search,Web
Bowflex Selecttech Dumbbells,CAM48231 ICAOXFBDSCODE002,,5/24/2017,5/22/2017,2,Online Social,Web
Treadclimber,CAM48526 P0116WEWATBOOKC,,5/24/2017,5/22/2017,1,Print,Call Center Internal
Bowflex Max Trainer,CAM50719 ICAODG2EDL1,,5/24/2017,5/22/2017,1,Online Display,Web
Bowflex Max Trainer,CAM50907 GAMCC120M101VKST,5/24/2017,5/24/2017,5/22/2017,1,Short Form,Call Center Internal
Treadclimber,CAM50938 JY10C120DANVDKST,5/24/2017,5/24/2017,5/22/2017,1,Short Form,Call Center Internal
Bowflex Max Trainer,CAM51125 TSN2C120MAXSVKST,5/24/2017,5/24/2017,5/22/2017,1,Short Form,Call Center Internal
Treadclimber,CAM51129 GUSTC120DANVDKST,5/24/2017,5/24/2017,5/22/2017,1,Short Form,Call Center Internal
Bowflex Home Gyms,CAM28157 SALESFOLLOWUP,,5/25/2017,5/22/2017,2,Un-Sourced,Call Center Internal
Treadclimber,CAM28157 SALESFOLLOWUP,,5/25/2017,5/22/2017,1,Un-Sourced,Call Center Internal
Bowflex Home Gyms,CAM29862 icawbowflexca,,5/25/2017,5/22/2017,6,Electronic - UnSourced,Web
Bowflex Max Trainer,CAM29862 icawbowflexca,5/25/2017,5/25/2017,5/22/2017,2,Electronic - UnSourced,Web
Bowflex Max Trainer,CAM29862 icawbowflexca,,5/25/2017,5/22/2017,4,Electronic - UnSourced,Web
Bowflex Selecttech Dumbbells,CAM29862 icawbowflexca,,5/25/2017,5/22/2017,1,Electronic - UnSourced,Web
Treadclimber,CAM29862 icawbowflexca,,5/25/2017,5/22/2017,2,Electronic - UnSourced,Web
Treadclimber,CAM30841 icaosgctsl2,,5/25/2017,5/22/2017,1,Online Search,Web
Treadclimber,CAM30842 icaosgctsl3,5/25/2017,5/25/2017,5/22/2017,1,Online Search,Web
Treadclimber,CAM30971 icastsf09buytc,,5/25/2017,5/22/2017,1,Electronic - Short Form,Web
Bowflex Brand,CAM31266 icaosgcgl1,,5/25/2017,5/22/2017,2,Online Search,Web
Bowflex Home Gyms,CAM31266 icaosgcgl1,,5/25/2017,5/22/2017,3,Online Search,Web
Bowflex Max Trainer,CAM31266 icaosgcgl1,,5/25/2017,5/22/2017,1,Online Search,Web
Bowflex Selecttech Dumbbells,CAM31266 icaosgcgl1,,5/25/2017,5/22/2017,1,Online Search,Web
Treadclimber,CAM39467 icaosbctsl1,,5/25/2017,5/22/2017,1,Online Search,Web
Treadclimber,CAM40825 1800TREADCLIMBER,5/25/2017,5/25/2017,5/22/2017,1,Un-Sourced,Call Center Internal
Treadclimber,CAM40825 1800TREADCLIMBER,,5/25/2017,5/22/2017,1,Un-Sourced,Call Center Internal
Bowflex Max Trainer,CAM40992 icaosbcgl1,,5/25/2017,5/22/2017,1,Online Search,Web
Bowflex Selecttech Dumbbells,CAM44557 icaosgcdsl8,,5/25/2017,5/22/2017,2,Online Search,Web
Treadclimber,CAM45043 SAWDOFG2E,,5/25/2017,5/22/2017,1,Online Shopping,Call Center Internal
Bowflex Max Trainer,CAM45327 1800MAXTRAINER,,5/25/2017,5/22/2017,1,Un-Sourced,Call Center Internal
Schwinn,CAM45327 1800MAXTRAINER,,5/25/2017,5/22/2017,1,Un-Sourced,Call Center Internal
Treadclimber,CAM45327 1800MAXTRAINER,,5/25/2017,5/22/2017,2,Un-Sourced,Call Center Internal
Bowflex Revolution,CAM45438 ICAOFG2GFEED1,,5/25/2017,5/22/2017,1,Online Shopping,Web
Bowflex Max Trainer,CAM45624 ICAOSGCESL2,5/25/2017,5/25/2017,5/22/2017,1,Online Search,Web
Bowflex Max Trainer,CAM45624 ICAOSGCESL2,,5/25/2017,5/22/2017,2,Online Search,Web
Bowflex Max Trainer,CAM45631 ICAOFG2EFEED1,,5/25/2017,5/22/2017,2,Online Shopping,Web
Bowflex Max Trainer,CAM45693 ICASESF14A,,5/25/2017,5/22/2017,3,Electronic - Short Form,Web
Treadclimber,CAM45693 ICASESF14A,,5/25/2017,5/22/2017,1,Electronic - Short Form,Web
Bowflex Max Trainer,CAM45694 ICASESF14B,5/25/2017,5/25/2017,5/22/2017,1,Electronic - Short Form,Web
Bowflex Max Trainer,CAM45694 ICASESF14B,,5/25/2017,5/22/2017,1,Electronic - Short Form,Web
Bowflex Max Trainer,CAM45842 ICAOSGCESL9,,5/25/2017,5/22/2017,1,Online Search,Web
Bowflex Max Trainer,CAM50719 ICAODG2EDL1,5/25/2017,5/25/2017,5/22/2017,1,Online Display,Web
Bowflex Max Trainer,CAM50719 ICAODG2EDL1,,5/25/2017,5/22/2017,4,Online Display,Web
Treadclimber,CAM50719 ICAODG2EDL1,,5/25/2017,5/22/2017,1,Online Display,Web
Bowflex Max Trainer,CAM50726 ICAODG2EDL2,,5/25/2017,5/22/2017,1,Online Search,Web
Bowflex Max Trainer,CAM50901 BNN*C120M101VKST,5/25/2017,5/25/2017,5/22/2017,1,Short Form,Call Center Internal
Bowflex Max Trainer,CAM50921 KVOSC120M101VKST,5/25/2017,5/25/2017,5/22/2017,1,Short Form,Call Center Internal
Bowflex Max Trainer,CAM51074 ICAOXFBESCODEVD17A,,5/25/2017,5/22/2017,1,Online Social,Web
Bowflex Home Gyms,CAM28157 SALESFOLLOWUP,,5/26/2017,5/22/2017,1,Un-Sourced,Call Center Internal
Bowflex Home Gyms,CAM29862 icawbowflexca,,5/26/2017,5/22/2017,4,Electronic - UnSourced,Web
Bowflex Max Trainer,CAM29862 icawbowflexca,,5/26/2017,5/22/2017,2,Electronic - UnSourced,Web
Bowflex Selecttech Dumbbells,CAM29862 icawbowflexca,,5/26/2017,5/22/2017,2,Electronic - UnSourced,Web
Treadclimber,CAM29862 icawbowflexca,,5/26/2017,5/22/2017,1,Electronic - UnSourced,Web
Treadclimber,CAM30841 icaosgctsl2,5/26/2017,5/26/2017,5/22/2017,1,Online Search,Web
Treadclimber,CAM30971 icastsf09buytc,5/26/2017,5/26/2017,5/22/2017,1,Electronic - Short Form,Web
Bowflex Home Gyms,CAM31266 icaosgcgl1,,5/26/2017,5/22/2017,2,Online Search,Web
Bowflex Max Trainer,CAM31266 icaosgcgl1,5/26/2017,5/26/2017,5/22/2017,1,Online Search,Web
Bowflex Revolution,CAM31266 icaosgcgl1,,5/26/2017,5/22/2017,1,Online Search,Web
Bowflex Selecttech Dumbbells,CAM31266 icaosgcgl1,,5/26/2017,5/22/2017,1,Online Search,Web
Treadclimber,CAM31266 icaosgcgl1,,5/26/2017,5/22/2017,2,Online Search,Web
Bowflex Max Trainer,CAM33017 SAWCAOSGCTMOBILE,,5/26/2017,5/22/2017,1,Online Search,Call Center Internal
Treadclimber,CAM33017 SAWCAOSGCTMOBILE,,5/26/2017,5/22/2017,1,Online Search,Call Center Internal
Treadclimber,CAM35680 INTELEMEDIACA,5/26/2017,5/26/2017,5/22/2017,1,Short Form,Call Center Internal
Bowflex Selecttech Dumbbells,CAM44423 icaosgcdsl10,,5/26/2017,5/22/2017,1,Online Search,Web
Bowflex Selecttech Dumbbells,CAM44557 icaosgcdsl8,,5/26/2017,5/22/2017,1,Online Search,Web
Bowflex Max Trainer,CAM45327 1800MAXTRAINER,,5/26/2017,5/22/2017,1,Un-Sourced,Call Center Internal
Bowflex Home Gyms,CAM45438 ICAOFG2GFEED1,,5/26/2017,5/22/2017,1,Online Shopping,Web
Bowflex Max Trainer,CAM45624 ICAOSGCESL2,,5/26/2017,5/22/2017,3,Online Search,Web
Bowflex Max Trainer,CAM45631 ICAOFG2EFEED1,,5/26/2017,5/22/2017,1,Online Shopping,Web
Bowflex Max Trainer,CAM45690 SAWICAOSGCE,,5/26/2017,5/22/2017,2,Online Search,Call Center Internal
Bowflex Max Trainer,CAM45693 ICASESF14A,5/26/2017,5/26/2017,5/22/2017,1,Electronic - Short Form,Web
Bowflex Max Trainer,CAM45693 ICASESF14A,,5/26/2017,5/22/2017,2,Electronic - Short Form,Web
Bowflex Max Trainer,CAM45694 ICASESF14B,,5/26/2017,5/22/2017,3,Electronic - Short Form,Web
Treadclimber,CAM45694 ICASESF14B,,5/26/2017,5/22/2017,1,Electronic - Short Form,Web
Bowflex Max Trainer,CAM45836 ICAOSGCESL3,,5/26/2017,5/22/2017,1,Online Search,Web
Bowflex Max Trainer,CAM47273 ICAOSBCESL10,,5/26/2017,5/22/2017,1,Online Search,Web
Bowflex Max Trainer,CAM50255 SAWDODG2E,,5/26/2017,5/22/2017,1,Online Display,Call Center Internal
Treadclimber,CAM50956 KVOSC120DANVDKST,5/26/2017,5/26/2017,5/22/2017,2,Short Form,Call Center Internal
Bowflex Brand,CAM29862 icawbowflexca,,5/27/2017,5/22/2017,1,Electronic - UnSourced,Web
Bowflex Home Gyms,CAM29862 icawbowflexca,5/27/2017,5/27/2017,5/22/2017,2,Electronic - UnSourced,Web
Bowflex Home Gyms,CAM29862 icawbowflexca,,5/27/2017,5/22/2017,4,Electronic - UnSourced,Web
Bowflex Max Trainer,CAM29862 icawbowflexca,,5/27/2017,5/22/2017,5,Electronic - UnSourced,Web
Bowflex Selecttech Dumbbells,CAM29862 icawbowflexca,,5/27/2017,5/22/2017,6,Electronic - UnSourced,Web
Treadclimber,CAM29862 icawbowflexca,,5/27/2017,5/22/2017,1,Electronic - UnSourced,Web
Treadclimber,CAM30841 icaosgctsl2,5/27/2017,5/27/2017,5/22/2017,2,Online Search,Web
Treadclimber,CAM30841 icaosgctsl2,,5/27/2017,5/22/2017,1,Online Search,Web
Treadclimber,CAM30971 icastsf09buytc,,5/27/2017,5/22/2017,1,Electronic - Short Form,Web
Bowflex Home Gyms,CAM31266 icaosgcgl1,5/27/2017,5/27/2017,5/22/2017,1,Online Search,Web
Bowflex Home Gyms,CAM31266 icaosgcgl1,,5/27/2017,5/22/2017,6,Online Search,Web
Bowflex Selecttech Dumbbells,CAM31266 icaosgcgl1,,5/27/2017,5/22/2017,3,Online Search,Web
Bowflex Home Gyms,CAM37662 icaosgcwsl23,5/27/2017,5/27/2017,5/22/2017,1,Online Search,Web
Bowflex Home Gyms,CAM40992 icaosbcgl1,5/27/2017,5/27/2017,5/22/2017,1,Online Search,Web
Bowflex Home Gyms,CAM40992 icaosbcgl1,,5/27/2017,5/22/2017,1,Online Search,Web
Bowflex Max Trainer,CAM40992 icaosbcgl1,,5/27/2017,5/22/2017,1,Online Search,Web
Bowflex Selecttech Dumbbells,CAM44557 icaosgcdsl8,,5/27/2017,5/22/2017,1,Online Search,Web
Treadclimber,CAM45327 1800MAXTRAINER,,5/27/2017,5/22/2017,1,Un-Sourced,Call Center Internal
Treadclimber,CAM45437 ICAOFG2TFEED1,,5/27/2017,5/22/2017,1,Online Shopping,Web
Bowflex Max Trainer,CAM45624 ICAOSGCESL2,5/27/2017,5/27/2017,5/22/2017,1,Online Search,Web
Bowflex Max Trainer,CAM45624 ICAOSGCESL2,,5/27/2017,5/22/2017,4,Online Search,Web
Treadclimber,CAM45624 ICAOSGCESL2,,5/27/2017,5/22/2017,1,Online Search,Web
Bowflex Max Trainer,CAM45631 ICAOFG2EFEED1,,5/27/2017,5/22/2017,3,Online Shopping,Web
Bowflex Max Trainer,CAM45694 ICASESF14B,5/27/2017,5/27/2017,5/22/2017,1,Electronic - Short Form,Web
Bowflex Max Trainer,CAM45694 ICASESF14B,,5/27/2017,5/22/2017,2,Electronic - Short Form,Web
Bowflex Max Trainer,CAM45836 ICAOSGCESL3,5/27/2017,5/27/2017,5/22/2017,1,Online Search,Web
Bowflex Max Trainer,CAM45839 ICAOSGCESL6,5/27/2017,5/27/2017,5/22/2017,1,Online Search,Web
Bowflex Max Trainer,CAM50719 ICAODG2EDL1,,5/27/2017,5/22/2017,1,Online Display,Web
Bowflex Max Trainer,CAM50906 FGHTC120M101VKST,5/27/2017,5/27/2017,5/22/2017,1,Short Form,Call Center Internal
Treadclimber,CAM50925 SATVC120DANVDKST,5/27/2017,5/27/2017,5/22/2017,1,Short Form,Call Center Internal
Treadclimber,CAM50935 HIS2C120DANVDKST,5/27/2017,5/27/2017,5/22/2017,1,Short Form,Call Center Internal
Treadclimber,CAM50955 ZEETC120DANVDKST,5/27/2017,5/27/2017,5/22/2017,1,Short Form,Call Center Internal
Treadclimber,CAM51131 SPTHC120DANVDKST,5/27/2017,5/27/2017,5/22/2017,1,Short Form,Call Center Internal
Bowflex Max Trainer,CAM51179 DISMN60*MXMEXTIC,,5/27/2017,5/22/2017,1,Short Form,Call Center Internal
Bowflex Home Gyms,CAM28157 SALESFOLLOWUP,,5/28/2017,5/22/2017,1,Un-Sourced,Call Center Internal
Bowflex Home Gyms,CAM29862 icawbowflexca,5/28/2017,5/28/2017,5/22/2017,1,Electronic - UnSourced,Web
Bowflex Home Gyms,CAM29862 icawbowflexca,,5/28/2017,5/22/2017,7,Electronic - UnSourced,Web
Bowflex Max Trainer,CAM29862 icawbowflexca,5/28/2017,5/28/2017,5/22/2017,2,Electronic - UnSourced,Web
Bowflex Max Trainer,CAM29862 icawbowflexca,,5/28/2017,5/22/2017,5,Electronic - UnSourced,Web
Bowflex Revolution,CAM29862 icawbowflexca,,5/28/2017,5/22/2017,1,Electronic - UnSourced,Web
Bowflex Selecttech Dumbbells,CAM29862 icawbowflexca,,5/28/2017,5/22/2017,1,Electronic - UnSourced,Web
Treadclimber,CAM29862 icawbowflexca,,5/28/2017,5/22/2017,2,Electronic - UnSourced,Web
Treadclimber,CAM30841 icaosgctsl2,,5/28/2017,5/22/2017,1,Online Search,Web
Bowflex Home Gyms,CAM30891 SAWICAOSGCW,,5/28/2017,5/22/2017,1,Online Search,Call Center Internal
Bowflex Selecttech Dumbbells,CAM30891 SAWICAOSGCW,,5/28/2017,5/22/2017,1,Online Search,Call Center Internal
Treadclimber,CAM30971 icastsf09buytc,,5/28/2017,5/22/2017,1,Electronic - Short Form,Web
Bowflex Brand,CAM31266 icaosgcgl1,,5/28/2017,5/22/2017,1,Online Search,Web
Bowflex Home Gyms,CAM31266 icaosgcgl1,,5/28/2017,5/22/2017,5,Online Search,Web
Bowflex Max Trainer,CAM31266 icaosgcgl1,5/28/2017,5/28/2017,5/22/2017,2,Online Search,Web
Bowflex Selecttech Dumbbells,CAM31266 icaosgcgl1,,5/28/2017,5/22/2017,3,Online Search,Web
Treadclimber,CAM35680 INTELEMEDIACA,5/28/2017,5/28/2017,5/22/2017,1,Short Form,Call Center Internal
Bowflex Home Gyms,CAM40992 icaosbcgl1,,5/28/2017,5/22/2017,1,Online Search,Web
Bowflex Max Trainer,CAM40992 icaosbcgl1,,5/28/2017,5/22/2017,2,Online Search,Web
Treadclimber,CAM40992 icaosbcgl1,,5/28/2017,5/22/2017,2,Online Search,Web
Bowflex Selecttech Dumbbells,CAM44557 icaosgcdsl8,,5/28/2017,5/22/2017,5,Online Search,Web
Treadclimber,CAM45327 1800MAXTRAINER,,5/28/2017,5/22/2017,1,Un-Sourced,Call Center Internal
Bowflex Max Trainer,CAM45437 ICAOFG2TFEED1,,5/28/2017,5/22/2017,1,Online Shopping,Web
Treadclimber,CAM45437 ICAOFG2TFEED1,,5/28/2017,5/22/2017,2,Online Shopping,Web
Bowflex Home Gyms,CAM45438 ICAOFG2GFEED1,5/28/2017,5/28/2017,5/22/2017,1,Online Shopping,Web
Bowflex Max Trainer,CAM45624 ICAOSGCESL2,,5/28/2017,5/22/2017,3,Online Search,Web
Treadclimber,CAM45624 ICAOSGCESL2,,5/28/2017,5/22/2017,1,Online Search,Web
Bowflex Max Trainer,CAM45631 ICAOFG2EFEED1,,5/28/2017,5/22/2017,3,Online Shopping,Web
Bowflex Max Trainer,CAM45693 ICASESF14A,,5/28/2017,5/22/2017,1,Electronic - Short Form,Web
Bowflex Max Trainer,CAM45694 ICASESF14B,5/28/2017,5/28/2017,5/22/2017,1,Electronic - Short Form,Web
Bowflex Max Trainer,CAM45694 ICASESF14B,,5/28/2017,5/22/2017,4,Electronic - Short Form,Web
Treadclimber,CAM45694 ICASESF14B,,5/28/2017,5/22/2017,1,Electronic - Short Form,Web
Bowflex Max Trainer,CAM45842 ICAOSGCESL9,,5/28/2017,5/22/2017,2,Online Search,Web
Bowflex Max Trainer,CAM47271 ICAOSGCESL10,,5/28/2017,5/22/2017,1,Online Search,Web
Treadclimber,CAM47271 ICAOSGCESL10,,5/28/2017,5/22/2017,1,Online Search,Web
Treadclimber,CAM49423 DOFG2T,,5/28/2017,5/22/2017,1,Online Shopping,Call Center Internal
Treadclimber,CAM50718 ICAODG2TDL1,,5/28/2017,5/22/2017,1,Online Display,Web
Bowflex Max Trainer,CAM50719 ICAODG2EDL1,,5/28/2017,5/22/2017,1,Online Display,Web
Bowflex Max Trainer,CAM50726 ICAODG2EDL2,5/28/2017,5/28/2017,5/22/2017,1,Online Search,Web
Treadclimber,CAM50922 SPRKC120DANVDKST,,5/28/2017,5/22/2017,1,Short Form,Call Center Internal
Treadclimber,CAM50925 SATVC120DANVDKST,5/28/2017,5/28/2017,5/22/2017,1,Short Form,Call Center Internal
Bowflex Home Gyms,CAM51070 ICAOXFBGSCODEVD17B,,5/28/2017,5/22/2017,1,Online Social,Web
Bowflex Max Trainer,CAM51105 CTV2C120M101VKST,,5/28/2017,5/22/2017,1,Short Form,Call Center Internal
Bowflex Max Trainer,CAM51113 SHWAC120M101VKST,5/28/2017,5/28/2017,5/22/2017,1,Short Form,Call Center Internal
Bowflex Max Trainer,CAM51156 LAFFN120SOFTXTIC,,5/28/2017,5/22/2017,1,Short Form,Call Center Internal
Bowflex Max Trainer,CAM51163 GRITN120MXMEXTIC,5/28/2017,5/28/2017,5/22/2017,1,Short Form,Call Center Internal
Bowflex Home Gyms,CAM28157 SALESFOLLOWUP,,5/29/2017,5/29/2017,1,Un-Sourced,Call Center Internal
Bowflex Brand,CAM29862 icawbowflexca,,5/29/2017,5/29/2017,1,Electronic - UnSourced,Web
Bowflex Home Gyms,CAM29862 icawbowflexca,,5/29/2017,5/29/2017,9,Electronic - UnSourced,Web
Bowflex Max Trainer,CAM29862 icawbowflexca,,5/29/2017,5/29/2017,8,Electronic - UnSourced,Web
Bowflex Revolution,CAM29862 icawbowflexca,,5/29/2017,5/29/2017,1,Electronic - UnSourced,Web
Bowflex Selecttech Dumbbells,CAM29862 icawbowflexca,,5/29/2017,5/29/2017,4,Electronic - UnSourced,Web
Treadclimber,CAM29862 icawbowflexca,,5/29/2017,5/29/2017,1,Electronic - UnSourced,Web
Treadclimber,CAM30841 icaosgctsl2,,5/29/2017,5/29/2017,2,Online Search,Web
Treadclimber,CAM30971 icastsf09buytc,,5/29/2017,5/29/2017,1,Electronic - Short Form,Web
Bowflex Home Gyms,CAM31266 icaosgcgl1,,5/29/2017,5/29/2017,5,Online Search,Web
Bowflex Max Trainer,CAM31266 icaosgcgl1,,5/29/2017,5/29/2017,5,Online Search,Web
Treadclimber,CAM31266 icaosgcgl1,,5/29/2017,5/29/2017,2,Online Search,Web
Bowflex Max Trainer,CAM35680 INTELEMEDIACA,,5/29/2017,5/29/2017,1,Short Form,Call Center Internal
Treadclimber,CAM35680 INTELEMEDIACA,5/29/2017,5/29/2017,5/29/2017,1,Short Form,Call Center Internal
Treadclimber,CAM39467 icaosbctsl1,,5/29/2017,5/29/2017,1,Online Search,Web
Bowflex Home Gyms,CAM40992 icaosbcgl1,,5/29/2017,5/29/2017,3,Online Search,Web
Treadclimber,CAM40992 icaosbcgl1,,5/29/2017,5/29/2017,2,Online Search,Web
Bowflex Selecttech Dumbbells,CAM44443 icaosgcdsl9,,5/29/2017,5/29/2017,1,Online Search,Web
Bowflex Selecttech Dumbbells,CAM44557 icaosgcdsl8,,5/29/2017,5/29/2017,1,Online Search,Web
Treadclimber,CAM44626 1800BOWFLEX_BMT,,5/29/2017,5/29/2017,1,Electronic - UnSourced,Call Center Internal
Treadclimber,CAM45327 1800MAXTRAINER,,5/29/2017,5/29/2017,2,Un-Sourced,Call Center Internal
Bowflex Max Trainer,CAM45624 ICAOSGCESL2,5/29/2017,5/29/2017,5/29/2017,1,Online Search,Web
Bowflex Max Trainer,CAM45624 ICAOSGCESL2,,5/29/2017,5/29/2017,2,Online Search,Web
Bowflex Max Trainer,CAM45692 SAWICAOFG2E,,5/29/2017,5/29/2017,1,Online Search,Call Center Internal
Bowflex Max Trainer,CAM45842 ICAOSGCESL9,,5/29/2017,5/29/2017,2,Online Search,Web
Bowflex Selecttech Dumbbells,CAM45842 ICAOSGCESL9,,5/29/2017,5/29/2017,1,Online Search,Web
Treadclimber,CAM45842 ICAOSGCESL9,,5/29/2017,5/29/2017,1,Online Search,Web
Treadclimber,CAM50718 ICAODG2TDL1,5/29/2017,5/29/2017,5/29/2017,1,Online Display,Web
Treadclimber,CAM50718 ICAODG2TDL1,,5/29/2017,5/29/2017,1,Online Display,Web
Bowflex Max Trainer,CAM50719 ICAODG2EDL1,,5/29/2017,5/29/2017,1,Online Display,Web
Bowflex Revolution,CAM50719 ICAODG2EDL1,,5/29/2017,5/29/2017,1,Online Display,Web
Bowflex Selecttech Dumbbells,CAM50721 ICAODG2DDL1,,5/29/2017,5/29/2017,1,Online Display,Web
Bowflex Max Trainer,CAM50726 ICAODG2EDL2,,5/29/2017,5/29/2017,1,Online Search,Web
Treadclimber,CAM50946 OUTCC120DANVDKST,5/29/2017,5/29/2017,5/29/2017,1,Short Form,Call Center Internal
Schwinn,CAM51106 GUSTC120M101VKST,,5/29/2017,5/29/2017,1,Short Form,Call Center Internal
Treadclimber,CAM51106 GUSTC120M101VKST,,5/29/2017,5/29/2017,1,Short Form,Call Center Internal
Bowflex Home Gyms,CAM29862 icawbowflexca,5/30/2017,5/30/2017,5/29/2017,1,Electronic - UnSourced,Web
Bowflex Home Gyms,CAM29862 icawbowflexca,,5/30/2017,5/29/2017,7,Electronic - UnSourced,Web
Bowflex Max Trainer,CAM29862 icawbowflexca,5/30/2017,5/30/2017,5/29/2017,2,Electronic - UnSourced,Web
Bowflex Max Trainer,CAM29862 icawbowflexca,,5/30/2017,5/29/2017,7,Electronic - UnSourced,Web
Bowflex Selecttech Dumbbells,CAM29862 icawbowflexca,,5/30/2017,5/29/2017,3,Electronic - UnSourced,Web
Treadclimber,CAM29862 icawbowflexca,,5/30/2017,5/29/2017,1,Electronic - UnSourced,Web
Bowflex Max Trainer,CAM30841 icaosgctsl2,,5/30/2017,5/29/2017,1,Online Search,Web
Treadclimber,CAM30841 icaosgctsl2,,5/30/2017,5/29/2017,1,Online Search,Web
Bowflex Home Gyms,CAM30891 SAWICAOSGCW,,5/30/2017,5/29/2017,1,Online Search,Call Center Internal
Bowflex Brand,CAM31266 icaosgcgl1,,5/30/2017,5/29/2017,2,Online Search,Web
Bowflex Home Gyms,CAM31266 icaosgcgl1,,5/30/2017,5/29/2017,7,Online Search,Web
Bowflex Max Trainer,CAM31266 icaosgcgl1,,5/30/2017,5/29/2017,2,Online Search,Web
Bowflex Selecttech Dumbbells,CAM31266 icaosgcgl1,,5/30/2017,5/29/2017,3,Online Search,Web
Bowflex Home Gyms,CAM37662 icaosgcwsl23,,5/30/2017,5/29/2017,1,Online Search,Web
Treadclimber,CAM37864 icaosgctsl6,5/30/2017,5/30/2017,5/29/2017,1,Online Search,Web
Treadclimber,CAM40825 1800TREADCLIMBER,,5/30/2017,5/29/2017,1,Un-Sourced,Call Center Internal
Bowflex Selecttech Dumbbells,CAM44557 icaosgcdsl8,5/30/2017,5/30/2017,5/29/2017,1,Online Search,Web
Bowflex Selecttech Dumbbells,CAM44557 icaosgcdsl8,,5/30/2017,5/29/2017,2,Online Search,Web
Treadclimber,CAM45327 1800MAXTRAINER,,5/30/2017,5/29/2017,2,Un-Sourced,Call Center Internal
Bowflex Home Gyms,CAM45438 ICAOFG2GFEED1,,5/30/2017,5/29/2017,1,Online Shopping,Web
Bowflex Max Trainer,CAM45624 ICAOSGCESL2,,5/30/2017,5/29/2017,2,Online Search,Web
Bowflex Max Trainer,CAM45628 ICAOSBCESL2,,5/30/2017,5/29/2017,1,Online Search,Web
Bowflex Max Trainer,CAM45631 ICAOFG2EFEED1,,5/30/2017,5/29/2017,3,Online Shopping,Web
Treadclimber,CAM45631 ICAOFG2EFEED1,,5/30/2017,5/29/2017,1,Online Shopping,Web
Bowflex Home Gyms,CAM45694 ICASESF14B,,5/30/2017,5/29/2017,1,Electronic - Short Form,Web
Bowflex Max Trainer,CAM45694 ICASESF14B,5/30/2017,5/30/2017,5/29/2017,2,Electronic - Short Form,Web
Bowflex Max Trainer,CAM45694 ICASESF14B,,5/30/2017,5/29/2017,1,Electronic - Short Form,Web
Bowflex Selecttech Dumbbells,CAM45694 ICASESF14B,,5/30/2017,5/29/2017,1,Electronic - Short Form,Web
Bowflex Max Trainer,CAM45842 ICAOSGCESL9,,5/30/2017,5/29/2017,1,Online Search,Web
Bowflex Max Trainer,CAM48224 SAWICAOXFBESCODE,,5/30/2017,5/29/2017,1,Online Social,Call Center Internal
Treadclimber,CAM48224 SAWICAOXFBESCODE,,5/30/2017,5/29/2017,1,Online Social,Call Center Internal
Bowflex Max Trainer,CAM48986 ICAOSGCESL12,,5/30/2017,5/29/2017,2,Online Search,Web
Bowflex Home Gyms,CAM50588 BNN*C120MX121KST,,5/30/2017,5/29/2017,1,Short Form,Call Center Internal
Bowflex Max Trainer,CAM50588 BNN*C120MX121KST,,5/30/2017,5/29/2017,1,Short Form,Call Center Internal
Treadclimber,CAM50718 ICAODG2TDL1,5/30/2017,5/30/2017,5/29/2017,1,Online Display,Web
Treadclimber,CAM50718 ICAODG2TDL1,,5/30/2017,5/29/2017,2,Online Display,Web
Bowflex Max Trainer,CAM50719 ICAODG2EDL1,,5/30/2017,5/29/2017,1,Online Display,Web
Bowflex Selecttech Dumbbells,CAM50721 ICAODG2DDL1,,5/30/2017,5/29/2017,1,Online Display,Web
Bowflex Max Trainer,CAM50726 ICAODG2EDL2,,5/30/2017,5/29/2017,1,Online Search,Web
Treadclimber,CAM50948 TSN1C120DANVDKST,5/30/2017,5/30/2017,5/29/2017,1,Short Form,Call Center Internal
Bowflex Max Trainer,CAM51074 ICAOXFBESCODEVD17A,,5/30/2017,5/29/2017,1,Online Social,Web
Bowflex Max Trainer,CAM51128 TVL*C120MAXSVKST,,5/30/2017,5/29/2017,1,Short Form,Call Center Internal
Bowflex Brand,CAM29862 icawbowflexca,,5/31/2017,5/29/2017,1,Electronic - UnSourced,Web
Bowflex Home Gyms,CAM29862 icawbowflexca,,5/31/2017,5/29/2017,9,Electronic - UnSourced,Web
Bowflex Max Trainer,CAM29862 icawbowflexca,5/31/2017,5/31/2017,5/29/2017,1,Electronic - UnSourced,Web
Bowflex Max Trainer,CAM29862 icawbowflexca,,5/31/2017,5/29/2017,6,Electronic - UnSourced,Web
Bowflex Revolution,CAM29862 icawbowflexca,,5/31/2017,5/29/2017,1,Electronic - UnSourced,Web
Bowflex Selecttech Dumbbells,CAM29862 icawbowflexca,,5/31/2017,5/29/2017,5,Electronic - UnSourced,Web
Bowflex Max Trainer,CAM30841 icaosgctsl2,5/31/2017,5/31/2017,5/29/2017,1,Online Search,Web
Bowflex Max Trainer,CAM30841 icaosgctsl2,,5/31/2017,5/29/2017,3,Online Search,Web
Treadclimber,CAM30841 icaosgctsl2,5/31/2017,5/31/2017,5/29/2017,2,Online Search,Web
Treadclimber,CAM30841 icaosgctsl2,,5/31/2017,5/29/2017,3,Online Search,Web
Treadclimber,CAM30971 icastsf09buytc,,5/31/2017,5/29/2017,1,Electronic - Short Form,Web
Bowflex Home Gyms,CAM31266 icaosgcgl1,,5/31/2017,5/29/2017,6,Online Search,Web
Bowflex Max Trainer,CAM31266 icaosgcgl1,,5/31/2017,5/29/2017,2,Online Search,Web
Bowflex Selecttech Dumbbells,CAM31266 icaosgcgl1,,5/31/2017,5/29/2017,2,Online Search,Web
Treadclimber,CAM31266 icaosgcgl1,,5/31/2017,5/29/2017,1,Online Search,Web
Bowflex Selecttech Dumbbells,CAM44557 icaosgcdsl8,5/31/2017,5/31/2017,5/29/2017,1,Online Search,Web
Bowflex Selecttech Dumbbells,CAM44557 icaosgcdsl8,,5/31/2017,5/29/2017,1,Online Search,Web
Bowflex Max Trainer,CAM45327 1800MAXTRAINER,,5/31/2017,5/29/2017,1,Un-Sourced,Call Center Internal
Schwinn,CAM45327 1800MAXTRAINER,,5/31/2017,5/29/2017,1,Un-Sourced,Call Center Internal
Treadclimber,CAM45327 1800MAXTRAINER,,5/31/2017,5/29/2017,3,Un-Sourced,Call Center Internal
Treadclimber,CAM45437 ICAOFG2TFEED1,,5/31/2017,5/29/2017,2,Online Shopping,Web
Bowflex Max Trainer,CAM45624 ICAOSGCESL2,5/31/2017,5/31/2017,5/29/2017,1,Online Search,Web
Bowflex Max Trainer,CAM45624 ICAOSGCESL2,,5/31/2017,5/29/2017,3,Online Search,Web
Bowflex Max Trainer,CAM45628 ICAOSBCESL2,,5/31/2017,5/29/2017,1,Online Search,Web
Bowflex Max Trainer,CAM45631 ICAOFG2EFEED1,5/31/2017,5/31/2017,5/29/2017,1,Online Shopping,Web
Bowflex Max Trainer,CAM45690 SAWICAOSGCE,,5/31/2017,5/29/2017,1,Online Search,Call Center Internal
Treadclimber,CAM45690 SAWICAOSGCE,,5/31/2017,5/29/2017,1,Online Search,Call Center Internal
Bowflex Max Trainer,CAM45692 SAWICAOFG2E,,5/31/2017,5/29/2017,2,Online Search,Call Center Internal
Treadclimber,CAM45692 SAWICAOFG2E,,5/31/2017,5/29/2017,1,Online Search,Call Center Internal
Bowflex Max Trainer,CAM45836 ICAOSGCESL3,,5/31/2017,5/29/2017,1,Online Search,Web
Bowflex Max Trainer,CAM47271 ICAOSGCESL10,,5/31/2017,5/29/2017,1,Online Search,Web
Bowflex Max Trainer,CAM50602 NTVNC120MX121KST,5/31/2017,5/31/2017,5/29/2017,1,Short Form,Call Center Internal
Bowflex Max Trainer,CAM50719 ICAODG2EDL1,,5/31/2017,5/29/2017,1,Online Display,Call Center Internal
Bowflex Max Trainer,CAM50719 ICAODG2EDL1,,5/31/2017,5/29/2017,5,Online Display,Web
Bowflex Home Gyms,CAM50720 ICAODG2GDL1,,5/31/2017,5/29/2017,1,Online Display,Web
Treadclimber,CAM51069 ICAOXFBTSCODEVD17B,,5/31/2017,5/29/2017,1,Online Social,Web
Bowflex Home Gyms,CAM29862 icawbowflexca,,6/1/2017,5/29/2017,3,Electronic - UnSourced,Web
Bowflex Max Trainer,CAM29862 icawbowflexca,,6/1/2017,5/29/2017,3,Electronic - UnSourced,Web
Bowflex Selecttech Dumbbells,CAM29862 icawbowflexca,,6/1/2017,5/29/2017,3,Electronic - UnSourced,Web
Bowflex Home Gyms,CAM30891 SAWICAOSGCW,,6/1/2017,5/29/2017,1,Online Search,Call Center Internal
Bowflex Home Gyms,CAM31266 icaosgcgl1,,6/1/2017,5/29/2017,2,Online Search,Web
Bowflex Max Trainer,CAM31266 icaosgcgl1,6/1/2017,6/1/2017,5/29/2017,2,Online Search,Web
Bowflex Max Trainer,CAM31266 icaosgcgl1,,6/1/2017,5/29/2017,1,Online Search,Web
Bowflex Selecttech Dumbbells,CAM31266 icaosgcgl1,,6/1/2017,5/29/2017,1,Online Search,Web
Bowflex Selecttech Dumbbells,CAM40819 1800SELECTTECH,,6/1/2017,5/29/2017,1,Un-Sourced,Call Center Internal
Bowflex Home Gyms,CAM40821 1800BOWFLEX,,6/1/2017,5/29/2017,1,Un-Sourced,Call Center Internal
Bowflex Selecttech Dumbbells,CAM44557 icaosgcdsl8,,6/1/2017,5/29/2017,1,Online Search,Web
Bowflex Max Trainer,CAM45624 ICAOSGCESL2,6/1/2017,6/1/2017,5/29/2017,1,Online Search,Web
Bowflex Max Trainer,CAM45624 ICAOSGCESL2,,6/1/2017,5/29/2017,2,Online Search,Web
Bowflex Max Trainer,CAM45694 ICASESF14B,,6/1/2017,5/29/2017,1,Electronic - Short Form,Call Center Internal
Bowflex Selecttech Dumbbells,CAM47283 ICAOSGCDSL12,,6/1/2017,5/29/2017,1,Online Search,Web
Bowflex Max Trainer,CAM49562 SAWDOVEYEVIEWE,,6/1/2017,5/29/2017,1,Online Video,Call Center Internal
Treadclimber,CAM50718 ICAODG2TDL1,6/1/2017,6/1/2017,5/29/2017,1,Online Display,Web
Treadclimber,CAM50718 ICAODG2TDL1,,6/1/2017,5/29/2017,1,Online Display,Web
Bowflex Max Trainer,CAM50719 ICAODG2EDL1,,6/1/2017,5/29/2017,2,Online Display,Web
Bowflex Home Gyms,CAM50720 ICAODG2GDL1,,6/1/2017,5/29/2017,1,Online Display,Web
Bowflex Max Trainer,CAM51069 ICAOXFBTSCODEVD17B,,6/1/2017,5/29/2017,1,Online Social,Web
Treadclimber,CAM51069 ICAOXFBTSCODEVD17B,,6/1/2017,5/29/2017,1,Online Social,Web
Bowflex Max Trainer,CAM51105 CTV2C120M101VKST,,6/1/2017,5/29/2017,1,Short Form,Call Center Internal
Treadclimber,CAM51105 CTV2C120M101VKST,,6/1/2017,5/29/2017,1,Short Form,Call Center Internal
Bowflex Home Gyms,CAM27401 DEFAULTADID,,6/2/2017,5/29/2017,1,Electronic - Short Form,Call Center Internal
Bowflex Home Gyms,CAM29862 icawbowflexca,,6/2/2017,5/29/2017,4,Electronic - UnSourced,Web
Bowflex Max Trainer,CAM29862 icawbowflexca,,6/2/2017,5/29/2017,1,Electronic - UnSourced,Web
Bowflex Selecttech Dumbbells,CAM29862 icawbowflexca,,6/2/2017,5/29/2017,2,Electronic - UnSourced,Web
Bowflex Home Gyms,CAM30796 SAWDOSG2G,,6/2/2017,5/29/2017,1,Online Search,Call Center Internal
Bowflex Max Trainer,CAM30841 icaosgctsl2,,6/2/2017,5/29/2017,1,Online Search,Web
Treadclimber,CAM30841 icaosgctsl2,,6/2/2017,5/29/2017,2,Online Search,Web
Bowflex Home Gyms,CAM30891 SAWICAOSGCW,,6/2/2017,5/29/2017,2,Online Search,Call Center Internal
Bowflex Brand,CAM31266 icaosgcgl1,,6/2/2017,5/29/2017,1,Online Search,Web
Bowflex Selecttech Dumbbells,CAM31266 icaosgcgl1,,6/2/2017,5/29/2017,2,Online Search,Web
Bowflex Max Trainer,CAM35680 INTELEMEDIACA,,6/2/2017,5/29/2017,1,Short Form,Call Center Internal
Treadclimber,CAM35680 INTELEMEDIACA,6/2/2017,6/2/2017,5/29/2017,1,Short Form,Call Center Internal
Treadclimber,CAM39467 icaosbctsl1,,6/2/2017,5/29/2017,1,Online Search,Web
Bowflex Selecttech Dumbbells,CAM44557 icaosgcdsl8,,6/2/2017,5/29/2017,1,Online Search,Web
Treadclimber,CAM45437 ICAOFG2TFEED1,,6/2/2017,5/29/2017,1,Online Shopping,Web
Bowflex Max Trainer,CAM45631 ICAOFG2EFEED1,,6/2/2017,5/29/2017,2,Online Shopping,Web
Bowflex Max Trainer,CAM45694 ICASESF14B,6/2/2017,6/2/2017,5/29/2017,1,Electronic - Short Form,Web
Bowflex Selecttech Dumbbells,CAM48231 ICAOXFBDSCODE002,,6/2/2017,5/29/2017,1,Online Social,Web
Treadclimber,CAM50718 ICAODG2TDL1,6/2/2017,6/2/2017,5/29/2017,1,Online Display,Web
Bowflex Max Trainer,CAM50719 ICAODG2EDL1,6/2/2017,6/2/2017,5/29/2017,1,Online Display,Web
Bowflex Max Trainer,CAM50719 ICAODG2EDL1,,6/2/2017,5/29/2017,1,Online Display,Web
Bowflex Selecttech Dumbbells,CAM50721 ICAODG2DDL1,,6/2/2017,5/29/2017,1,Online Display,Web
Bowflex Home Gyms,CAM50726 ICAODG2EDL2,6/2/2017,6/2/2017,5/29/2017,1,Online Search,Web
Bowflex Home Gyms,CAM28157 SALESFOLLOWUP,,6/3/2017,5/29/2017,1,Un-Sourced,Call Center Internal
Bowflex Max Trainer,CAM28157 SALESFOLLOWUP,,6/3/2017,5/29/2017,1,Un-Sourced,Call Center Internal
Treadclimber,CAM28157 SALESFOLLOWUP,,6/3/2017,5/29/2017,1,Un-Sourced,Call Center Internal
Bowflex Home Gyms,CAM29862 icawbowflexca,6/3/2017,6/3/2017,5/29/2017,2,Electronic - UnSourced,Web
Bowflex Home Gyms,CAM29862 icawbowflexca,,6/3/2017,5/29/2017,5,Electronic - UnSourced,Web
Bowflex Max Trainer,CAM29862 icawbowflexca,6/3/2017,6/3/2017,5/29/2017,1,Electronic - UnSourced,Web
Bowflex Max Trainer,CAM29862 icawbowflexca,,6/3/2017,5/29/2017,2,Electronic - UnSourced,Web
Bowflex Selecttech Dumbbells,CAM29862 icawbowflexca,,6/3/2017,5/29/2017,3,Electronic - UnSourced,Web
Treadclimber,CAM29862 icawbowflexca,6/3/2017,6/3/2017,5/29/2017,1,Electronic - UnSourced,Web
Bowflex Max Trainer,CAM30891 SAWICAOSGCW,,6/3/2017,5/29/2017,1,Online Search,Call Center Internal
Bowflex Home Gyms,CAM31266 icaosgcgl1,,6/3/2017,5/29/2017,2,Online Search,Web
Bowflex Max Trainer,CAM31266 icaosgcgl1,,6/3/2017,5/29/2017,2,Online Search,Web
Bowflex Selecttech Dumbbells,CAM31266 icaosgcgl1,,6/3/2017,5/29/2017,1,Online Search,Web
Bowflex Max Trainer,CAM37865 icaosgctsl7,6/3/2017,6/3/2017,5/29/2017,1,Online Search,Web
Bowflex Selecttech Dumbbells,CAM40819 1800SELECTTECH,,6/3/2017,5/29/2017,1,Un-Sourced,Call Center Internal
Bowflex Home Gyms,CAM44557 icaosgcdsl8,,6/3/2017,5/29/2017,1,Online Search,Web
Bowflex Selecttech Dumbbells,CAM44557 icaosgcdsl8,,6/3/2017,5/29/2017,1,Online Search,Web
Bowflex Max Trainer,CAM45631 ICAOFG2EFEED1,,6/3/2017,5/29/2017,1,Online Shopping,Web
Bowflex Max Trainer,CAM45694 ICASESF14B,,6/3/2017,5/29/2017,1,Electronic - Short Form,Web
Bowflex Max Trainer,CAM48226 ICAOXFBESCODE002,,6/3/2017,5/29/2017,1,Online Social,Web
Bowflex Selecttech Dumbbells,CAM48231 ICAOXFBDSCODE002,,6/3/2017,5/29/2017,2,Online Social,Web
Bowflex Max Trainer,CAM50719 ICAODG2EDL1,,6/3/2017,5/29/2017,2,Online Display,Web
Bowflex Selecttech Dumbbells,CAM50721 ICAODG2DDL1,,6/3/2017,5/29/2017,1,Online Display,Web
Bowflex Max Trainer,CAM51162 JUSTN120MXMEXTIC,,6/3/2017,5/29/2017,1,Short Form,Call Center Internal
Bowflex Max Trainer,CAM51219 IFC*N60*SOFTYTIC,,6/3/2017,5/29/2017,1,Short Form,Call Center Internal
Bowflex Home Gyms,CAM10009 SAWYAHSPBF,,6/4/2017,5/29/2017,1,Online,Call Center Internal
Bowflex Home Gyms,CAM29862 icawbowflexca,,6/4/2017,5/29/2017,2,Electronic - UnSourced,Web
Bowflex Max Trainer,CAM29862 icawbowflexca,6/4/2017,6/4/2017,5/29/2017,1,Electronic - UnSourced,Web
Bowflex Selecttech Dumbbells,CAM29862 icawbowflexca,,6/4/2017,5/29/2017,3,Electronic - UnSourced,Web
Treadclimber,CAM30841 icaosgctsl2,,6/4/2017,5/29/2017,1,Online Search,Web
Bowflex Home Gyms,CAM30891 SAWICAOSGCW,,6/4/2017,5/29/2017,1,Online Search,Call Center Internal
Bowflex Max Trainer,CAM31266 icaosgcgl1,,6/4/2017,5/29/2017,1,Online Search,Web
Bowflex Selecttech Dumbbells,CAM31266 icaosgcgl1,,6/4/2017,5/29/2017,1,Online Search,Web
Bowflex Home Gyms,CAM40992 icaosbcgl1,6/4/2017,6/4/2017,5/29/2017,1,Online Search,Web
Bowflex Selecttech Dumbbells,CAM44557 icaosgcdsl8,,6/4/2017,5/29/2017,1,Online Search,Web
Treadclimber,CAM45437 ICAOFG2TFEED1,,6/4/2017,5/29/2017,1,Online Shopping,Web
Bowflex Max Trainer,CAM45631 ICAOFG2EFEED1,,6/4/2017,5/29/2017,4,Online Shopping,Web
Bowflex Max Trainer,CAM45694 ICASESF14B,6/4/2017,6/4/2017,5/29/2017,1,Electronic - Short Form,Web
Bowflex Max Trainer,CAM45694 ICASESF14B,,6/4/2017,5/29/2017,1,Electronic - Short Form,Web
Bowflex Max Trainer,CAM45842 ICAOSGCESL9,,6/4/2017,5/29/2017,1,Online Search,Web
Bowflex Max Trainer,CAM47271 ICAOSGCESL10,6/4/2017,6/4/2017,5/29/2017,1,Online Search,Web
Bowflex Max Trainer,CAM48226 ICAOXFBESCODE002,,6/4/2017,5/29/2017,2,Online Social,Web
Bowflex Selecttech Dumbbells,CAM48231 ICAOXFBDSCODE002,,6/4/2017,5/29/2017,1,Online Social,Web
Bowflex Max Trainer,CAM50719 ICAODG2EDL1,,6/4/2017,5/29/2017,2,Online Display,Web
Bowflex Home Gyms,CAM128 1800BOWFLEX_CAB,,6/5/2017,6/5/2017,1,Electronic - UnSourced,Call Center Internal
Bowflex Home Gyms,CAM29862 icawbowflexca,6/5/2017,6/5/2017,6/5/2017,1,Electronic - UnSourced,Web
Bowflex Home Gyms,CAM29862 icawbowflexca,,6/5/2017,6/5/2017,4,Electronic - UnSourced,Web
Bowflex Max Trainer,CAM29862 icawbowflexca,6/5/2017,6/5/2017,6/5/2017,3,Electronic - UnSourced,Web
Bowflex Max Trainer,CAM29862 icawbowflexca,,6/5/2017,6/5/2017,2,Electronic - UnSourced,Web
Bowflex Selecttech Dumbbells,CAM29862 icawbowflexca,,6/5/2017,6/5/2017,4,Electronic - UnSourced,Web
Treadclimber,CAM29862 icawbowflexca,,6/5/2017,6/5/2017,2,Electronic - UnSourced,Web
Bowflex Selecttech Dumbbells,CAM30841 icaosgctsl2,,6/5/2017,6/5/2017,1,Online Search,Web
Treadclimber,CAM30841 icaosgctsl2,,6/5/2017,6/5/2017,1,Online Search,Web
Bowflex Home Gyms,CAM30891 SAWICAOSGCW,,6/5/2017,6/5/2017,1,Online Search,Call Center Internal
Bowflex Max Trainer,CAM30971 icastsf09buytc,,6/5/2017,6/5/2017,1,Electronic - Short Form,Web
Treadclimber,CAM30971 icastsf09buytc,,6/5/2017,6/5/2017,1,Electronic - Short Form,Web
Bowflex Home Gyms,CAM31266 icaosgcgl1,,6/5/2017,6/5/2017,1,Online Search,Web
Bowflex Max Trainer,CAM31266 icaosgcgl1,6/5/2017,6/5/2017,6/5/2017,1,Online Search,Web
Bowflex Max Trainer,CAM31266 icaosgcgl1,,6/5/2017,6/5/2017,1,Online Search,Web
Bowflex Selecttech Dumbbells,CAM31266 icaosgcgl1,,6/5/2017,6/5/2017,1,Online Search,Web
Bowflex Max Trainer,CAM45327 1800MAXTRAINER,,6/5/2017,6/5/2017,1,Un-Sourced,Call Center Internal
Bowflex Selecttech Dumbbells,CAM45439 ICAOFG2DFEED1,,6/5/2017,6/5/2017,1,Online Shopping,Web
Bowflex Max Trainer,CAM45631 ICAOFG2EFEED1,,6/5/2017,6/5/2017,5,Online Shopping,Web
Treadclimber,CAM45692 SAWICAOFG2E,,6/5/2017,6/5/2017,1,Online Search,Call Center Internal
Bowflex Max Trainer,CAM45694 ICASESF14B,,6/5/2017,6/5/2017,2,Electronic - Short Form,Web
Bowflex Max Trainer,CAM47271 ICAOSGCESL10,,6/5/2017,6/5/2017,1,Online Search,Web
Treadclimber,CAM47271 ICAOSGCESL10,,6/5/2017,6/5/2017,1,Online Search,Web
Bowflex Home Gyms,CAM47281 ICAOSGCWSL36,,6/5/2017,6/5/2017,1,Online Search,Web
Bowflex Revolution,CAM47281 ICAOSGCWSL36,,6/5/2017,6/5/2017,1,Online Search,Web
Bowflex Max Trainer,CAM48226 ICAOXFBESCODE002,,6/5/2017,6/5/2017,1,Online Social,Web
Bowflex Selecttech Dumbbells,CAM48231 ICAOXFBDSCODE002,,6/5/2017,6/5/2017,1,Online Social,Web
Bowflex Max Trainer,CAM50719 ICAODG2EDL1,6/5/2017,6/5/2017,6/5/2017,1,Online Display,Web
Bowflex Max Trainer,CAM50719 ICAODG2EDL1,,6/5/2017,6/5/2017,1,Online Display,Web
Bowflex Home Gyms,CAM28157 SALESFOLLOWUP,,6/6/2017,6/5/2017,1,Un-Sourced,Call Center Internal
Bowflex Home Gyms,CAM29862 icawbowflexca,,6/6/2017,6/5/2017,6,Electronic - UnSourced,Web
Bowflex Max Trainer,CAM29862 icawbowflexca,6/6/2017,6/6/2017,6/5/2017,1,Electronic - UnSourced,Web
Bowflex Max Trainer,CAM29862 icawbowflexca,,6/6/2017,6/5/2017,2,Electronic - UnSourced,Web
Bowflex Selecttech Dumbbells,CAM29862 icawbowflexca,,6/6/2017,6/5/2017,5,Electronic - UnSourced,Web
Treadclimber,CAM29862 icawbowflexca,6/6/2017,6/6/2017,6/5/2017,1,Electronic - UnSourced,Web
Treadclimber,CAM30841 icaosgctsl2,,6/6/2017,6/5/2017,1,Online Search,Web
Bowflex Home Gyms,CAM30891 SAWICAOSGCW,,6/6/2017,6/5/2017,2,Online Search,Call Center Internal
Treadclimber,CAM30891 SAWICAOSGCW,,6/6/2017,6/5/2017,1,Online Search,Call Center Internal
Treadclimber,CAM30896 SAWICAOSGCT,6/6/2017,6/6/2017,6/5/2017,1,Online Search,Call Center Internal
Bowflex Brand,CAM31266 icaosgcgl1,,6/6/2017,6/5/2017,3,Online Search,Web
Bowflex Home Gyms,CAM31266 icaosgcgl1,,6/6/2017,6/5/2017,4,Online Search,Web
Bowflex Max Trainer,CAM31266 icaosgcgl1,6/6/2017,6/6/2017,6/5/2017,1,Online Search,Web
Bowflex Max Trainer,CAM31266 icaosgcgl1,,6/6/2017,6/5/2017,2,Online Search,Web
Bowflex Selecttech Dumbbells,CAM31266 icaosgcgl1,,6/6/2017,6/5/2017,2,Online Search,Web
Treadclimber,CAM31266 icaosgcgl1,,6/6/2017,6/5/2017,1,Online Search,Web
Bowflex Max Trainer,CAM36610 icaswsf12a,6/6/2017,6/6/2017,6/5/2017,1,Electronic - Short Form,Web
Bowflex Max Trainer,CAM40992 icaosbcgl1,,6/6/2017,6/5/2017,1,Online Search,Web
Bowflex Selecttech Dumbbells,CAM44557 icaosgcdsl8,,6/6/2017,6/5/2017,1,Online Search,Web
Treadclimber,CAM45327 1800MAXTRAINER,,6/6/2017,6/5/2017,1,Un-Sourced,Call Center Internal
Bowflex Selecttech Dumbbells,CAM45439 ICAOFG2DFEED1,,6/6/2017,6/5/2017,1,Online Shopping,Web
Bowflex Max Trainer,CAM45631 ICAOFG2EFEED1,,6/6/2017,6/5/2017,1,Online Shopping,Web
Bowflex Home Gyms,CAM45690 SAWICAOSGCE,,6/6/2017,6/5/2017,1,Online Search,Call Center Internal
Bowflex Max Trainer,CAM45690 SAWICAOSGCE,,6/6/2017,6/5/2017,1,Online Search,Call Center Internal
Bowflex Max Trainer,CAM45694 ICASESF14B,6/6/2017,6/6/2017,6/5/2017,1,Electronic - Short Form,Web
Bowflex Max Trainer,CAM45694 ICASESF14B,,6/6/2017,6/5/2017,2,Electronic - Short Form,Web
Bowflex Max Trainer,CAM48226 ICAOXFBESCODE002,,6/6/2017,6/5/2017,2,Online Social,Web
Treadclimber,CAM50718 ICAODG2TDL1,,6/6/2017,6/5/2017,1,Online Display,Web
Bowflex Max Trainer,CAM28157 SALESFOLLOWUP,,6/7/2017,6/5/2017,1,Un-Sourced,Call Center Internal
Treadclimber,CAM28157 SALESFOLLOWUP,,6/7/2017,6/5/2017,1,Un-Sourced,Call Center Internal
Bowflex Home Gyms,CAM29862 icawbowflexca,,6/7/2017,6/5/2017,1,Electronic - UnSourced,Web
Bowflex Max Trainer,CAM29862 icawbowflexca,6/7/2017,6/7/2017,6/5/2017,1,Electronic - UnSourced,Web
Treadclimber,CAM29862 icawbowflexca,,6/7/2017,6/5/2017,1,Electronic - UnSourced,Web
Bowflex Selecttech Dumbbells,CAM30841 icaosgctsl2,,6/7/2017,6/5/2017,1,Online Search,Web
Bowflex Home Gyms,CAM30891 SAWICAOSGCW,,6/7/2017,6/5/2017,1,Online Search,Call Center Internal
Bowflex Selecttech Dumbbells,CAM31266 icaosgcgl1,,6/7/2017,6/5/2017,1,Online Search,Call Center Internal
Bowflex Home Gyms,CAM31266 icaosgcgl1,,6/7/2017,6/5/2017,1,Online Search,Web
Treadclimber,CAM31266 icaosgcgl1,,6/7/2017,6/5/2017,1,Online Search,Web
Bowflex Home Gyms,CAM39397 icaosgcwsl29,6/7/2017,6/7/2017,6/5/2017,1,Online Search,Web
Bowflex Home Gyms,CAM40821 1800BOWFLEX,,6/7/2017,6/5/2017,1,Un-Sourced,Call Center Internal
Bowflex Selecttech Dumbbells,CAM44557 icaosgcdsl8,,6/7/2017,6/5/2017,1,Online Search,Web
Bowflex Max Trainer,CAM45327 1800MAXTRAINER,,6/7/2017,6/5/2017,3,Un-Sourced,Call Center Internal
Treadclimber,CAM45327 1800MAXTRAINER,,6/7/2017,6/5/2017,1,Un-Sourced,Call Center Internal
Bowflex Selecttech Dumbbells,CAM45439 ICAOFG2DFEED1,,6/7/2017,6/5/2017,1,Online Shopping,Web
Bowflex Home Gyms,CAM47271 ICAOSGCESL10,,6/7/2017,6/5/2017,1,Online Search,Web
Bowflex Max Trainer,CAM47271 ICAOSGCESL10,,6/7/2017,6/5/2017,1,Online Search,Web
Bowflex Selecttech Dumbbells,CAM48231 ICAOXFBDSCODE002,,6/7/2017,6/5/2017,1,Online Social,Web
Bowflex Max Trainer,CAM50719 ICAODG2EDL1,6/7/2017,6/7/2017,6/5/2017,3,Online Display,Web
Bowflex Max Trainer,CAM50719 ICAODG2EDL1,,6/7/2017,6/5/2017,1,Online Display,Web
Bowflex Max Trainer,CAM51110 OLN*C120M101VKST,,6/7/2017,6/5/2017,1,Short Form,Call Center Internal
Bowflex Brand,CAM29862 icawbowflexca,,6/8/2017,6/5/2017,2,Electronic - UnSourced,Web
Bowflex Home Gyms,CAM29862 icawbowflexca,,6/8/2017,6/5/2017,4,Electronic - UnSourced,Web
Bowflex Max Trainer,CAM29862 icawbowflexca,6/8/2017,6/8/2017,6/5/2017,1,Electronic - UnSourced,Web
Bowflex Max Trainer,CAM29862 icawbowflexca,,6/8/2017,6/5/2017,2,Electronic - UnSourced,Web
Bowflex Selecttech Dumbbells,CAM29862 icawbowflexca,,6/8/2017,6/5/2017,5,Electronic - UnSourced,Web
Treadclimber,CAM30841 icaosgctsl2,,6/8/2017,6/5/2017,1,Online Search,Web
Bowflex Home Gyms,CAM30891 SAWICAOSGCW,,6/8/2017,6/5/2017,2,Online Search,Call Center Internal
Bowflex Home Gyms,CAM31266 icaosgcgl1,,6/8/2017,6/5/2017,1,Online Search,Web
Bowflex Max Trainer,CAM31266 icaosgcgl1,6/8/2017,6/8/2017,6/5/2017,1,Online Search,Web
Bowflex Selecttech Dumbbells,CAM31266 icaosgcgl1,,6/8/2017,6/5/2017,1,Online Search,Web
Bowflex Selecttech Dumbbells,CAM40819 1800SELECTTECH,,6/8/2017,6/5/2017,1,Un-Sourced,Call Center Internal
Bowflex Selecttech Dumbbells,CAM44557 icaosgcdsl8,,6/8/2017,6/5/2017,1,Online Search,Web
Bowflex Selecttech Dumbbells,CAM45439 ICAOFG2DFEED1,,6/8/2017,6/5/2017,6,Online Shopping,Web
Bowflex Max Trainer,CAM45631 ICAOFG2EFEED1,6/8/2017,6/8/2017,6/5/2017,1,Online Shopping,Web
Bowflex Max Trainer,CAM45631 ICAOFG2EFEED1,,6/8/2017,6/5/2017,2,Online Shopping,Web
Bowflex Max Trainer,CAM45694 ICASESF14B,6/8/2017,6/8/2017,6/5/2017,1,Electronic - Short Form,Web
Bowflex Max Trainer,CAM48226 ICAOXFBESCODE002,,6/8/2017,6/5/2017,1,Online Social,Web
Bowflex Selecttech Dumbbells,CAM48231 ICAOXFBDSCODE002,,6/8/2017,6/5/2017,1,Online Social,Web
Treadclimber,CAM49424 DOSG2T,,6/8/2017,6/5/2017,1,Online Search,Call Center Internal
Bowflex Max Trainer,CAM50592 FGHTC120MX121KST,6/8/2017,6/8/2017,6/5/2017,1,Short Form,Call Center Internal
Bowflex Max Trainer,CAM50604 TSN2C120MX121KST,,6/8/2017,6/5/2017,1,Short Form,Call Center Internal
Bowflex Selecttech Dumbbells,CAM50721 ICAODG2DDL1,,6/8/2017,6/5/2017,2,Online Display,Web
Bowflex Home Gyms,CAM29862 icawbowflexca,,6/9/2017,6/5/2017,1,Electronic - UnSourced,Call Center Internal
Treadclimber,CAM29862 icawbowflexca,,6/9/2017,6/5/2017,1,Electronic - UnSourced,Call Center Internal
Bowflex Brand,CAM29862 icawbowflexca,,6/9/2017,6/5/2017,1,Electronic - UnSourced,Web
Bowflex Home Gyms,CAM29862 icawbowflexca,,6/9/2017,6/5/2017,2,Electronic - UnSourced,Web
Bowflex Max Trainer,CAM29862 icawbowflexca,6/9/2017,6/9/2017,6/5/2017,2,Electronic - UnSourced,Web
Bowflex Max Trainer,CAM29862 icawbowflexca,,6/9/2017,6/5/2017,2,Electronic - UnSourced,Web
Treadclimber,CAM30841 icaosgctsl2,,6/9/2017,6/5/2017,1,Online Search,Web
Bowflex Home Gyms,CAM30891 SAWICAOSGCW,,6/9/2017,6/5/2017,1,Online Search,Call Center Internal
Bowflex Home Gyms,CAM31266 icaosgcgl1,,6/9/2017,6/5/2017,2,Online Search,Web
Bowflex Selecttech Dumbbells,CAM31266 icaosgcgl1,,6/9/2017,6/5/2017,1,Online Search,Web
Bowflex Selecttech Dumbbells,CAM45439 ICAOFG2DFEED1,,6/9/2017,6/5/2017,1,Online Shopping,Web
Bowflex Max Trainer,CAM45631 ICAOFG2EFEED1,,6/9/2017,6/5/2017,2,Online Shopping,Web
Bowflex Max Trainer,CAM45694 ICASESF14B,,6/9/2017,6/5/2017,3,Electronic - Short Form,Web
Bowflex Max Trainer,CAM47271 ICAOSGCESL10,,6/9/2017,6/5/2017,1,Online Search,Web
Bowflex Max Trainer,CAM47281 ICAOSGCWSL36,6/9/2017,6/9/2017,6/5/2017,1,Online Search,Web
Bowflex Selecttech Dumbbells,CAM48221 ICAOXFBTSCODE002,,6/9/2017,6/5/2017,1,Online Social,Web
Treadclimber,CAM48221 ICAOXFBTSCODE002,,6/9/2017,6/5/2017,1,Online Social,Web
Bowflex Max Trainer,CAM50053 VINTC120MX100KST,6/9/2017,6/9/2017,6/5/2017,1,Short Form,Call Center Internal
Treadclimber,CAM50718 ICAODG2TDL1,6/16/2017,6/9/2017,6/5/2017,1,Online Display,Web
Bowflex Selecttech Dumbbells,CAM50721 ICAODG2DDL1,,6/9/2017,6/5/2017,2,Online Display,Web
Bowflex Home Gyms,CAM29862 icawbowflexca,6/10/2017,6/10/2017,6/5/2017,1,Electronic - UnSourced,Web
Bowflex Home Gyms,CAM29862 icawbowflexca,,6/10/2017,6/5/2017,2,Electronic - UnSourced,Web
Bowflex Max Trainer,CAM29862 icawbowflexca,,6/10/2017,6/5/2017,1,Electronic - UnSourced,Web
Bowflex Selecttech Dumbbells,CAM29862 icawbowflexca,,6/10/2017,6/5/2017,3,Electronic - UnSourced,Web
Treadclimber,CAM30841 icaosgctsl2,,6/10/2017,6/5/2017,1,Online Search,Web
Bowflex Home Gyms,CAM30891 SAWICAOSGCW,,6/10/2017,6/5/2017,1,Online Search,Call Center Internal
Bowflex Max Trainer,CAM30891 SAWICAOSGCW,,6/10/2017,6/5/2017,1,Online Search,Call Center Internal
Bowflex Brand,CAM31266 icaosgcgl1,,6/10/2017,6/5/2017,1,Online Search,Web
Bowflex Home Gyms,CAM31266 icaosgcgl1,6/10/2017,6/10/2017,6/5/2017,1,Online Search,Web
Bowflex Max Trainer,CAM31266 icaosgcgl1,,6/10/2017,6/5/2017,3,Online Search,Web
Treadclimber,CAM31266 icaosgcgl1,,6/10/2017,6/5/2017,1,Online Search,Web
Bowflex Brand,CAM40992 icaosbcgl1,,6/10/2017,6/5/2017,1,Online Search,Web
Bowflex Home Gyms,CAM40992 icaosbcgl1,6/10/2017,6/10/2017,6/5/2017,1,Online Search,Web
Bowflex Selecttech Dumbbells,CAM40992 icaosbcgl1,,6/10/2017,6/5/2017,1,Online Search,Web
Bowflex Selecttech Dumbbells,CAM44557 icaosgcdsl8,,6/10/2017,6/5/2017,1,Online Search,Web
Bowflex Max Trainer,CAM45327 1800MAXTRAINER,,6/10/2017,6/5/2017,1,Un-Sourced,Call Center Internal
Treadclimber,CAM45327 1800MAXTRAINER,,6/10/2017,6/5/2017,1,Un-Sourced,Call Center Internal
Bowflex Selecttech Dumbbells,CAM45439 ICAOFG2DFEED1,,6/10/2017,6/5/2017,2,Online Shopping,Web
Bowflex Max Trainer,CAM45624 ICAOSGCESL2,,6/10/2017,6/5/2017,1,Online Search,Web
Bowflex Selecttech Dumbbells,CAM45624 ICAOSGCESL2,,6/10/2017,6/5/2017,1,Online Search,Web
Bowflex Home Gyms,CAM48236 ICAOXFBGSCODE002,,6/10/2017,6/5/2017,1,Online Social,Web
Bowflex Selecttech Dumbbells,CAM50721 ICAODG2DDL1,,6/10/2017,6/5/2017,2,Online Display,Web
Bowflex Max Trainer,CAM51171 IONLN120MXMEXTIC,,6/10/2017,6/5/2017,1,Short Form,Call Center Internal
Bowflex Brand,CAM29862 icawbowflexca,,6/11/2017,6/5/2017,1,Electronic - UnSourced,Web
Bowflex Home Gyms,CAM29862 icawbowflexca,,6/11/2017,6/5/2017,5,Electronic - UnSourced,Web
Bowflex Max Trainer,CAM29862 icawbowflexca,6/11/2017,6/11/2017,6/5/2017,1,Electronic - UnSourced,Web
Bowflex Max Trainer,CAM29862 icawbowflexca,,6/11/2017,6/5/2017,3,Electronic - UnSourced,Web
Treadclimber,CAM29862 icawbowflexca,,6/11/2017,6/5/2017,1,Electronic - UnSourced,Web
Bowflex Home Gyms,CAM30891 SAWICAOSGCW,,6/11/2017,6/5/2017,1,Online Search,Call Center Internal
Bowflex Max Trainer,CAM30891 SAWICAOSGCW,,6/11/2017,6/5/2017,1,Online Search,Call Center Internal
Treadclimber,CAM30891 SAWICAOSGCW,,6/11/2017,6/5/2017,1,Online Search,Call Center Internal
Bowflex Home Gyms,CAM31266 icaosgcgl1,,6/11/2017,6/5/2017,3,Online Search,Web
Bowflex Max Trainer,CAM31266 icaosgcgl1,6/11/2017,6/11/2017,6/5/2017,1,Online Search,Web
Bowflex Max Trainer,CAM31266 icaosgcgl1,,6/11/2017,6/5/2017,3,Online Search,Web
Bowflex Selecttech Dumbbells,CAM31266 icaosgcgl1,6/11/2017,6/11/2017,6/5/2017,1,Online Search,Web
Treadclimber,CAM31266 icaosgcgl1,6/11/2017,6/11/2017,6/5/2017,1,Online Search,Web
Treadclimber,CAM31266 icaosgcgl1,,6/11/2017,6/5/2017,1,Online Search,Web
Bowflex Selecttech Dumbbells,CAM40992 icaosbcgl1,,6/11/2017,6/5/2017,1,Online Search,Web
Bowflex Max Trainer,CAM45327 1800MAXTRAINER,6/11/2017,6/11/2017,6/5/2017,1,Un-Sourced,Call Center Internal
Treadclimber,CAM45327 1800MAXTRAINER,,6/11/2017,6/5/2017,1,Un-Sourced,Call Center Internal
Bowflex Selecttech Dumbbells,CAM45439 ICAOFG2DFEED1,,6/11/2017,6/5/2017,2,Online Shopping,Web
Bowflex Max Trainer,CAM45631 ICAOFG2EFEED1,6/11/2017,6/11/2017,6/5/2017,1,Online Shopping,Web
Bowflex Selecttech Dumbbells,CAM48231 ICAOXFBDSCODE002,,6/11/2017,6/5/2017,2,Online Social,Web
Bowflex Max Trainer,CAM50719 ICAODG2EDL1,,6/11/2017,6/5/2017,1,Online Display,Web
Bowflex Home Gyms,CAM50720 ICAODG2GDL1,6/11/2017,6/11/2017,6/5/2017,1,Online Display,Web
Bowflex Max Trainer,CAM51219 IFC*N60*SOFTYTIC,,6/11/2017,6/5/2017,1,Short Form,Call Center Internal
Bowflex Home Gyms,CAM27401 DEFAULTADID,,6/12/2017,6/12/2017,1,Electronic - Short Form,Call Center Internal
Bowflex Brand,CAM29862 icawbowflexca,,6/12/2017,6/12/2017,1,Electronic - UnSourced,Web
Bowflex Home Gyms,CAM29862 icawbowflexca,6/12/2017,6/12/2017,6/12/2017,2,Electronic - UnSourced,Web
Bowflex Home Gyms,CAM29862 icawbowflexca,,6/12/2017,6/12/2017,8,Electronic - UnSourced,Web
Bowflex Max Trainer,CAM29862 icawbowflexca,,6/12/2017,6/12/2017,3,Electronic - UnSourced,Web
Bowflex Selecttech Dumbbells,CAM29862 icawbowflexca,,6/12/2017,6/12/2017,2,Electronic - UnSourced,Web
Treadclimber,CAM29862 icawbowflexca,6/12/2017,6/12/2017,6/12/2017,1,Electronic - UnSourced,Web
Treadclimber,CAM29862 icawbowflexca,,6/12/2017,6/12/2017,1,Electronic - UnSourced,Web
Bowflex Home Gyms,CAM30891 SAWICAOSGCW,,6/12/2017,6/12/2017,2,Online Search,Call Center Internal
Bowflex Home Gyms,CAM31266 icaosgcgl1,,6/12/2017,6/12/2017,4,Online Search,Web
Bowflex Max Trainer,CAM31266 icaosgcgl1,,6/12/2017,6/12/2017,1,Online Search,Web
Bowflex Selecttech Dumbbells,CAM31266 icaosgcgl1,,6/12/2017,6/12/2017,4,Online Search,Web
Bowflex Selecttech Dumbbells,CAM44446 icaosbidsl1,,6/12/2017,6/12/2017,1,Online Search,Web
Bowflex Selecttech Dumbbells,CAM44557 icaosgcdsl8,,6/12/2017,6/12/2017,2,Online Search,Web
Bowflex Max Trainer,CAM45327 1800MAXTRAINER,6/12/2017,6/12/2017,6/12/2017,1,Un-Sourced,Call Center Internal
Bowflex Max Trainer,CAM45327 1800MAXTRAINER,,6/12/2017,6/12/2017,1,Un-Sourced,Call Center Internal
Treadclimber,CAM45327 1800MAXTRAINER,,6/12/2017,6/12/2017,1,Un-Sourced,Call Center Internal
Bowflex Home Gyms,CAM45438 ICAOFG2GFEED1,,6/12/2017,6/12/2017,2,Online Shopping,Web
Bowflex Selecttech Dumbbells,CAM45439 ICAOFG2DFEED1,,6/12/2017,6/12/2017,1,Online Shopping,Web
Bowflex Max Trainer,CAM45624 ICAOSGCESL2,,6/12/2017,6/12/2017,1,Online Search,Web
Bowflex Max Trainer,CAM45631 ICAOFG2EFEED1,6/12/2017,6/12/2017,6/12/2017,1,Online Shopping,Web
Bowflex Max Trainer,CAM45631 ICAOFG2EFEED1,,6/12/2017,6/12/2017,4,Online Shopping,Web
Bowflex Max Trainer,CAM45694 ICASESF14B,6/12/2017,6/12/2017,6/12/2017,1,Electronic - Short Form,Web
Bowflex Max Trainer,CAM45694 ICASESF14B,,6/12/2017,6/12/2017,2,Electronic - Short Form,Web
Bowflex Max Trainer,CAM45842 ICAOSGCESL9,,6/12/2017,6/12/2017,1,Online Search,Web
Bowflex Max Trainer,CAM48226 ICAOXFBESCODE002,,6/12/2017,6/12/2017,1,Online Social,Web
Bowflex Revolution,CAM48236 ICAOXFBGSCODE002,,6/12/2017,6/12/2017,1,Online Social,Web
Bowflex Max Trainer,CAM50592 FGHTC120MX121KST,6/12/2017,6/12/2017,6/12/2017,1,Short Form,Call Center Internal
Bowflex Home Gyms,CAM50720 ICAODG2GDL1,,6/12/2017,6/12/2017,1,Online Display,Web
Bowflex Max Trainer,CAM50726 ICAODG2EDL2,6/12/2017,6/12/2017,6/12/2017,1,Online Search,Web
Bowflex Max Trainer,CAM50726 ICAODG2EDL2,,6/12/2017,6/12/2017,1,Online Search,Web
Bowflex Home Gyms,CAM29862 icawbowflexca,,6/13/2017,6/12/2017,4,Electronic - UnSourced,Web
Bowflex Max Trainer,CAM29862 icawbowflexca,6/13/2017,6/13/2017,6/12/2017,2,Electronic - UnSourced,Web
Bowflex Max Trainer,CAM29862 icawbowflexca,,6/13/2017,6/12/2017,2,Electronic - UnSourced,Web
Bowflex Selecttech Dumbbells,CAM29862 icawbowflexca,,6/13/2017,6/12/2017,1,Electronic - UnSourced,Web
Treadclimber,CAM30841 icaosgctsl2,6/13/2017,6/13/2017,6/12/2017,1,Online Search,Web
Bowflex Home Gyms,CAM31266 icaosgcgl1,,6/13/2017,6/12/2017,2,Online Search,Web
Bowflex Revolution,CAM31266 icaosgcgl1,,6/13/2017,6/12/2017,1,Online Search,Web
Bowflex Home Gyms,CAM37662 icaosgcwsl23,,6/13/2017,6/12/2017,2,Online Search,Web
Bowflex Revolution,CAM37662 icaosgcwsl23,,6/13/2017,6/12/2017,1,Online Search,Web
Bowflex Max Trainer,CAM45327 1800MAXTRAINER,,6/13/2017,6/12/2017,1,Un-Sourced,Call Center Internal
Treadclimber,CAM45327 1800MAXTRAINER,,6/13/2017,6/12/2017,1,Un-Sourced,Call Center Internal
Bowflex Selecttech Dumbbells,CAM45439 ICAOFG2DFEED1,,6/13/2017,6/12/2017,2,Online Shopping,Web
Bowflex Max Trainer,CAM45631 ICAOFG2EFEED1,,6/13/2017,6/12/2017,5,Online Shopping,Web
Bowflex Max Trainer,CAM45693 ICASESF14A,6/13/2017,6/13/2017,6/12/2017,1,Electronic - Short Form,Web
Bowflex Max Trainer,CAM45694 ICASESF14B,,6/13/2017,6/12/2017,2,Electronic - Short Form,Web
Bowflex Selecttech Dumbbells,CAM45694 ICASESF14B,,6/13/2017,6/12/2017,1,Electronic - Short Form,Web
Bowflex Max Trainer,CAM45848 ICAOSBCESL8,,6/13/2017,6/12/2017,1,Online Search,Web
Treadclimber,CAM46766 TFNCC120WLKNYKST,6/13/2017,6/13/2017,6/12/2017,1,Short Form,Third Party Call Center - West
Bowflex Max Trainer,CAM48225 ICAOXFBESCODE001,,6/13/2017,6/12/2017,1,Online Social,Web
Bowflex Home Gyms,CAM48236 ICAOXFBGSCODE002,,6/13/2017,6/12/2017,1,Online Social,Web
Bowflex Max Trainer,CAM50719 ICAODG2EDL1,6/13/2017,6/13/2017,6/12/2017,1,Online Display,Web
Bowflex Max Trainer,CAM50719 ICAODG2EDL1,,6/13/2017,6/12/2017,3,Online Display,Web
Bowflex Home Gyms,CAM50720 ICAODG2GDL1,,6/13/2017,6/12/2017,1,Online Display,Call Center Internal
Bowflex Brand,CAM29862 icawbowflexca,,6/14/2017,6/12/2017,1,Electronic - UnSourced,Web
Bowflex Home Gyms,CAM29862 icawbowflexca,,6/14/2017,6/12/2017,4,Electronic - UnSourced,Web
Bowflex Max Trainer,CAM29862 icawbowflexca,6/14/2017,6/14/2017,6/12/2017,3,Electronic - UnSourced,Web
Bowflex Max Trainer,CAM29862 icawbowflexca,,6/14/2017,6/12/2017,1,Electronic - UnSourced,Web
Bowflex Selecttech Dumbbells,CAM29862 icawbowflexca,,6/14/2017,6/12/2017,2,Electronic - UnSourced,Web
Treadclimber,CAM30841 icaosgctsl2,,6/14/2017,6/12/2017,1,Online Search,Web
Bowflex Max Trainer,CAM31266 icaosgcgl1,6/14/2017,6/14/2017,6/12/2017,1,Online Search,Web
Bowflex Selecttech Dumbbells,CAM31266 icaosgcgl1,,6/14/2017,6/12/2017,1,Online Search,Web
Treadclimber,CAM31266 icaosgcgl1,6/14/2017,6/14/2017,6/12/2017,1,Online Search,Web
Bowflex Home Gyms,CAM37662 icaosgcwsl23,,6/14/2017,6/12/2017,1,Online Search,Web
Bowflex Home Gyms,CAM40992 icaosbcgl1,,6/14/2017,6/12/2017,1,Online Search,Web
Bowflex Max Trainer,CAM40992 icaosbcgl1,,6/14/2017,6/12/2017,1,Online Search,Web
Bowflex Selecttech Dumbbells,CAM44557 icaosgcdsl8,,6/14/2017,6/12/2017,4,Online Search,Web
Bowflex Max Trainer,CAM45327 1800MAXTRAINER,,6/14/2017,6/12/2017,1,Un-Sourced,Call Center Internal
Treadclimber,CAM45327 1800MAXTRAINER,,6/14/2017,6/12/2017,1,Un-Sourced,Call Center Internal
Bowflex Home Gyms,CAM45438 ICAOFG2GFEED1,,6/14/2017,6/12/2017,1,Online Shopping,Web
Bowflex Selecttech Dumbbells,CAM45439 ICAOFG2DFEED1,,6/14/2017,6/12/2017,2,Online Shopping,Web
Bowflex Max Trainer,CAM45628 ICAOSBCESL2,6/14/2017,6/14/2017,6/12/2017,1,Online Search,Web
Bowflex Max Trainer,CAM45631 ICAOFG2EFEED1,6/14/2017,6/14/2017,6/12/2017,1,Online Shopping,Web
Bowflex Max Trainer,CAM45631 ICAOFG2EFEED1,,6/14/2017,6/12/2017,3,Online Shopping,Web
Bowflex Max Trainer,CAM45692 SAWICAOFG2E,,6/14/2017,6/12/2017,1,Online Search,Call Center Internal
Bowflex Max Trainer,CAM45694 ICASESF14B,6/14/2017,6/14/2017,6/12/2017,1,Electronic - Short Form,Web
Bowflex Max Trainer,CAM45694 ICASESF14B,,6/14/2017,6/12/2017,3,Electronic - Short Form,Web
Bowflex Max Trainer,CAM45900 SAWDODADCE,,6/14/2017,6/12/2017,1,Online Display,Call Center Internal
Bowflex Max Trainer,CAM47271 ICAOSGCESL10,,6/14/2017,6/12/2017,1,Online Search,Web
Treadclimber,CAM48221 ICAOXFBTSCODE002,,6/14/2017,6/12/2017,2,Online Social,Web
Bowflex Max Trainer,CAM50592 FGHTC120MX121KST,6/14/2017,6/14/2017,6/12/2017,2,Short Form,Call Center Internal
Bowflex Max Trainer,CAM50719 ICAODG2EDL1,,6/14/2017,6/12/2017,2,Online Display,Web
Bowflex Max Trainer,CAM50721 ICAODG2DDL1,6/14/2017,6/14/2017,6/12/2017,1,Online Display,Web
Bowflex Selecttech Dumbbells,CAM50721 ICAODG2DDL1,,6/14/2017,6/12/2017,1,Online Display,Web
Bowflex Brand,CAM29862 icawbowflexca,,6/15/2017,6/12/2017,1,Electronic - UnSourced,Web
Bowflex Home Gyms,CAM29862 icawbowflexca,,6/15/2017,6/12/2017,3,Electronic - UnSourced,Web
Bowflex Max Trainer,CAM29862 icawbowflexca,6/15/2017,6/15/2017,6/12/2017,2,Electronic - UnSourced,Web
Bowflex Max Trainer,CAM29862 icawbowflexca,,6/15/2017,6/12/2017,2,Electronic - UnSourced,Web
Bowflex Selecttech Dumbbells,CAM29862 icawbowflexca,,6/15/2017,6/12/2017,2,Electronic - UnSourced,Web
Treadclimber,CAM29862 icawbowflexca,,6/15/2017,6/12/2017,1,Electronic - UnSourced,Web
Bowflex Max Trainer,CAM30841 icaosgctsl2,,6/15/2017,6/12/2017,1,Online Search,Web
Treadclimber,CAM30841 icaosgctsl2,,6/15/2017,6/12/2017,1,Online Search,Web
Bowflex Home Gyms,CAM31266 icaosgcgl1,,6/15/2017,6/12/2017,2,Online Search,Web
Bowflex Selecttech Dumbbells,CAM31266 icaosgcgl1,,6/15/2017,6/12/2017,2,Online Search,Web
Bowflex Home Gyms,CAM40821 1800BOWFLEX,,6/15/2017,6/12/2017,2,Un-Sourced,Call Center Internal
Treadclimber,CAM40821 1800BOWFLEX,,6/15/2017,6/12/2017,1,Un-Sourced,Call Center Internal
Bowflex Home Gyms,CAM40992 icaosbcgl1,,6/15/2017,6/12/2017,1,Online Search,Call Center Internal
Bowflex Selecttech Dumbbells,CAM44557 icaosgcdsl8,,6/15/2017,6/12/2017,1,Online Search,Web
Bowflex Max Trainer,CAM45327 1800MAXTRAINER,,6/15/2017,6/12/2017,1,Un-Sourced,Call Center Internal
Treadclimber,CAM45327 1800MAXTRAINER,,6/15/2017,6/12/2017,2,Un-Sourced,Call Center Internal
Bowflex Selecttech Dumbbells,CAM45439 ICAOFG2DFEED1,,6/15/2017,6/12/2017,1,Online Shopping,Web
Bowflex Max Trainer,CAM45631 ICAOFG2EFEED1,,6/15/2017,6/12/2017,2,Online Shopping,Web
Bowflex Max Trainer,CAM45694 ICASESF14B,6/15/2017,6/15/2017,6/12/2017,2,Electronic - Short Form,Web
Bowflex Max Trainer,CAM45694 ICASESF14B,,6/15/2017,6/12/2017,2,Electronic - Short Form,Web
Bowflex Max Trainer,CAM48226 ICAOXFBESCODE002,6/15/2017,6/15/2017,6/12/2017,1,Online Social,Web
Bowflex Selecttech Dumbbells,CAM48231 ICAOXFBDSCODE002,,6/15/2017,6/12/2017,1,Online Social,Web
Bowflex Max Trainer,CAM50588 BNN*C120MX121KST,6/15/2017,6/15/2017,6/12/2017,1,Short Form,Call Center Internal
Bowflex Home Gyms,CAM50720 ICAODG2GDL1,,6/15/2017,6/12/2017,1,Online Display,Web
Bowflex Selecttech Dumbbells,CAM50721 ICAODG2DDL1,6/15/2017,6/15/2017,6/12/2017,1,Online Display,Web
Bowflex Selecttech Dumbbells,CAM50721 ICAODG2DDL1,,6/15/2017,6/12/2017,1,Online Display,Web
Bowflex Max Trainer,CAM51212 HISCC120MX121KST,6/15/2017,6/15/2017,6/12/2017,1,Short Form,Call Center Internal
Bowflex Max Trainer,CAM51232 SPKEN60*SOFTYTIC,,6/15/2017,6/12/2017,1,Short Form,Call Center Internal
Bowflex Max Trainer,CAM51236 FOXNN60*SOFTYTIC,,6/15/2017,6/12/2017,1,Short Form,Call Center Internal
Treadclimber,CAM51236 FOXNN60*SOFTYTIC,,6/15/2017,6/12/2017,1,Short Form,Call Center Internal
Bowflex Home Gyms,CAM29862 icawbowflexca,,6/16/2017,6/12/2017,1,Electronic - UnSourced,Call Center Internal
Bowflex Brand,CAM29862 icawbowflexca,,6/16/2017,6/12/2017,1,Electronic - UnSourced,Web
Bowflex Home Gyms,CAM29862 icawbowflexca,,6/16/2017,6/12/2017,4,Electronic - UnSourced,Web
Bowflex Max Trainer,CAM29862 icawbowflexca,6/16/2017,6/16/2017,6/12/2017,1,Electronic - UnSourced,Web
Bowflex Max Trainer,CAM29862 icawbowflexca,,6/16/2017,6/12/2017,4,Electronic - UnSourced,Web
Bowflex Revolution,CAM29862 icawbowflexca,,6/16/2017,6/12/2017,1,Electronic - UnSourced,Web
Bowflex Selecttech Dumbbells,CAM29862 icawbowflexca,,6/16/2017,6/12/2017,2,Electronic - UnSourced,Web
Treadclimber,CAM29862 icawbowflexca,,6/16/2017,6/12/2017,2,Electronic - UnSourced,Web
Bowflex Max Trainer,CAM30841 icaosgctsl2,,6/16/2017,6/12/2017,1,Online Search,Web
Treadclimber,CAM30841 icaosgctsl2,,6/16/2017,6/12/2017,1,Online Search,Web
Bowflex Home Gyms,CAM31266 icaosgcgl1,,6/16/2017,6/12/2017,1,Online Search,Web
Bowflex Max Trainer,CAM31266 icaosgcgl1,,6/16/2017,6/12/2017,2,Online Search,Web
Bowflex Selecttech Dumbbells,CAM31266 icaosgcgl1,,6/16/2017,6/12/2017,1,Online Search,Web
Treadclimber,CAM31266 icaosgcgl1,6/16/2017,6/16/2017,6/12/2017,1,Online Search,Web
Treadclimber,CAM35680 INTELEMEDIACA,6/16/2017,6/16/2017,6/12/2017,1,Short Form,Call Center Internal
Bowflex Home Gyms,CAM40992 icaosbcgl1,,6/16/2017,6/12/2017,1,Online Search,Web
Bowflex Home Gyms,CAM45438 ICAOFG2GFEED1,,6/16/2017,6/12/2017,1,Online Shopping,Web
Bowflex Selecttech Dumbbells,CAM45439 ICAOFG2DFEED1,,6/16/2017,6/12/2017,4,Online Shopping,Web
Bowflex Max Trainer,CAM45631 ICAOFG2EFEED1,6/16/2017,6/16/2017,6/12/2017,1,Online Shopping,Web
Bowflex Max Trainer,CAM45631 ICAOFG2EFEED1,,6/16/2017,6/12/2017,2,Online Shopping,Web
Bowflex Max Trainer,CAM47271 ICAOSGCESL10,6/16/2017,6/16/2017,6/12/2017,1,Online Search,Web
Bowflex Max Trainer,CAM47271 ICAOSGCESL10,,6/16/2017,6/12/2017,1,Online Search,Web
Bowflex Max Trainer,CAM48226 ICAOXFBESCODE002,,6/16/2017,6/12/2017,2,Online Social,Web
Treadclimber,CAM48226 ICAOXFBESCODE002,,6/16/2017,6/12/2017,1,Online Social,Web
Bowflex Selecttech Dumbbells,CAM48231 ICAOXFBDSCODE002,,6/16/2017,6/12/2017,1,Online Social,Web
Bowflex Max Trainer,CAM48236 ICAOXFBGSCODE002,,6/16/2017,6/12/2017,1,Online Social,Web
Bowflex Selecttech Dumbbells,CAM50417 ION*N60*MX101TIC,,6/16/2017,6/12/2017,1,Short Form,Call Center Internal
Bowflex Max Trainer,CAM50602 NTVNC120MX121KST,6/16/2017,6/16/2017,6/12/2017,1,Short Form,Call Center Internal
Treadclimber,CAM50718 ICAODG2TDL1,,6/16/2017,6/12/2017,1,Online Display,Web
Bowflex Max Trainer,CAM50719 ICAODG2EDL1,,6/16/2017,6/12/2017,3,Online Display,Web
Bowflex Selecttech Dumbbells,CAM50721 ICAODG2DDL1,6/16/2017,6/16/2017,6/12/2017,1,Online Display,Web
Bowflex Brand,CAM29862 icawbowflexca,,6/17/2017,6/12/2017,2,Electronic - UnSourced,Web
Bowflex Home Gyms,CAM29862 icawbowflexca,,6/17/2017,6/12/2017,3,Electronic - UnSourced,Web
Bowflex Max Trainer,CAM29862 icawbowflexca,,6/17/2017,6/12/2017,2,Electronic - UnSourced,Web
Treadclimber,CAM29862 icawbowflexca,,6/17/2017,6/12/2017,1,Electronic - UnSourced,Web
Treadclimber,CAM30841 icaosgctsl2,6/17/2017,6/17/2017,6/12/2017,1,Online Search,Web
Bowflex Brand,CAM31266 icaosgcgl1,,6/17/2017,6/12/2017,1,Online Search,Web
Bowflex Home Gyms,CAM31266 icaosgcgl1,6/17/2017,6/17/2017,6/12/2017,1,Online Search,Web
Bowflex Home Gyms,CAM31266 icaosgcgl1,,6/17/2017,6/12/2017,5,Online Search,Web
Bowflex Selecttech Dumbbells,CAM31266 icaosgcgl1,,6/17/2017,6/12/2017,4,Online Search,Web
Bowflex Home Gyms,CAM40992 icaosbcgl1,,6/17/2017,6/12/2017,1,Online Search,Web
Bowflex Selecttech Dumbbells,CAM44557 icaosgcdsl8,,6/17/2017,6/12/2017,2,Online Search,Web
Treadclimber,CAM45327 1800MAXTRAINER,,6/17/2017,6/12/2017,1,Un-Sourced,Call Center Internal
Bowflex Selecttech Dumbbells,CAM45439 ICAOFG2DFEED1,,6/17/2017,6/12/2017,2,Online Shopping,Web
Bowflex Max Trainer,CAM45628 ICAOSBCESL2,,6/17/2017,6/12/2017,1,Online Search,Web
Bowflex Max Trainer,CAM45631 ICAOFG2EFEED1,,6/17/2017,6/12/2017,2,Online Shopping,Web
Bowflex Max Trainer,CAM45694 ICASESF14B,6/17/2017,6/17/2017,6/12/2017,1,Electronic - Short Form,Web
Bowflex Max Trainer,CAM47271 ICAOSGCESL10,,6/17/2017,6/12/2017,1,Online Search,Web
Bowflex Max Trainer,CAM50718 ICAODG2TDL1,,6/17/2017,6/12/2017,1,Online Display,Web
Treadclimber,CAM50718 ICAODG2TDL1,,6/17/2017,6/12/2017,1,Online Display,Web
Bowflex Home Gyms,CAM50720 ICAODG2GDL1,,6/17/2017,6/12/2017,1,Online Display,Web
Bowflex Brand,CAM29862 icawbowflexca,,6/18/2017,6/12/2017,1,Electronic - UnSourced,Web
Bowflex Home Gyms,CAM29862 icawbowflexca,6/18/2017,6/18/2017,6/12/2017,1,Electronic - UnSourced,Web
Bowflex Home Gyms,CAM29862 icawbowflexca,,6/18/2017,6/12/2017,6,Electronic - UnSourced,Web
Bowflex Max Trainer,CAM29862 icawbowflexca,6/18/2017,6/18/2017,6/12/2017,2,Electronic - UnSourced,Web
Bowflex Max Trainer,CAM29862 icawbowflexca,,6/18/2017,6/12/2017,4,Electronic - UnSourced,Web
Bowflex Revolution,CAM29862 icawbowflexca,,6/18/2017,6/12/2017,1,Electronic - UnSourced,Web
Bowflex Selecttech Dumbbells,CAM29862 icawbowflexca,,6/18/2017,6/12/2017,5,Electronic - UnSourced,Web
Treadclimber,CAM29862 icawbowflexca,,6/18/2017,6/12/2017,1,Electronic - UnSourced,Web
Bowflex Max Trainer,CAM30841 icaosgctsl2,,6/18/2017,6/12/2017,1,Online Search,Web
Bowflex Selecttech Dumbbells,CAM30841 icaosgctsl2,,6/18/2017,6/12/2017,1,Online Search,Web
Treadclimber,CAM30841 icaosgctsl2,,6/18/2017,6/12/2017,1,Online Search,Web
Bowflex Home Gyms,CAM31266 icaosgcgl1,,6/18/2017,6/12/2017,2,Online Search,Web
Bowflex Selecttech Dumbbells,CAM31266 icaosgcgl1,,6/18/2017,6/12/2017,4,Online Search,Web
Bowflex Home Gyms,CAM40992 icaosbcgl1,,6/18/2017,6/12/2017,1,Online Search,Web
Bowflex Max Trainer,CAM40992 icaosbcgl1,,6/18/2017,6/12/2017,1,Online Search,Web
Treadclimber,CAM40992 icaosbcgl1,,6/18/2017,6/12/2017,1,Online Search,Web
Bowflex Selecttech Dumbbells,CAM45439 ICAOFG2DFEED1,,6/18/2017,6/12/2017,1,Online Shopping,Web
Bowflex Max Trainer,CAM45624 ICAOSGCESL2,,6/18/2017,6/12/2017,1,Online Search,Web
Bowflex Max Trainer,CAM45628 ICAOSBCESL2,,6/18/2017,6/12/2017,1,Online Search,Web
Bowflex Max Trainer,CAM45631 ICAOFG2EFEED1,6/18/2017,6/18/2017,6/12/2017,1,Online Shopping,Web
Bowflex Max Trainer,CAM45631 ICAOFG2EFEED1,,6/18/2017,6/12/2017,6,Online Shopping,Web
Bowflex Max Trainer,CAM45692 SAWICAOFG2E,6/18/2017,6/18/2017,6/12/2017,1,Online Search,Call Center Internal
Bowflex Max Trainer,CAM45694 ICASESF14B,6/18/2017,6/18/2017,6/12/2017,2,Electronic - Short Form,Web
Bowflex Max Trainer,CAM45694 ICASESF14B,,6/18/2017,6/12/2017,1,Electronic - Short Form,Web
Bowflex Max Trainer,CAM48226 ICAOXFBESCODE002,,6/18/2017,6/12/2017,1,Online Social,Web
Bowflex Selecttech Dumbbells,CAM48231 ICAOXFBDSCODE002,6/18/2017,6/18/2017,6/12/2017,1,Online Social,Call Center Internal
Bowflex Selecttech Dumbbells,CAM48231 ICAOXFBDSCODE002,,6/18/2017,6/12/2017,1,Online Social,Web
Treadclimber,CAM50718 ICAODG2TDL1,6/18/2017,6/18/2017,6/12/2017,1,Online Display,Web
Bowflex Max Trainer,CAM50719 ICAODG2EDL1,6/18/2017,6/18/2017,6/12/2017,1,Online Display,Web
Bowflex Max Trainer,CAM50719 ICAODG2EDL1,,6/18/2017,6/12/2017,2,Online Display,Web
Bowflex Selecttech Dumbbells,CAM50721 ICAODG2DDL1,,6/18/2017,6/12/2017,2,Online Display,Web
Bowflex Home Gyms,CAM10009 SAWYAHSPBF,,6/19/2017,6/19/2017,1,Online,Call Center Internal
Bowflex Selecttech Dumbbells,CAM10009 SAWYAHSPBF,,6/19/2017,6/19/2017,1,Online,Call Center Internal
Bowflex Home Gyms,CAM28157 SALESFOLLOWUP,,6/19/2017,6/19/2017,2,Un-Sourced,Call Center Internal
Bowflex Home Gyms,CAM29862 icawbowflexca,,6/19/2017,6/19/2017,1,Electronic - UnSourced,Call Center Internal
Bowflex Brand,CAM29862 icawbowflexca,,6/19/2017,6/19/2017,1,Electronic - UnSourced,Web
Bowflex Home Gyms,CAM29862 icawbowflexca,,6/19/2017,6/19/2017,6,Electronic - UnSourced,Web
Bowflex Max Trainer,CAM29862 icawbowflexca,6/19/2017,6/19/2017,6/19/2017,4,Electronic - UnSourced,Web
Bowflex Max Trainer,CAM29862 icawbowflexca,,6/19/2017,6/19/2017,3,Electronic - UnSourced,Web
Bowflex Selecttech Dumbbells,CAM29862 icawbowflexca,,6/19/2017,6/19/2017,6,Electronic - UnSourced,Web
Treadclimber,CAM29862 icawbowflexca,,6/19/2017,6/19/2017,1,Electronic - UnSourced,Web
Treadclimber,CAM30841 icaosgctsl2,,6/19/2017,6/19/2017,1,Online Search,Web
Treadclimber,CAM30971 icastsf09buytc,,6/19/2017,6/19/2017,1,Electronic - Short Form,Web
Bowflex Home Gyms,CAM31266 icaosgcgl1,,6/19/2017,6/19/2017,5,Online Search,Web
Bowflex Max Trainer,CAM31266 icaosgcgl1,,6/19/2017,6/19/2017,2,Online Search,Web
Bowflex Revolution,CAM31266 icaosgcgl1,,6/19/2017,6/19/2017,1,Online Search,Web
Bowflex Selecttech Dumbbells,CAM31266 icaosgcgl1,,6/19/2017,6/19/2017,3,Online Search,Web
Bowflex Max Trainer,CAM39467 icaosbctsl1,6/19/2017,6/19/2017,6/19/2017,1,Online Search,Web
Treadclimber,CAM39467 icaosbctsl1,6/19/2017,6/19/2017,6/19/2017,1,Online Search,Web
Treadclimber,CAM39467 icaosbctsl1,,6/19/2017,6/19/2017,1,Online Search,Web
Bowflex Selecttech Dumbbells,CAM40819 1800SELECTTECH,,6/19/2017,6/19/2017,1,Un-Sourced,Call Center Internal
Bowflex Selecttech Dumbbells,CAM44446 icaosbidsl1,,6/19/2017,6/19/2017,1,Online Search,Web
Bowflex Selecttech Dumbbells,CAM44557 icaosgcdsl8,,6/19/2017,6/19/2017,2,Online Search,Web
Bowflex Max Trainer,CAM45327 1800MAXTRAINER,,6/19/2017,6/19/2017,1,Un-Sourced,Call Center Internal
Treadclimber,CAM45327 1800MAXTRAINER,,6/19/2017,6/19/2017,1,Un-Sourced,Call Center Internal
Bowflex Home Gyms,CAM45438 ICAOFG2GFEED1,6/19/2017,6/19/2017,6/19/2017,1,Online Shopping,Web
Bowflex Selecttech Dumbbells,CAM45439 ICAOFG2DFEED1,,6/19/2017,6/19/2017,1,Online Shopping,Web
Bowflex Max Trainer,CAM45624 ICAOSGCESL2,,6/19/2017,6/19/2017,1,Online Search,Web
Bowflex Max Trainer,CAM45628 ICAOSBCESL2,,6/19/2017,6/19/2017,1,Online Search,Web
Treadclimber,CAM45628 ICAOSBCESL2,,6/19/2017,6/19/2017,1,Online Search,Web
Bowflex Max Trainer,CAM45631 ICAOFG2EFEED1,,6/19/2017,6/19/2017,6,Online Shopping,Web
Treadclimber,CAM45631 ICAOFG2EFEED1,6/19/2017,6/19/2017,6/19/2017,1,Online Shopping,Web
Bowflex Max Trainer,CAM45692 SAWICAOFG2E,,6/19/2017,6/19/2017,1,Online Search,Call Center Internal
Bowflex Max Trainer,CAM45694 ICASESF14B,6/19/2017,6/19/2017,6/19/2017,2,Electronic - Short Form,Web
Bowflex Max Trainer,CAM45694 ICASESF14B,,6/19/2017,6/19/2017,1,Electronic - Short Form,Web
Treadclimber,CAM48221 ICAOXFBTSCODE002,,6/19/2017,6/19/2017,1,Online Social,Web
Bowflex Selecttech Dumbbells,CAM48231 ICAOXFBDSCODE002,,6/19/2017,6/19/2017,1,Online Social,Web
Bowflex Home Gyms,CAM48236 ICAOXFBGSCODE002,,6/19/2017,6/19/2017,1,Online Social,Web
Treadclimber,CAM48812 OXGNN60*HKINGTIC,,6/19/2017,6/19/2017,1,Short Form,Call Center Internal
Bowflex Max Trainer,CAM50594 GAMCC120MX121KST,6/19/2017,6/19/2017,6/19/2017,1,Short Form,Call Center Internal
Treadclimber,CAM50718 ICAODG2TDL1,,6/19/2017,6/19/2017,1,Online Display,Call Center Internal
Bowflex Max Trainer,CAM50719 ICAODG2EDL1,,6/19/2017,6/19/2017,2,Online Display,Web
Bowflex Selecttech Dumbbells,CAM50721 ICAODG2DDL1,,6/19/2017,6/19/2017,1,Online Display,Web
Bowflex Home Gyms,CAM29862 icawbowflexca,,6/20/2017,6/19/2017,1,Electronic - UnSourced,Call Center Internal
Bowflex Max Trainer,CAM29862 icawbowflexca,,6/20/2017,6/19/2017,1,Electronic - UnSourced,Call Center Internal
Bowflex Brand,CAM29862 icawbowflexca,,6/20/2017,6/19/2017,2,Electronic - UnSourced,Web
Bowflex Home Gyms,CAM29862 icawbowflexca,,6/20/2017,6/19/2017,4,Electronic - UnSourced,Web
Bowflex Max Trainer,CAM29862 icawbowflexca,6/20/2017,6/20/2017,6/19/2017,5,Electronic - UnSourced,Web
Bowflex Max Trainer,CAM29862 icawbowflexca,,6/20/2017,6/19/2017,3,Electronic - UnSourced,Web
Bowflex Selecttech Dumbbells,CAM29862 icawbowflexca,,6/20/2017,6/19/2017,7,Electronic - UnSourced,Web
Bowflex Max Trainer,CAM30841 icaosgctsl2,,6/20/2017,6/19/2017,1,Online Search,Web
Bowflex Home Gyms,CAM31266 icaosgcgl1,,6/20/2017,6/19/2017,7,Online Search,Web
Bowflex Selecttech Dumbbells,CAM31266 icaosgcgl1,6/20/2017,6/20/2017,6/19/2017,1,Online Search,Web
Bowflex Selecttech Dumbbells,CAM31266 icaosgcgl1,,6/20/2017,6/19/2017,5,Online Search,Web
Bowflex Selecttech Dumbbells,CAM44557 icaosgcdsl8,,6/20/2017,6/19/2017,1,Online Search,Web
Treadclimber,CAM45327 1800MAXTRAINER,,6/20/2017,6/19/2017,1,Un-Sourced,Call Center Internal
Bowflex Max Trainer,CAM45631 ICAOFG2EFEED1,6/20/2017,6/20/2017,6/19/2017,1,Online Shopping,Web
Bowflex Max Trainer,CAM45631 ICAOFG2EFEED1,,6/20/2017,6/19/2017,1,Online Shopping,Web
Treadclimber,CAM45631 ICAOFG2EFEED1,,6/20/2017,6/19/2017,1,Online Shopping,Web
Bowflex Home Gyms,CAM47271 ICAOSGCESL10,,6/20/2017,6/19/2017,1,Online Search,Web
Bowflex Max Trainer,CAM50592 FGHTC120MX121KST,6/20/2017,6/20/2017,6/19/2017,1,Short Form,Call Center Internal
Bowflex Max Trainer,CAM50719 ICAODG2EDL1,6/20/2017,6/20/2017,6/19/2017,2,Online Display,Web
Bowflex Max Trainer,CAM50719 ICAODG2EDL1,,6/20/2017,6/19/2017,1,Online Display,Web
