Bowflex Max Trainer,CAM45624 ICAOSGCESL2,,4/14/2015,4/13/2015,4,Online Search,Web
Bowflex Max Trainer,CAM45626 ICAOSGCEML2,4/13/2015,4/13/2015,4/13/2015,1,Online Search,Web
Bowflex Max Trainer,CAM45626 ICAOSGCEML2,,4/13/2015,4/13/2015,1,Online Search,Web
Bowflex Max Trainer,CAM45630 ICAOSBCEML2,,4/14/2015,4/13/2015,1,Online Search,Web
Bowflex Max Trainer,CAM45633 ICAOSGCEGL1CMT,4/13/2015,4/13/2015,4/13/2015,2,Online Search,Web
Bowflex Max Trainer,CAM45633 ICAOSGCEGL1CMT,4/14/2015,4/14/2015,4/13/2015,1,Online Search,Web
Bowflex Max Trainer,CAM45633 ICAOSGCEGL1CMT,,4/14/2015,4/13/2015,1,Online Search,Web
Bowflex Max Trainer,CAM45634 ICAOSBCEGL1CMT,,4/14/2015,4/13/2015,1,Online Search,Web
Bowflex Max Trainer,CAM45690 SAWICAOSGCE,4/14/2015,4/14/2015,4/13/2015,2,Online Search,Call Center Internal
Bowflex Max Trainer,CAM45690 SAWICAOSGCE,,4/14/2015,4/13/2015,2,Online Search,Call Center Internal
Bowflex Max Trainer,CAM45839 ICAOSGCESL6,4/13/2015,4/13/2015,4/13/2015,2,Online Search,Web
Bowflex Max Trainer,CAM45841 ICAOSGCESL8,,4/13/2015,4/13/2015,1,Online Search,Web
Bowflex Max Trainer,CAM47271 ICAOSGCESL10,4/13/2015,4/13/2015,4/13/2015,1,Online Search,Web
Bowflex Max Trainer,CAM47271 ICAOSGCESL10,4/14/2015,4/14/2015,4/13/2015,1,Online Search,Web
Bowflex Max Trainer,CAM45631 ICAOFG2EFEED1,4/13/2015,4/13/2015,4/13/2015,1,Online Shopping,Web
Bowflex Max Trainer,CAM45631 ICAOFG2EFEED1,,4/13/2015,4/13/2015,2,Online Shopping,Web
Bowflex Max Trainer,CAM45631 ICAOFG2EFEED1,,4/14/2015,4/13/2015,1,Online Shopping,Web
Bowflex Max Trainer,CAM45707 SHWAC120BFMAXKST,,4/14/2015,4/13/2015,1,Short Form,Call Center Internal
Bowflex Max Trainer,CAM47319 TRAVC120BFMAXKST,4/13/2015,4/13/2015,4/13/2015,1,Short Form,Call Center Internal
Bowflex Max Trainer,CAM47324 APTNC120HAMF*KST,4/14/2015,4/14/2015,4/13/2015,1,Short Form,Call Center Internal
Bowflex Max Trainer,CAM47325 CHCHC120HAMF*KST,4/14/2015,4/14/2015,4/13/2015,1,Short Form,Call Center Internal
Bowflex Max Trainer,CAM47337 WDIVC120HAMF*KST,4/13/2015,4/13/2015,4/13/2015,1,Short Form,Call Center Internal
Bowflex Max Trainer,CAM28157 SALESFOLLOWUP,,4/14/2015,4/13/2015,1,Un-Sourced,Call Center Internal
Bowflex Max Trainer,CAM40825 1800TREADCLIMBER,,4/13/2015,4/13/2015,1,Un-Sourced,Call Center Internal
Bowflex Max Trainer,CAM45327 1800MAXTRAINER,,4/13/2015,4/13/2015,2,Un-Sourced,Call Center Internal
