Bowflex Max Trainer,CAM47197 IFC*N120HAMBYTIC,8/23/2015,8/23/2015,8/17/2015,1,Short Form,Third Party Call Center - West
Bowflex Max Trainer,CAM47198 ION*N120HAMBYTIC,8/17/2015,8/17/2015,8/17/2015,3,Short Form,Call Center Internal
Bowflex Max Trainer,CAM47198 ION*N120HAMBYTIC,8/18/2015,8/18/2015,8/17/2015,2,Short Form,Call Center Internal
Bowflex Max Trainer,CAM47198 ION*N120HAMBYTIC,8/19/2015,8/19/2015,8/17/2015,5,Short Form,Call Center Internal
Bowflex Max Trainer,CAM47198 ION*N120HAMBYTIC,8/20/2015,8/20/2015,8/17/2015,1,Short Form,Call Center Internal
Bowflex Max Trainer,CAM47198 ION*N120HAMBYTIC,8/22/2015,8/22/2015,8/17/2015,1,Short Form,Call Center Internal
Bowflex Max Trainer,CAM47291 DISMN60*HAMF*TIC,8/17/2015,8/17/2015,8/17/2015,1,Short Form,Call Center Internal
Bowflex Max Trainer,CAM47291 DISMN60*HAMF*TIC,8/18/2015,8/18/2015,8/17/2015,4,Short Form,Call Center Internal
Bowflex Max Trainer,CAM47291 DISMN60*HAMF*TIC,8/19/2015,8/19/2015,8/17/2015,1,Short Form,Call Center Internal
Bowflex Max Trainer,CAM47291 DISMN60*HAMF*TIC,8/20/2015,8/20/2015,8/17/2015,2,Short Form,Call Center Internal
Bowflex Max Trainer,CAM47291 DISMN60*HAMF*TIC,8/21/2015,8/21/2015,8/17/2015,2,Short Form,Call Center Internal
Bowflex Max Trainer,CAM47291 DISMN60*HAMF*TIC,,8/21/2015,8/17/2015,1,Short Form,Call Center Internal
Bowflex Max Trainer,CAM47291 DISMN60*HAMF*TIC,8/22/2015,8/22/2015,8/17/2015,1,Short Form,Third Party Call Center - Evolve
Bowflex Max Trainer,CAM47361 PUREN180HAMF*TIC,8/19/2015,8/19/2015,8/17/2015,1,Short Form,Call Center Internal
Bowflex Max Trainer,CAM47361 PUREN180HAMF*TIC,8/20/2015,8/20/2015,8/17/2015,1,Short Form,Call Center Internal
Bowflex Max Trainer,CAM47361 PUREN180HAMF*TIC,8/21/2015,8/21/2015,8/17/2015,1,Short Form,Call Center Internal
Bowflex Max Trainer,CAM47361 PUREN180HAMF*TIC,8/22/2015,8/22/2015,8/17/2015,1,Short Form,Call Center Internal
Bowflex Max Trainer,CAM47361 PUREN180HAMF*TIC,8/19/2015,8/19/2015,8/17/2015,1,Short Form,Third Party Call Center - Evolve
Bowflex Max Trainer,CAM47362 H2**N180HAMF*TIC,8/17/2015,8/17/2015,8/17/2015,9,Short Form,Call Center Internal
Bowflex Max Trainer,CAM47362 H2**N180HAMF*TIC,8/18/2015,8/18/2015,8/17/2015,2,Short Form,Call Center Internal
Bowflex Max Trainer,CAM47362 H2**N180HAMF*TIC,,8/18/2015,8/17/2015,1,Short Form,Call Center Internal
Bowflex Max Trainer,CAM47362 H2**N180HAMF*TIC,8/19/2015,8/19/2015,8/17/2015,8,Short Form,Call Center Internal
Bowflex Max Trainer,CAM47362 H2**N180HAMF*TIC,8/20/2015,8/20/2015,8/17/2015,2,Short Form,Call Center Internal
Bowflex Max Trainer,CAM47362 H2**N180HAMF*TIC,8/22/2015,8/22/2015,8/17/2015,1,Short Form,Call Center Internal
Bowflex Max Trainer,CAM47363 VEL*N180HAMF*TIC,8/17/2015,8/17/2015,8/17/2015,2,Short Form,Call Center Internal
Bowflex Max Trainer,CAM47363 VEL*N180HAMF*TIC,,8/17/2015,8/17/2015,1,Short Form,Call Center Internal
Bowflex Max Trainer,CAM47363 VEL*N180HAMF*TIC,8/18/2015,8/18/2015,8/17/2015,1,Short Form,Call Center Internal
Bowflex Max Trainer,CAM47363 VEL*N180HAMF*TIC,8/19/2015,8/19/2015,8/17/2015,4,Short Form,Call Center Internal
Bowflex Max Trainer,CAM47363 VEL*N180HAMF*TIC,8/20/2015,8/20/2015,8/17/2015,2,Short Form,Call Center Internal
Bowflex Max Trainer,CAM47363 VEL*N180HAMF*TIC,,8/20/2015,8/17/2015,2,Short Form,Call Center Internal
Bowflex Max Trainer,CAM47363 VEL*N180HAMF*TIC,8/21/2015,8/21/2015,8/17/2015,8,Short Form,Call Center Internal
Bowflex Max Trainer,CAM47368 FYI*N180HAMF*TIC,8/17/2015,8/17/2015,8/17/2015,1,Short Form,Call Center Internal
Bowflex Max Trainer,CAM47368 FYI*N180HAMF*TIC,8/18/2015,8/18/2015,8/17/2015,2,Short Form,Call Center Internal
Bowflex Max Trainer,CAM47368 FYI*N180HAMF*TIC,8/19/2015,8/19/2015,8/17/2015,5,Short Form,Call Center Internal
Bowflex Max Trainer,CAM47368 FYI*N180HAMF*TIC,,8/19/2015,8/17/2015,1,Short Form,Call Center Internal
Bowflex Max Trainer,CAM47368 FYI*N180HAMF*TIC,8/20/2015,8/20/2015,8/17/2015,5,Short Form,Call Center Internal
Bowflex Max Trainer,CAM47368 FYI*N180HAMF*TIC,8/21/2015,8/21/2015,8/17/2015,3,Short Form,Call Center Internal
Bowflex Max Trainer,CAM47368 FYI*N180HAMF*TIC,8/17/2015,8/17/2015,8/17/2015,1,Short Form,Third Party Call Center - Evolve
Bowflex Max Trainer,CAM47385 RELZ*N120HAMBYTIC,8/17/2015,8/17/2015,8/17/2015,4,Short Form,Call Center Internal
Bowflex Max Trainer,CAM47385 RELZ*N120HAMBYTIC,8/18/2015,8/18/2015,8/17/2015,5,Short Form,Call Center Internal
Bowflex Max Trainer,CAM47385 RELZ*N120HAMBYTIC,8/19/2015,8/19/2015,8/17/2015,3,Short Form,Call Center Internal
Bowflex Max Trainer,CAM47385 RELZ*N120HAMBYTIC,8/20/2015,8/20/2015,8/17/2015,4,Short Form,Call Center Internal
Bowflex Max Trainer,CAM47385 RELZ*N120HAMBYTIC,8/21/2015,8/21/2015,8/17/2015,3,Short Form,Call Center Internal
Bowflex Max Trainer,CAM47385 RELZ*N120HAMBYTIC,8/22/2015,8/22/2015,8/17/2015,8,Short Form,Call Center Internal
Bowflex Max Trainer,CAM47385 RELZ*N120HAMBYTIC,8/23/2015,8/23/2015,8/17/2015,4,Short Form,Call Center Internal
Bowflex Max Trainer,CAM47385 RELZ*N120HAMBYTIC,8/19/2015,8/19/2015,8/17/2015,4,Short Form,Third Party Call Center - Evolve
Bowflex Max Trainer,CAM47385 RELZ*N120HAMBYTIC,8/20/2015,8/20/2015,8/17/2015,1,Short Form,Third Party Call Center - Evolve
Bowflex Max Trainer,CAM47385 RELZ*N120HAMBYTIC,8/21/2015,8/21/2015,8/17/2015,1,Short Form,Third Party Call Center - Evolve
Bowflex Max Trainer,CAM47385 RELZ*N120HAMBYTIC,8/22/2015,8/22/2015,8/17/2015,6,Short Form,Third Party Call Center - Evolve
Bowflex Max Trainer,CAM47386 WNATN120HAMBYTIC,8/17/2015,8/17/2015,8/17/2015,1,Short Form,Call Center Internal
Bowflex Max Trainer,CAM47386 WNATN120HAMBYTIC,8/19/2015,8/19/2015,8/17/2015,1,Short Form,Call Center Internal
Bowflex Max Trainer,CAM47386 WNATN120HAMBYTIC,8/20/2015,8/20/2015,8/17/2015,2,Short Form,Call Center Internal
Bowflex Max Trainer,CAM47386 WNATN120HAMBYTIC,8/23/2015,8/23/2015,8/17/2015,1,Short Form,Call Center Internal
Bowflex Max Trainer,CAM47386 WNATN120HAMBYTIC,8/19/2015,8/19/2015,8/17/2015,1,Short Form,Third Party Call Center - Evolve
Bowflex Max Trainer,CAM47386 WNATN120HAMBYTIC,8/20/2015,8/20/2015,8/17/2015,1,Short Form,Third Party Call Center - Evolve
Bowflex Max Trainer,CAM47386 WNATN120HAMBYTIC,8/21/2015,8/21/2015,8/17/2015,1,Short Form,Third Party Call Center - Evolve
Bowflex Max Trainer,CAM47393 PIVTN180HAMF*TIC,8/17/2015,8/17/2015,8/17/2015,3,Short Form,Call Center Internal
Bowflex Max Trainer,CAM47393 PIVTN180HAMF*TIC,8/18/2015,8/18/2015,8/17/2015,1,Short Form,Call Center Internal
Bowflex Max Trainer,CAM47393 PIVTN180HAMF*TIC,8/20/2015,8/20/2015,8/17/2015,3,Short Form,Call Center Internal
Bowflex Max Trainer,CAM47393 PIVTN180HAMF*TIC,8/21/2015,8/21/2015,8/17/2015,2,Short Form,Call Center Internal
Bowflex Max Trainer,CAM47393 PIVTN180HAMF*TIC,8/22/2015,8/22/2015,8/17/2015,1,Short Form,Call Center Internal
Bowflex Max Trainer,CAM47393 PIVTN180HAMF*TIC,8/23/2015,8/23/2015,8/17/2015,2,Short Form,Call Center Internal
Bowflex Max Trainer,CAM47393 PIVTN180HAMF*TIC,8/17/2015,8/17/2015,8/17/2015,1,Short Form,Third Party Call Center - Evolve
Bowflex Max Trainer,CAM47393 PIVTN180HAMF*TIC,8/20/2015,8/20/2015,8/17/2015,1,Short Form,Third Party Call Center - Evolve
Bowflex Max Trainer,CAM47528 FOX*NVODHAMF*TIC,8/22/2015,8/22/2015,8/17/2015,1,Short Form,Third Party Call Center - Evolve
Bowflex Max Trainer,CAM47687 SCIEN120HAMBYTIC,,8/22/2015,8/17/2015,1,Short Form,Call Center Internal
Bowflex Max Trainer,CAM47688 JUSTN120HAMBYTIC,8/18/2015,8/18/2015,8/17/2015,5,Short Form,Call Center Internal
Bowflex Max Trainer,CAM47688 JUSTN120HAMBYTIC,8/19/2015,8/19/2015,8/17/2015,1,Short Form,Call Center Internal
Bowflex Max Trainer,CAM47688 JUSTN120HAMBYTIC,8/20/2015,8/20/2015,8/17/2015,1,Short Form,Call Center Internal
Bowflex Max Trainer,CAM47688 JUSTN120HAMBYTIC,8/21/2015,8/21/2015,8/17/2015,2,Short Form,Call Center Internal
Bowflex Max Trainer,CAM47688 JUSTN120HAMBYTIC,8/22/2015,8/22/2015,8/17/2015,2,Short Form,Call Center Internal
Bowflex Max Trainer,CAM47688 JUSTN120HAMBYTIC,8/17/2015,8/17/2015,8/17/2015,1,Short Form,Third Party Call Center - Evolve
Bowflex Max Trainer,CAM47833 GRITN120HAMBYTIC,8/17/2015,8/17/2015,8/17/2015,1,Short Form,Call Center Internal
Bowflex Max Trainer,CAM47833 GRITN120HAMBYTIC,8/18/2015,8/18/2015,8/17/2015,1,Short Form,Call Center Internal
Bowflex Max Trainer,CAM47833 GRITN120HAMBYTIC,8/19/2015,8/19/2015,8/17/2015,4,Short Form,Call Center Internal
Bowflex Max Trainer,CAM47833 GRITN120HAMBYTIC,8/20/2015,8/20/2015,8/17/2015,1,Short Form,Call Center Internal
Bowflex Max Trainer,CAM47833 GRITN120HAMBYTIC,8/23/2015,8/23/2015,8/17/2015,2,Short Form,Call Center Internal
Bowflex Max Trainer,CAM47833 GRITN120HAMBYTIC,8/17/2015,8/17/2015,8/17/2015,1,Short Form,Third Party Call Center - Evolve
Bowflex Max Trainer,CAM47833 GRITN120HAMBYTIC,8/20/2015,8/20/2015,8/17/2015,2,Short Form,Third Party Call Center - Evolve
Bowflex Max Trainer,CAM47833 GRITN120HAMBYTIC,8/22/2015,8/22/2015,8/17/2015,1,Short Form,Third Party Call Center - Evolve
Bowflex Max Trainer,CAM47833 GRITN120HAMBYTIC,,8/22/2015,8/17/2015,1,Short Form,Third Party Call Center - Evolve
Bowflex Max Trainer,CAM47834 LAFFN120HAMBYTIC,,8/17/2015,8/17/2015,1,Short Form,Call Center Internal
Bowflex Max Trainer,CAM47834 LAFFN120HAMBYTIC,8/18/2015,8/18/2015,8/17/2015,1,Short Form,Call Center Internal
Bowflex Max Trainer,CAM47834 LAFFN120HAMBYTIC,8/19/2015,8/19/2015,8/17/2015,1,Short Form,Call Center Internal
Bowflex Max Trainer,CAM47834 LAFFN120HAMBYTIC,8/22/2015,8/22/2015,8/17/2015,6,Short Form,Call Center Internal
Bowflex Max Trainer,CAM47834 LAFFN120HAMBYTIC,8/23/2015,8/23/2015,8/17/2015,2,Short Form,Call Center Internal
Bowflex Max Trainer,CAM47834 LAFFN120HAMBYTIC,8/17/2015,8/17/2015,8/17/2015,1,Short Form,Third Party Call Center - Evolve
Bowflex Max Trainer,CAM47834 LAFFN120HAMBYTIC,8/19/2015,8/19/2015,8/17/2015,1,Short Form,Third Party Call Center - Evolve
Bowflex Max Trainer,CAM47834 LAFFN120HAMBYTIC,8/21/2015,8/21/2015,8/17/2015,2,Short Form,Third Party Call Center - Evolve
Bowflex Max Trainer,CAM47834 LAFFN120HAMBYTIC,,8/21/2015,8/17/2015,1,Short Form,Third Party Call Center - Evolve
Bowflex Max Trainer,CAM47835 SUNDN180HAMF*TIC,8/17/2015,8/17/2015,8/17/2015,1,Short Form,Call Center Internal
Bowflex Max Trainer,CAM47835 SUNDN180HAMF*TIC,8/18/2015,8/18/2015,8/17/2015,3,Short Form,Call Center Internal
Bowflex Max Trainer,CAM47835 SUNDN180HAMF*TIC,,8/18/2015,8/17/2015,1,Short Form,Call Center Internal
Bowflex Max Trainer,CAM47835 SUNDN180HAMF*TIC,8/20/2015,8/20/2015,8/17/2015,5,Short Form,Call Center Internal
Bowflex Max Trainer,CAM47835 SUNDN180HAMF*TIC,8/22/2015,8/22/2015,8/17/2015,1,Short Form,Call Center Internal
Bowflex Max Trainer,CAM47835 SUNDN180HAMF*TIC,8/23/2015,8/23/2015,8/17/2015,8,Short Form,Call Center Internal
Bowflex Max Trainer,CAM47835 SUNDN180HAMF*TIC,,8/17/2015,8/17/2015,1,Short Form,Third Party Call Center - Evolve
Bowflex Max Trainer,CAM47836 OWN*N180HAMF*TIC,8/17/2015,8/17/2015,8/17/2015,12,Short Form,Call Center Internal
Bowflex Max Trainer,CAM47836 OWN*N180HAMF*TIC,,8/17/2015,8/17/2015,1,Short Form,Call Center Internal
Bowflex Max Trainer,CAM47836 OWN*N180HAMF*TIC,8/18/2015,8/18/2015,8/17/2015,4,Short Form,Call Center Internal
Bowflex Max Trainer,CAM47836 OWN*N180HAMF*TIC,,8/18/2015,8/17/2015,1,Short Form,Call Center Internal
Bowflex Max Trainer,CAM47836 OWN*N180HAMF*TIC,8/20/2015,8/20/2015,8/17/2015,7,Short Form,Call Center Internal
Bowflex Max Trainer,CAM47836 OWN*N180HAMF*TIC,8/21/2015,8/21/2015,8/17/2015,2,Short Form,Call Center Internal
Bowflex Max Trainer,CAM47899 CMACL60*HAMF*TIC,8/18/2015,8/18/2015,8/17/2015,1,Short Form,Call Center Internal
Bowflex Max Trainer,CAM47899 CMACL60*HAMF*TIC,8/19/2015,8/19/2015,8/17/2015,1,Short Form,Call Center Internal
Bowflex Max Trainer,CAM47899 CMACL60*HAMF*TIC,,8/20/2015,8/17/2015,1,Short Form,Call Center Internal
Bowflex Max Trainer,CAM47899 CMACL60*HAMF*TIC,8/22/2015,8/22/2015,8/17/2015,1,Short Form,Call Center Internal
Bowflex Max Trainer,CAM47899 CMACL60*HAMF*TIC,8/23/2015,8/23/2015,8/17/2015,1,Short Form,Call Center Internal
Bowflex Max Trainer,CAM47901 CMCYL60*HAMF*TIC,8/22/2015,8/22/2015,8/17/2015,1,Short Form,Call Center Internal
Bowflex Max Trainer,CAM47902 CMFXL60*HAMF*TIC,8/22/2015,8/22/2015,8/17/2015,1,Short Form,Third Party Call Center - Evolve
Bowflex Max Trainer,CAM47903 CMSYL60*HAMF*TIC,8/17/2015,8/17/2015,8/17/2015,1,Short Form,Call Center Internal
Bowflex Max Trainer,CAM47903 CMSYL60*HAMF*TIC,8/20/2015,8/20/2015,8/17/2015,1,Short Form,Call Center Internal
Bowflex Max Trainer,CAM47904 CMTRL60*HAMF*TIC,8/22/2015,8/22/2015,8/17/2015,1,Short Form,Third Party Call Center - Evolve
Bowflex Max Trainer,CAM47950 DISNN60*HAMF*TIC,8/17/2015,8/17/2015,8/17/2015,3,Short Form,Call Center Internal
Bowflex Max Trainer,CAM47950 DISNN60*HAMF*TIC,8/18/2015,8/18/2015,8/17/2015,3,Short Form,Call Center Internal
Bowflex Max Trainer,CAM47950 DISNN60*HAMF*TIC,8/19/2015,8/19/2015,8/17/2015,6,Short Form,Call Center Internal
Bowflex Max Trainer,CAM47950 DISNN60*HAMF*TIC,8/20/2015,8/20/2015,8/17/2015,3,Short Form,Call Center Internal
Bowflex Max Trainer,CAM47950 DISNN60*HAMF*TIC,,8/20/2015,8/17/2015,2,Short Form,Call Center Internal
Bowflex Max Trainer,CAM47950 DISNN60*HAMF*TIC,8/21/2015,8/21/2015,8/17/2015,3,Short Form,Call Center Internal
Bowflex Max Trainer,CAM47951 DIRNN60*HAMF*TIC,8/20/2015,8/20/2015,8/17/2015,5,Short Form,Call Center Internal
Bowflex Max Trainer,CAM47951 DIRNN60*HAMF*TIC,8/21/2015,8/21/2015,8/17/2015,7,Short Form,Call Center Internal
Bowflex Max Trainer,CAM48042 CMESL60*HAMF*TIC,8/17/2015,8/17/2015,8/17/2015,1,Short Form,Call Center Internal
Bowflex Max Trainer,CAM48042 CMESL60*HAMF*TIC,8/19/2015,8/19/2015,8/17/2015,2,Short Form,Call Center Internal
Bowflex Max Trainer,CAM48042 CMESL60*HAMF*TIC,8/20/2015,8/20/2015,8/17/2015,2,Short Form,Call Center Internal
Bowflex Max Trainer,CAM48042 CMESL60*HAMF*TIC,8/21/2015,8/21/2015,8/17/2015,2,Short Form,Call Center Internal
Bowflex Max Trainer,CAM28157 SALESFOLLOWUP,,8/17/2015,8/17/2015,1,Un-Sourced,Call Center Internal
Bowflex Max Trainer,CAM28157 SALESFOLLOWUP,,8/18/2015,8/17/2015,1,Un-Sourced,Call Center Internal
Bowflex Max Trainer,CAM28157 SALESFOLLOWUP,,8/20/2015,8/17/2015,1,Un-Sourced,Call Center Internal
Bowflex Max Trainer,CAM45327 1800MAXTRAINER,8/17/2015,8/17/2015,8/17/2015,2,Un-Sourced,Call Center Internal
Bowflex Max Trainer,CAM45327 1800MAXTRAINER,,8/17/2015,8/17/2015,6,Un-Sourced,Call Center Internal
Bowflex Max Trainer,CAM45327 1800MAXTRAINER,8/18/2015,8/18/2015,8/17/2015,2,Un-Sourced,Call Center Internal
Bowflex Max Trainer,CAM45327 1800MAXTRAINER,,8/18/2015,8/17/2015,4,Un-Sourced,Call Center Internal
Bowflex Max Trainer,CAM45327 1800MAXTRAINER,8/19/2015,8/19/2015,8/17/2015,2,Un-Sourced,Call Center Internal
Bowflex Max Trainer,CAM45327 1800MAXTRAINER,,8/19/2015,8/17/2015,5,Un-Sourced,Call Center Internal
Bowflex Max Trainer,CAM45327 1800MAXTRAINER,8/20/2015,8/20/2015,8/17/2015,1,Un-Sourced,Call Center Internal
Bowflex Max Trainer,CAM45327 1800MAXTRAINER,,8/20/2015,8/17/2015,6,Un-Sourced,Call Center Internal
Bowflex Max Trainer,CAM45327 1800MAXTRAINER,8/21/2015,8/21/2015,8/17/2015,4,Un-Sourced,Call Center Internal
Bowflex Max Trainer,CAM45327 1800MAXTRAINER,,8/21/2015,8/17/2015,3,Un-Sourced,Call Center Internal
Bowflex Max Trainer,CAM45327 1800MAXTRAINER,8/22/2015,8/22/2015,8/17/2015,2,Un-Sourced,Call Center Internal
Bowflex Max Trainer,CAM45327 1800MAXTRAINER,,8/22/2015,8/17/2015,3,Un-Sourced,Call Center Internal
Bowflex Max Trainer,CAM45327 1800MAXTRAINER,8/23/2015,8/23/2015,8/17/2015,2,Un-Sourced,Call Center Internal
Bowflex Max Trainer,CAM45327 1800MAXTRAINER,,8/23/2015,8/17/2015,7,Un-Sourced,Call Center Internal
Bowflex Max Trainer,CAM18438 Bowflex-Catalog,,8/26/2015,8/24/2015,1,Catalog,Call Center Internal
Bowflex Max Trainer,CAM27557 Bowflex Catalog,,8/24/2015,8/24/2015,1,Catalog,Call Center Internal
Bowflex Max Trainer,CAM27557 Bowflex Catalog,,8/28/2015,8/24/2015,1,Catalog,Call Center Internal
Bowflex Max Trainer,CAM47779 DCBHOMESUMOFFR15,,8/25/2015,8/24/2015,7,Catalog,Web
Bowflex Max Trainer,CAM47779 DCBHOMESUMOFFR15,,8/26/2015,8/24/2015,3,Catalog,Web
Bowflex Max Trainer,CAM47779 DCBHOMESUMOFFR15,,8/27/2015,8/24/2015,3,Catalog,Web
Bowflex Max Trainer,CAM47779 DCBHOMESUMOFFR15,,8/28/2015,8/24/2015,4,Catalog,Web
Bowflex Max Trainer,CAM47779 DCBHOMESUMOFFR15,,8/29/2015,8/24/2015,1,Catalog,Web
Bowflex Max Trainer,CAM47779 DCBHOMESUMOFFR15,,8/30/2015,8/24/2015,5,Catalog,Web
Bowflex Max Trainer,CAM38406 SAWDPETPRINT12F,,8/24/2015,8/24/2015,1,Electronic - Print,Call Center Internal
Bowflex Max Trainer,CAM38406 SAWDPETPRINT12F,,8/25/2015,8/24/2015,1,Electronic - Print,Call Center Internal
Bowflex Max Trainer,CAM38406 SAWDPETPRINT12F,,8/26/2015,8/24/2015,1,Electronic - Print,Call Center Internal
Bowflex Max Trainer,CAM38406 SAWDPETPRINT12F,,8/27/2015,8/24/2015,2,Electronic - Print,Call Center Internal
Bowflex Max Trainer,CAM45561 DPEEPRINT14B,8/26/2015,8/26/2015,8/24/2015,1,Electronic - Print,Web
Bowflex Max Trainer,CAM45563 DPEEPRINT14D,,8/24/2015,8/24/2015,1,Electronic - Print,Web
Bowflex Max Trainer,CAM45563 DPEEPRINT14D,8/25/2015,8/25/2015,8/24/2015,1,Electronic - Print,Web
Bowflex Max Trainer,CAM47998 DPEEPRINT15B,8/24/2015,8/24/2015,8/24/2015,1,Electronic - Print,Web
Bowflex Max Trainer,CAM47998 DPEEPRINT15B,8/26/2015,8/26/2015,8/24/2015,1,Electronic - Print,Web
Bowflex Max Trainer,CAM44172 dseesf14a,8/24/2015,8/24/2015,8/24/2015,78,Electronic - Short Form,Web
Bowflex Max Trainer,CAM44172 dseesf14a,,8/24/2015,8/24/2015,8,Electronic - Short Form,Web
Bowflex Max Trainer,CAM44172 dseesf14a,8/25/2015,8/25/2015,8/24/2015,27,Electronic - Short Form,Web
Bowflex Max Trainer,CAM44172 dseesf14a,,8/25/2015,8/24/2015,1,Electronic - Short Form,Web
Bowflex Max Trainer,CAM44172 dseesf14a,8/26/2015,8/26/2015,8/24/2015,39,Electronic - Short Form,Web
Bowflex Max Trainer,CAM44172 dseesf14a,8/28/2015,8/26/2015,8/24/2015,1,Electronic - Short Form,Web
Bowflex Max Trainer,CAM44172 dseesf14a,,8/26/2015,8/24/2015,1,Electronic - Short Form,Web
Bowflex Max Trainer,CAM44172 dseesf14a,8/27/2015,8/27/2015,8/24/2015,40,Electronic - Short Form,Web
Bowflex Max Trainer,CAM44172 dseesf14a,,8/27/2015,8/24/2015,7,Electronic - Short Form,Web
Bowflex Max Trainer,CAM44172 dseesf14a,8/28/2015,8/28/2015,8/24/2015,56,Electronic - Short Form,Web
Bowflex Max Trainer,CAM44172 dseesf14a,8/29/2015,8/28/2015,8/24/2015,1,Electronic - Short Form,Web
Bowflex Max Trainer,CAM44172 dseesf14a,,8/28/2015,8/24/2015,6,Electronic - Short Form,Web
Bowflex Max Trainer,CAM44172 dseesf14a,8/29/2015,8/29/2015,8/24/2015,28,Electronic - Short Form,Web
Bowflex Max Trainer,CAM44172 dseesf14a,,8/29/2015,8/24/2015,2,Electronic - Short Form,Web
Bowflex Max Trainer,CAM44172 dseesf14a,8/30/2015,8/30/2015,8/24/2015,49,Electronic - Short Form,Web
Bowflex Max Trainer,CAM44172 dseesf14a,,8/30/2015,8/24/2015,3,Electronic - Short Form,Web
Bowflex Max Trainer,CAM44191 dseesf14d,8/24/2015,8/24/2015,8/24/2015,70,Electronic - Short Form,Web
Bowflex Max Trainer,CAM44191 dseesf14d,8/27/2015,8/24/2015,8/24/2015,1,Electronic - Short Form,Web
Bowflex Max Trainer,CAM44191 dseesf14d,,8/24/2015,8/24/2015,5,Electronic - Short Form,Web
Bowflex Max Trainer,CAM44191 dseesf14d,8/25/2015,8/25/2015,8/24/2015,26,Electronic - Short Form,Web
Bowflex Max Trainer,CAM44191 dseesf14d,,8/25/2015,8/24/2015,2,Electronic - Short Form,Web
Bowflex Max Trainer,CAM44191 dseesf14d,8/26/2015,8/26/2015,8/24/2015,27,Electronic - Short Form,Web
Bowflex Max Trainer,CAM44191 dseesf14d,8/27/2015,8/27/2015,8/24/2015,32,Electronic - Short Form,Web
Bowflex Max Trainer,CAM44191 dseesf14d,,8/27/2015,8/24/2015,6,Electronic - Short Form,Web
Bowflex Max Trainer,CAM44191 dseesf14d,8/28/2015,8/28/2015,8/24/2015,26,Electronic - Short Form,Web
Bowflex Max Trainer,CAM44191 dseesf14d,,8/28/2015,8/24/2015,3,Electronic - Short Form,Web
Bowflex Max Trainer,CAM44191 dseesf14d,8/29/2015,8/29/2015,8/24/2015,13,Electronic - Short Form,Web
Bowflex Max Trainer,CAM44191 dseesf14d,,8/29/2015,8/24/2015,2,Electronic - Short Form,Web
Bowflex Max Trainer,CAM44191 dseesf14d,8/30/2015,8/30/2015,8/24/2015,13,Electronic - Short Form,Web
Bowflex Max Trainer,CAM44191 dseesf14d,,8/30/2015,8/24/2015,4,Electronic - Short Form,Web
Bowflex Max Trainer,CAM44213 dseesf14b,8/24/2015,8/24/2015,8/24/2015,7,Electronic - Short Form,Web
Bowflex Max Trainer,CAM44213 dseesf14b,,8/24/2015,8/24/2015,1,Electronic - Short Form,Web
Bowflex Max Trainer,CAM44213 dseesf14b,8/25/2015,8/25/2015,8/24/2015,4,Electronic - Short Form,Web
Bowflex Max Trainer,CAM44213 dseesf14b,8/26/2015,8/26/2015,8/24/2015,4,Electronic - Short Form,Web
Bowflex Max Trainer,CAM44213 dseesf14b,8/27/2015,8/27/2015,8/24/2015,2,Electronic - Short Form,Web
Bowflex Max Trainer,CAM44213 dseesf14b,8/28/2015,8/28/2015,8/24/2015,2,Electronic - Short Form,Web
Bowflex Max Trainer,CAM44213 dseesf14b,8/29/2015,8/29/2015,8/24/2015,2,Electronic - Short Form,Web
Bowflex Max Trainer,CAM44213 dseesf14b,8/30/2015,8/30/2015,8/24/2015,3,Electronic - Short Form,Web
Bowflex Max Trainer,CAM44213 dseesf14b,,8/30/2015,8/24/2015,1,Electronic - Short Form,Web
Bowflex Max Trainer,CAM44215 SAWDSEESF14A,,8/24/2015,8/24/2015,1,Electronic - Short Form,Call Center Internal
Bowflex Max Trainer,CAM44215 SAWDSEESF14A,8/25/2015,8/25/2015,8/24/2015,1,Electronic - Short Form,Call Center Internal
Bowflex Max Trainer,CAM44215 SAWDSEESF14A,,8/25/2015,8/24/2015,1,Electronic - Short Form,Call Center Internal
Bowflex Max Trainer,CAM44215 SAWDSEESF14A,8/26/2015,8/26/2015,8/24/2015,2,Electronic - Short Form,Call Center Internal
Bowflex Max Trainer,CAM44215 SAWDSEESF14A,,8/27/2015,8/24/2015,1,Electronic - Short Form,Call Center Internal
Bowflex Max Trainer,CAM44215 SAWDSEESF14A,8/28/2015,8/28/2015,8/24/2015,1,Electronic - Short Form,Call Center Internal
Bowflex Max Trainer,CAM44215 SAWDSEESF14A,,8/30/2015,8/24/2015,1,Electronic - Short Form,Call Center Internal
Bowflex Max Trainer,CAM45387 DSEESF14E,8/24/2015,8/24/2015,8/24/2015,2,Electronic - Short Form,Web
Bowflex Max Trainer,CAM45387 DSEESF14E,,8/24/2015,8/24/2015,1,Electronic - Short Form,Web
Bowflex Max Trainer,CAM45387 DSEESF14E,,8/25/2015,8/24/2015,1,Electronic - Short Form,Web
Bowflex Max Trainer,CAM45387 DSEESF14E,8/26/2015,8/26/2015,8/24/2015,1,Electronic - Short Form,Web
Bowflex Max Trainer,CAM45387 DSEESF14E,8/27/2015,8/27/2015,8/24/2015,1,Electronic - Short Form,Web
Bowflex Max Trainer,CAM45387 DSEESF14E,8/28/2015,8/28/2015,8/24/2015,1,Electronic - Short Form,Web
Bowflex Max Trainer,CAM45387 DSEESF14E,,8/29/2015,8/24/2015,1,Electronic - Short Form,Web
Bowflex Max Trainer,CAM45387 DSEESF14E,8/30/2015,8/30/2015,8/24/2015,2,Electronic - Short Form,Web
Bowflex Max Trainer,CAM45387 DSEESF14E,,8/30/2015,8/24/2015,2,Electronic - Short Form,Web
Bowflex Max Trainer,CAM45388 DSEESF14F,8/24/2015,8/24/2015,8/24/2015,6,Electronic - Short Form,Web
Bowflex Max Trainer,CAM45388 DSEESF14F,8/25/2015,8/24/2015,8/24/2015,1,Electronic - Short Form,Web
Bowflex Max Trainer,CAM45388 DSEESF14F,,8/24/2015,8/24/2015,1,Electronic - Short Form,Web
Bowflex Max Trainer,CAM45388 DSEESF14F,8/25/2015,8/25/2015,8/24/2015,3,Electronic - Short Form,Web
Bowflex Max Trainer,CAM45388 DSEESF14F,,8/25/2015,8/24/2015,1,Electronic - Short Form,Web
Bowflex Max Trainer,CAM45388 DSEESF14F,8/26/2015,8/26/2015,8/24/2015,5,Electronic - Short Form,Web
Bowflex Max Trainer,CAM45388 DSEESF14F,8/27/2015,8/27/2015,8/24/2015,5,Electronic - Short Form,Web
Bowflex Max Trainer,CAM45388 DSEESF14F,,8/27/2015,8/24/2015,1,Electronic - Short Form,Web
Bowflex Max Trainer,CAM45388 DSEESF14F,8/28/2015,8/28/2015,8/24/2015,6,Electronic - Short Form,Web
Bowflex Max Trainer,CAM45388 DSEESF14F,,8/28/2015,8/24/2015,1,Electronic - Short Form,Web
Bowflex Max Trainer,CAM45388 DSEESF14F,8/29/2015,8/29/2015,8/24/2015,6,Electronic - Short Form,Web
Bowflex Max Trainer,CAM45388 DSEESF14F,,8/29/2015,8/24/2015,1,Electronic - Short Form,Web
Bowflex Max Trainer,CAM45388 DSEESF14F,8/30/2015,8/30/2015,8/24/2015,2,Electronic - Short Form,Web
Bowflex Max Trainer,CAM45388 DSEESF14F,,8/30/2015,8/24/2015,1,Electronic - Short Form,Web
Bowflex Max Trainer,CAM45693 ICASESF14A,8/26/2015,8/26/2015,8/24/2015,1,Electronic - Short Form,Web
Bowflex Max Trainer,CAM45694 ICASESF14B,8/24/2015,8/24/2015,8/24/2015,1,Electronic - Short Form,Web
Bowflex Max Trainer,CAM45694 ICASESF14B,8/27/2015,8/27/2015,8/24/2015,1,Electronic - Short Form,Web
Bowflex Max Trainer,CAM45694 ICASESF14B,8/29/2015,8/29/2015,8/24/2015,1,Electronic - Short Form,Web
Bowflex Max Trainer,CAM45694 ICASESF14B,8/30/2015,8/30/2015,8/24/2015,1,Electronic - Short Form,Web
Bowflex Max Trainer,CAM45798 DSEESF14H,,8/25/2015,8/24/2015,1,Electronic - Short Form,Call Center Internal
Bowflex Max Trainer,CAM45798 DSEESF14H,8/27/2015,8/27/2015,8/24/2015,1,Electronic - Short Form,Call Center Internal
Bowflex Max Trainer,CAM45798 DSEESF14H,8/24/2015,8/24/2015,8/24/2015,14,Electronic - Short Form,Web
Bowflex Max Trainer,CAM45798 DSEESF14H,8/25/2015,8/24/2015,8/24/2015,1,Electronic - Short Form,Web
Bowflex Max Trainer,CAM45798 DSEESF14H,,8/24/2015,8/24/2015,6,Electronic - Short Form,Web
Bowflex Max Trainer,CAM45798 DSEESF14H,8/25/2015,8/25/2015,8/24/2015,14,Electronic - Short Form,Web
Bowflex Max Trainer,CAM45798 DSEESF14H,,8/25/2015,8/24/2015,4,Electronic - Short Form,Web
Bowflex Max Trainer,CAM45798 DSEESF14H,8/26/2015,8/26/2015,8/24/2015,15,Electronic - Short Form,Web
Bowflex Max Trainer,CAM45798 DSEESF14H,,8/26/2015,8/24/2015,2,Electronic - Short Form,Web
Bowflex Max Trainer,CAM45798 DSEESF14H,8/27/2015,8/27/2015,8/24/2015,7,Electronic - Short Form,Web
Bowflex Max Trainer,CAM45798 DSEESF14H,,8/27/2015,8/24/2015,2,Electronic - Short Form,Web
Bowflex Max Trainer,CAM45798 DSEESF14H,8/28/2015,8/28/2015,8/24/2015,8,Electronic - Short Form,Web
Bowflex Max Trainer,CAM45798 DSEESF14H,,8/28/2015,8/24/2015,3,Electronic - Short Form,Web
Bowflex Max Trainer,CAM45798 DSEESF14H,8/30/2015,8/30/2015,8/24/2015,1,Electronic - Short Form,Web
Bowflex Max Trainer,CAM25756 DEGSAWBFG,,8/28/2015,8/24/2015,1,Electronic - UnSourced,Call Center Internal
Bowflex Max Trainer,CAM32136 deggbhg,,8/24/2015,8/24/2015,1,Electronic - UnSourced,Web
Bowflex Max Trainer,CAM41189 degemax,,8/28/2015,8/24/2015,1,Electronic - UnSourced,Call Center Internal
Bowflex Max Trainer,CAM41189 degemax,,8/24/2015,8/24/2015,121,Electronic - UnSourced,Web
Bowflex Max Trainer,CAM41189 degemax,8/26/2015,8/25/2015,8/24/2015,1,Electronic - UnSourced,Web
Bowflex Max Trainer,CAM41189 degemax,,8/25/2015,8/24/2015,67,Electronic - UnSourced,Web
Bowflex Max Trainer,CAM41189 degemax,,8/26/2015,8/24/2015,83,Electronic - UnSourced,Web
Bowflex Max Trainer,CAM41189 degemax,,8/27/2015,8/24/2015,72,Electronic - UnSourced,Web
Bowflex Max Trainer,CAM41189 degemax,8/30/2015,8/28/2015,8/24/2015,1,Electronic - UnSourced,Web
Bowflex Max Trainer,CAM41189 degemax,,8/28/2015,8/24/2015,57,Electronic - UnSourced,Web
Bowflex Max Trainer,CAM41189 degemax,,8/29/2015,8/24/2015,56,Electronic - UnSourced,Web
Bowflex Max Trainer,CAM41189 degemax,,8/30/2015,8/24/2015,84,Electronic - UnSourced,Web
Bowflex Max Trainer,CAM44236 SAWMAX,8/24/2015,8/24/2015,8/24/2015,2,Electronic - UnSourced,Call Center Internal
Bowflex Max Trainer,CAM44236 SAWMAX,,8/24/2015,8/24/2015,3,Electronic - UnSourced,Call Center Internal
Bowflex Max Trainer,CAM44236 SAWMAX,,8/25/2015,8/24/2015,8,Electronic - UnSourced,Call Center Internal
Bowflex Max Trainer,CAM44236 SAWMAX,8/26/2015,8/26/2015,8/24/2015,2,Electronic - UnSourced,Call Center Internal
Bowflex Max Trainer,CAM44236 SAWMAX,,8/26/2015,8/24/2015,3,Electronic - UnSourced,Call Center Internal
Bowflex Max Trainer,CAM44236 SAWMAX,8/27/2015,8/27/2015,8/24/2015,1,Electronic - UnSourced,Call Center Internal
Bowflex Max Trainer,CAM44236 SAWMAX,,8/27/2015,8/24/2015,3,Electronic - UnSourced,Call Center Internal
Bowflex Max Trainer,CAM44236 SAWMAX,8/28/2015,8/28/2015,8/24/2015,1,Electronic - UnSourced,Call Center Internal
Bowflex Max Trainer,CAM44236 SAWMAX,,8/28/2015,8/24/2015,1,Electronic - UnSourced,Call Center Internal
Bowflex Max Trainer,CAM44236 SAWMAX,8/29/2015,8/29/2015,8/24/2015,4,Electronic - UnSourced,Call Center Internal
Bowflex Max Trainer,CAM44236 SAWMAX,,8/29/2015,8/24/2015,6,Electronic - UnSourced,Call Center Internal
Bowflex Max Trainer,CAM44236 SAWMAX,,8/30/2015,8/24/2015,4,Electronic - UnSourced,Call Center Internal
Bowflex Max Trainer,CAM44236 SAWMAX,,8/24/2015,8/24/2015,1,Electronic - UnSourced,Third Party Call Center - Evolve
Bowflex Max Trainer,CAM44236 SAWMAX,,8/29/2015,8/24/2015,1,Electronic - UnSourced,Third Party Call Center - Evolve
Bowflex Max Trainer,CAM44236 SAWMAX,8/30/2015,8/30/2015,8/24/2015,1,Electronic - UnSourced,Third Party Call Center - Evolve
Bowflex Max Trainer,CAM44433 dege1sitemx,8/24/2015,8/24/2015,8/24/2015,21,Electronic - UnSourced,Web
Bowflex Max Trainer,CAM44433 dege1sitemx,,8/24/2015,8/24/2015,51,Electronic - UnSourced,Web
Bowflex Max Trainer,CAM44433 dege1sitemx,8/25/2015,8/25/2015,8/24/2015,15,Electronic - UnSourced,Web
Bowflex Max Trainer,CAM44433 dege1sitemx,,8/25/2015,8/24/2015,24,Electronic - UnSourced,Web
Bowflex Max Trainer,CAM44433 dege1sitemx,8/26/2015,8/26/2015,8/24/2015,13,Electronic - UnSourced,Web
Bowflex Max Trainer,CAM44433 dege1sitemx,,8/26/2015,8/24/2015,22,Electronic - UnSourced,Web
Bowflex Max Trainer,CAM44433 dege1sitemx,8/27/2015,8/27/2015,8/24/2015,18,Electronic - UnSourced,Web
Bowflex Max Trainer,CAM44433 dege1sitemx,,8/27/2015,8/24/2015,23,Electronic - UnSourced,Web
Bowflex Max Trainer,CAM44433 dege1sitemx,8/28/2015,8/28/2015,8/24/2015,11,Electronic - UnSourced,Web
Bowflex Max Trainer,CAM44433 dege1sitemx,,8/28/2015,8/24/2015,33,Electronic - UnSourced,Web
Bowflex Max Trainer,CAM44433 dege1sitemx,8/29/2015,8/29/2015,8/24/2015,11,Electronic - UnSourced,Web
Bowflex Max Trainer,CAM44433 dege1sitemx,,8/29/2015,8/24/2015,31,Electronic - UnSourced,Web
Bowflex Max Trainer,CAM44433 dege1sitemx,8/30/2015,8/30/2015,8/24/2015,17,Electronic - UnSourced,Web
Bowflex Max Trainer,CAM44433 dege1sitemx,,8/30/2015,8/24/2015,41,Electronic - UnSourced,Web
Bowflex Max Trainer,CAM44626 1800BOWFLEX_BMT,,8/24/2015,8/24/2015,1,Electronic - UnSourced,Call Center Internal
Bowflex Max Trainer,CAM44626 1800BOWFLEX_BMT,,8/25/2015,8/24/2015,1,Electronic - UnSourced,Call Center Internal
Bowflex Max Trainer,CAM44626 1800BOWFLEX_BMT,8/26/2015,8/26/2015,8/24/2015,1,Electronic - UnSourced,Call Center Internal
Bowflex Max Trainer,CAM44626 1800BOWFLEX_BMT,,8/26/2015,8/24/2015,1,Electronic - UnSourced,Call Center Internal
Bowflex Max Trainer,CAM44626 1800BOWFLEX_BMT,8/27/2015,8/27/2015,8/24/2015,1,Electronic - UnSourced,Call Center Internal
Bowflex Max Trainer,CAM44626 1800BOWFLEX_BMT,,8/27/2015,8/24/2015,2,Electronic - UnSourced,Call Center Internal
Bowflex Max Trainer,CAM44626 1800BOWFLEX_BMT,8/28/2015,8/28/2015,8/24/2015,2,Electronic - UnSourced,Call Center Internal
Bowflex Max Trainer,CAM44626 1800BOWFLEX_BMT,,8/28/2015,8/24/2015,3,Electronic - UnSourced,Call Center Internal
Bowflex Max Trainer,CAM44626 1800BOWFLEX_BMT,8/30/2015,8/30/2015,8/24/2015,1,Electronic - UnSourced,Call Center Internal
Bowflex Max Trainer,CAM44626 1800BOWFLEX_BMT,,8/30/2015,8/24/2015,2,Electronic - UnSourced,Call Center Internal
Bowflex Max Trainer,CAM45699 SAWICAEEMAX,,8/28/2015,8/24/2015,1,Electronic - UnSourced,Call Center Internal
Bowflex Max Trainer,CAM6025 SAWWEBTC,,8/24/2015,8/24/2015,1,Electronic - UnSourced,Call Center Internal
Bowflex Max Trainer,CAM6025 SAWWEBTC,,8/28/2015,8/24/2015,1,Electronic - UnSourced,Call Center Internal
Bowflex Max Trainer,CAM6110 SAWGOOGTC,,8/25/2015,8/24/2015,1,Online,Call Center Internal
Bowflex Max Trainer,CAM45736 DODRFEDL3,,8/24/2015,8/24/2015,2,Online Display,Web
Bowflex Max Trainer,CAM45736 DODRFEDL3,8/25/2015,8/25/2015,8/24/2015,1,Online Display,Web
Bowflex Max Trainer,CAM45736 DODRFEDL3,8/28/2015,8/28/2015,8/24/2015,1,Online Display,Web
Bowflex Max Trainer,CAM45910 DODADCEDL3,8/25/2015,8/25/2015,8/24/2015,2,Online Display,Web
Bowflex Max Trainer,CAM45910 DODADCEDL3,8/26/2015,8/26/2015,8/24/2015,2,Online Display,Web
Bowflex Max Trainer,CAM47239 SAWDODCTOE,8/26/2015,8/26/2015,8/24/2015,1,Online Display,Call Center Internal
Bowflex Max Trainer,CAM47239 SAWDODCTOE,,8/26/2015,8/24/2015,1,Online Display,Call Center Internal
Bowflex Max Trainer,CAM47239 SAWDODCTOE,,8/27/2015,8/24/2015,1,Online Display,Call Center Internal
Bowflex Max Trainer,CAM47239 SAWDODCTOE,8/28/2015,8/28/2015,8/24/2015,1,Online Display,Call Center Internal
Bowflex Max Trainer,CAM47239 SAWDODCTOE,,8/29/2015,8/24/2015,1,Online Display,Call Center Internal
Bowflex Max Trainer,CAM47239 SAWDODCTOE,8/30/2015,8/30/2015,8/24/2015,1,Online Display,Call Center Internal
Bowflex Max Trainer,CAM47251 DODCTOEDL2,8/24/2015,8/24/2015,8/24/2015,24,Online Display,Web
Bowflex Max Trainer,CAM47251 DODCTOEDL2,,8/24/2015,8/24/2015,27,Online Display,Web
Bowflex Max Trainer,CAM47251 DODCTOEDL2,8/25/2015,8/25/2015,8/24/2015,14,Online Display,Web
Bowflex Max Trainer,CAM47251 DODCTOEDL2,8/26/2015,8/25/2015,8/24/2015,1,Online Display,Web
Bowflex Max Trainer,CAM47251 DODCTOEDL2,8/27/2015,8/25/2015,8/24/2015,1,Online Display,Web
Bowflex Max Trainer,CAM47251 DODCTOEDL2,8/28/2015,8/25/2015,8/24/2015,1,Online Display,Web
Bowflex Max Trainer,CAM47251 DODCTOEDL2,,8/25/2015,8/24/2015,13,Online Display,Web
Bowflex Max Trainer,CAM47251 DODCTOEDL2,8/26/2015,8/26/2015,8/24/2015,21,Online Display,Web
Bowflex Max Trainer,CAM47251 DODCTOEDL2,,8/26/2015,8/24/2015,9,Online Display,Web
Bowflex Max Trainer,CAM47251 DODCTOEDL2,8/27/2015,8/27/2015,8/24/2015,14,Online Display,Web
Bowflex Max Trainer,CAM47251 DODCTOEDL2,,8/27/2015,8/24/2015,11,Online Display,Web
Bowflex Max Trainer,CAM47251 DODCTOEDL2,8/28/2015,8/28/2015,8/24/2015,8,Online Display,Web
Bowflex Max Trainer,CAM47251 DODCTOEDL2,,8/28/2015,8/24/2015,15,Online Display,Web
Bowflex Max Trainer,CAM47251 DODCTOEDL2,8/29/2015,8/29/2015,8/24/2015,12,Online Display,Web
Bowflex Max Trainer,CAM47251 DODCTOEDL2,,8/29/2015,8/24/2015,12,Online Display,Web
Bowflex Max Trainer,CAM47251 DODCTOEDL2,8/30/2015,8/30/2015,8/24/2015,14,Online Display,Web
Bowflex Max Trainer,CAM47251 DODCTOEDL2,,8/30/2015,8/24/2015,18,Online Display,Web
Bowflex Max Trainer,CAM47847 DODFBKEDL2,,8/27/2015,8/24/2015,1,Online Display,Web
Bowflex Max Trainer,CAM47940 DODFBKEDL5,,8/24/2015,8/24/2015,3,Online Display,Web
Bowflex Max Trainer,CAM47940 DODFBKEDL5,,8/25/2015,8/24/2015,1,Online Display,Web
Bowflex Max Trainer,CAM47940 DODFBKEDL5,8/26/2015,8/26/2015,8/24/2015,1,Online Display,Web
Bowflex Max Trainer,CAM47940 DODFBKEDL5,,8/27/2015,8/24/2015,1,Online Display,Web
Bowflex Max Trainer,CAM47940 DODFBKEDL5,,8/30/2015,8/24/2015,1,Online Display,Web
Bowflex Max Trainer,CAM47941 DODFBKEDL6,,8/24/2015,8/24/2015,1,Online Display,Web
Bowflex Max Trainer,CAM47941 DODFBKEDL6,,8/25/2015,8/24/2015,1,Online Display,Web
Bowflex Max Trainer,CAM32308 SAWDOSMSNC,,8/24/2015,8/24/2015,1,Online Search,Call Center Internal
Bowflex Max Trainer,CAM32376 dosg2csl1,,8/25/2015,8/24/2015,1,Online Search,Web
Bowflex Max Trainer,CAM44223 SAWDOSBIE,,8/24/2015,8/24/2015,2,Online Search,Call Center Internal
Bowflex Max Trainer,CAM44223 SAWDOSBIE,8/25/2015,8/25/2015,8/24/2015,2,Online Search,Call Center Internal
Bowflex Max Trainer,CAM44223 SAWDOSBIE,,8/25/2015,8/24/2015,1,Online Search,Call Center Internal
Bowflex Max Trainer,CAM44223 SAWDOSBIE,8/26/2015,8/26/2015,8/24/2015,1,Online Search,Call Center Internal
Bowflex Max Trainer,CAM44223 SAWDOSBIE,8/27/2015,8/27/2015,8/24/2015,1,Online Search,Call Center Internal
Bowflex Max Trainer,CAM44223 SAWDOSBIE,,8/28/2015,8/24/2015,6,Online Search,Call Center Internal
Bowflex Max Trainer,CAM44223 SAWDOSBIE,,8/29/2015,8/24/2015,1,Online Search,Call Center Internal
Bowflex Max Trainer,CAM44223 SAWDOSBIE,,8/30/2015,8/24/2015,1,Online Search,Call Center Internal
Bowflex Max Trainer,CAM44223 SAWDOSBIE,,8/24/2015,8/24/2015,1,Online Search,Third Party Call Center - Evolve
Bowflex Max Trainer,CAM44223 SAWDOSBIE,8/25/2015,8/25/2015,8/24/2015,1,Online Search,Third Party Call Center - Evolve
Bowflex Max Trainer,CAM44223 SAWDOSBIE,,8/28/2015,8/24/2015,1,Online Search,Third Party Call Center - Evolve
Bowflex Max Trainer,CAM44230 SAWDOSG2E,8/24/2015,8/24/2015,8/24/2015,1,Online Search,Call Center Internal
Bowflex Max Trainer,CAM44230 SAWDOSG2E,,8/24/2015,8/24/2015,3,Online Search,Call Center Internal
Bowflex Max Trainer,CAM44230 SAWDOSG2E,8/25/2015,8/25/2015,8/24/2015,4,Online Search,Call Center Internal
Bowflex Max Trainer,CAM44230 SAWDOSG2E,,8/25/2015,8/24/2015,3,Online Search,Call Center Internal
Bowflex Max Trainer,CAM44230 SAWDOSG2E,,8/26/2015,8/24/2015,2,Online Search,Call Center Internal
Bowflex Max Trainer,CAM44230 SAWDOSG2E,8/27/2015,8/27/2015,8/24/2015,1,Online Search,Call Center Internal
Bowflex Max Trainer,CAM44230 SAWDOSG2E,,8/27/2015,8/24/2015,1,Online Search,Call Center Internal
Bowflex Max Trainer,CAM44230 SAWDOSG2E,8/28/2015,8/28/2015,8/24/2015,2,Online Search,Call Center Internal
Bowflex Max Trainer,CAM44230 SAWDOSG2E,,8/28/2015,8/24/2015,2,Online Search,Call Center Internal
Bowflex Max Trainer,CAM44230 SAWDOSG2E,8/29/2015,8/29/2015,8/24/2015,1,Online Search,Call Center Internal
Bowflex Max Trainer,CAM44230 SAWDOSG2E,,8/29/2015,8/24/2015,5,Online Search,Call Center Internal
Bowflex Max Trainer,CAM44230 SAWDOSG2E,8/30/2015,8/30/2015,8/24/2015,1,Online Search,Call Center Internal
Bowflex Max Trainer,CAM44230 SAWDOSG2E,,8/30/2015,8/24/2015,5,Online Search,Call Center Internal
Bowflex Max Trainer,CAM44230 SAWDOSG2E,8/24/2015,8/24/2015,8/24/2015,1,Online Search,Third Party Call Center - Evolve
Bowflex Max Trainer,CAM44230 SAWDOSG2E,,8/25/2015,8/24/2015,1,Online Search,Third Party Call Center - Evolve
Bowflex Max Trainer,CAM44230 SAWDOSG2E,,8/30/2015,8/24/2015,1,Online Search,Third Party Call Center - Evolve
Bowflex Max Trainer,CAM44429 dosbiesl1,8/24/2015,8/24/2015,8/24/2015,12,Online Search,Web
Bowflex Max Trainer,CAM44429 dosbiesl1,,8/24/2015,8/24/2015,22,Online Search,Web
Bowflex Max Trainer,CAM44429 dosbiesl1,8/25/2015,8/25/2015,8/24/2015,9,Online Search,Web
Bowflex Max Trainer,CAM44429 dosbiesl1,,8/25/2015,8/24/2015,14,Online Search,Web
Bowflex Max Trainer,CAM44429 dosbiesl1,8/26/2015,8/26/2015,8/24/2015,8,Online Search,Web
Bowflex Max Trainer,CAM44429 dosbiesl1,,8/26/2015,8/24/2015,10,Online Search,Web
Bowflex Max Trainer,CAM44429 dosbiesl1,8/27/2015,8/27/2015,8/24/2015,5,Online Search,Web
Bowflex Max Trainer,CAM44429 dosbiesl1,,8/27/2015,8/24/2015,8,Online Search,Web
Bowflex Max Trainer,CAM44429 dosbiesl1,8/28/2015,8/28/2015,8/24/2015,4,Online Search,Web
Bowflex Max Trainer,CAM44429 dosbiesl1,,8/28/2015,8/24/2015,8,Online Search,Web
Bowflex Max Trainer,CAM44429 dosbiesl1,8/29/2015,8/29/2015,8/24/2015,6,Online Search,Web
Bowflex Max Trainer,CAM44429 dosbiesl1,,8/29/2015,8/24/2015,5,Online Search,Web
Bowflex Max Trainer,CAM44429 dosbiesl1,8/30/2015,8/30/2015,8/24/2015,7,Online Search,Web
Bowflex Max Trainer,CAM44429 dosbiesl1,8/31/2015,8/30/2015,8/24/2015,1,Online Search,Web
Bowflex Max Trainer,CAM44429 dosbiesl1,,8/30/2015,8/24/2015,22,Online Search,Web
Bowflex Max Trainer,CAM44435 dosg2egl1mx,8/24/2015,8/24/2015,8/24/2015,27,Online Search,Web
Bowflex Max Trainer,CAM44435 dosg2egl1mx,,8/24/2015,8/24/2015,36,Online Search,Web
Bowflex Max Trainer,CAM44435 dosg2egl1mx,8/25/2015,8/25/2015,8/24/2015,9,Online Search,Web
Bowflex Max Trainer,CAM44435 dosg2egl1mx,,8/25/2015,8/24/2015,13,Online Search,Web
Bowflex Max Trainer,CAM44435 dosg2egl1mx,8/26/2015,8/26/2015,8/24/2015,7,Online Search,Web
Bowflex Max Trainer,CAM44435 dosg2egl1mx,,8/26/2015,8/24/2015,11,Online Search,Web
Bowflex Max Trainer,CAM44435 dosg2egl1mx,8/27/2015,8/27/2015,8/24/2015,5,Online Search,Web
Bowflex Max Trainer,CAM44435 dosg2egl1mx,,8/27/2015,8/24/2015,15,Online Search,Web
Bowflex Max Trainer,CAM44435 dosg2egl1mx,8/28/2015,8/28/2015,8/24/2015,7,Online Search,Web
Bowflex Max Trainer,CAM44435 dosg2egl1mx,,8/28/2015,8/24/2015,14,Online Search,Web
Bowflex Max Trainer,CAM44435 dosg2egl1mx,8/29/2015,8/29/2015,8/24/2015,10,Online Search,Web
Bowflex Max Trainer,CAM44435 dosg2egl1mx,,8/29/2015,8/24/2015,13,Online Search,Web
Bowflex Max Trainer,CAM44435 dosg2egl1mx,8/30/2015,8/30/2015,8/24/2015,11,Online Search,Web
Bowflex Max Trainer,CAM44435 dosg2egl1mx,,8/30/2015,8/24/2015,19,Online Search,Web
Bowflex Max Trainer,CAM44436 dosg2esl2,8/24/2015,8/24/2015,8/24/2015,17,Online Search,Web
Bowflex Max Trainer,CAM44436 dosg2esl2,8/28/2015,8/24/2015,8/24/2015,1,Online Search,Web
Bowflex Max Trainer,CAM44436 dosg2esl2,8/25/2015,8/25/2015,8/24/2015,7,Online Search,Web
Bowflex Max Trainer,CAM44436 dosg2esl2,8/26/2015,8/26/2015,8/24/2015,14,Online Search,Web
Bowflex Max Trainer,CAM44436 dosg2esl2,8/27/2015,8/27/2015,8/24/2015,7,Online Search,Web
Bowflex Max Trainer,CAM44436 dosg2esl2,8/28/2015,8/28/2015,8/24/2015,12,Online Search,Web
Bowflex Max Trainer,CAM44436 dosg2esl2,8/29/2015,8/29/2015,8/24/2015,5,Online Search,Web
Bowflex Max Trainer,CAM44436 dosg2esl2,,8/29/2015,8/24/2015,1,Online Search,Web
Bowflex Max Trainer,CAM44436 dosg2esl2,8/30/2015,8/30/2015,8/24/2015,13,Online Search,Web
Bowflex Max Trainer,CAM44497 dosg2esl1,8/24/2015,8/24/2015,8/24/2015,19,Online Search,Web
Bowflex Max Trainer,CAM44497 dosg2esl1,8/25/2015,8/24/2015,8/24/2015,1,Online Search,Web
Bowflex Max Trainer,CAM44497 dosg2esl1,,8/24/2015,8/24/2015,41,Online Search,Web
Bowflex Max Trainer,CAM44497 dosg2esl1,8/25/2015,8/25/2015,8/24/2015,13,Online Search,Web
Bowflex Max Trainer,CAM44497 dosg2esl1,,8/25/2015,8/24/2015,24,Online Search,Web
Bowflex Max Trainer,CAM44497 dosg2esl1,8/26/2015,8/26/2015,8/24/2015,25,Online Search,Web
Bowflex Max Trainer,CAM44497 dosg2esl1,,8/26/2015,8/24/2015,13,Online Search,Web
Bowflex Max Trainer,CAM44497 dosg2esl1,8/27/2015,8/27/2015,8/24/2015,13,Online Search,Web
Bowflex Max Trainer,CAM44497 dosg2esl1,,8/27/2015,8/24/2015,14,Online Search,Web
Bowflex Max Trainer,CAM44497 dosg2esl1,8/28/2015,8/28/2015,8/24/2015,17,Online Search,Web
Bowflex Max Trainer,CAM44497 dosg2esl1,,8/28/2015,8/24/2015,16,Online Search,Web
Bowflex Max Trainer,CAM44497 dosg2esl1,8/29/2015,8/29/2015,8/24/2015,18,Online Search,Web
Bowflex Max Trainer,CAM44497 dosg2esl1,,8/29/2015,8/24/2015,14,Online Search,Web
Bowflex Max Trainer,CAM44497 dosg2esl1,8/30/2015,8/30/2015,8/24/2015,13,Online Search,Web
Bowflex Max Trainer,CAM44497 dosg2esl1,,8/30/2015,8/24/2015,30,Online Search,Web
Bowflex Max Trainer,CAM44520 dosbiegl1mx,8/24/2015,8/24/2015,8/24/2015,3,Online Search,Web
Bowflex Max Trainer,CAM44520 dosbiegl1mx,,8/24/2015,8/24/2015,12,Online Search,Web
Bowflex Max Trainer,CAM44520 dosbiegl1mx,8/25/2015,8/25/2015,8/24/2015,3,Online Search,Web
Bowflex Max Trainer,CAM44520 dosbiegl1mx,,8/25/2015,8/24/2015,2,Online Search,Web
Bowflex Max Trainer,CAM44520 dosbiegl1mx,8/26/2015,8/26/2015,8/24/2015,6,Online Search,Web
Bowflex Max Trainer,CAM44520 dosbiegl1mx,,8/26/2015,8/24/2015,9,Online Search,Web
Bowflex Max Trainer,CAM44520 dosbiegl1mx,8/27/2015,8/27/2015,8/24/2015,6,Online Search,Web
Bowflex Max Trainer,CAM44520 dosbiegl1mx,,8/27/2015,8/24/2015,2,Online Search,Web
Bowflex Max Trainer,CAM44520 dosbiegl1mx,8/28/2015,8/28/2015,8/24/2015,1,Online Search,Web
Bowflex Max Trainer,CAM44520 dosbiegl1mx,,8/28/2015,8/24/2015,5,Online Search,Web
Bowflex Max Trainer,CAM44520 dosbiegl1mx,8/29/2015,8/29/2015,8/24/2015,3,Online Search,Web
Bowflex Max Trainer,CAM44520 dosbiegl1mx,,8/29/2015,8/24/2015,4,Online Search,Web
Bowflex Max Trainer,CAM44520 dosbiegl1mx,8/30/2015,8/30/2015,8/24/2015,5,Online Search,Web
Bowflex Max Trainer,CAM44520 dosbiegl1mx,,8/30/2015,8/24/2015,7,Online Search,Web
Bowflex Max Trainer,CAM44531 dosbiesl2,8/24/2015,8/24/2015,8/24/2015,5,Online Search,Web
Bowflex Max Trainer,CAM44531 dosbiesl2,8/27/2015,8/27/2015,8/24/2015,2,Online Search,Web
Bowflex Max Trainer,CAM44531 dosbiesl2,8/28/2015,8/28/2015,8/24/2015,1,Online Search,Web
Bowflex Max Trainer,CAM44531 dosbiesl2,8/29/2015,8/29/2015,8/24/2015,1,Online Search,Web
Bowflex Max Trainer,CAM44539 SAWDOSG2EMOBILE2,8/24/2015,8/24/2015,8/24/2015,1,Online Search,Call Center Internal
Bowflex Max Trainer,CAM44539 SAWDOSG2EMOBILE2,,8/24/2015,8/24/2015,2,Online Search,Call Center Internal
Bowflex Max Trainer,CAM44539 SAWDOSG2EMOBILE2,8/26/2015,8/26/2015,8/24/2015,1,Online Search,Call Center Internal
Bowflex Max Trainer,CAM44539 SAWDOSG2EMOBILE2,,8/26/2015,8/24/2015,1,Online Search,Call Center Internal
Bowflex Max Trainer,CAM44539 SAWDOSG2EMOBILE2,8/27/2015,8/27/2015,8/24/2015,1,Online Search,Call Center Internal
Bowflex Max Trainer,CAM44539 SAWDOSG2EMOBILE2,8/29/2015,8/29/2015,8/24/2015,1,Online Search,Call Center Internal
Bowflex Max Trainer,CAM44539 SAWDOSG2EMOBILE2,8/29/2015,8/29/2015,8/24/2015,2,Online Search,Third Party Call Center - Evolve
Bowflex Max Trainer,CAM44551 dosg2esl4,8/24/2015,8/24/2015,8/24/2015,2,Online Search,Web
Bowflex Max Trainer,CAM44551 dosg2esl4,,8/26/2015,8/24/2015,1,Online Search,Web
Bowflex Max Trainer,CAM44551 dosg2esl4,,8/27/2015,8/24/2015,1,Online Search,Web
Bowflex Max Trainer,CAM44551 dosg2esl4,8/28/2015,8/28/2015,8/24/2015,1,Online Search,Web
Bowflex Max Trainer,CAM44551 dosg2esl4,,8/28/2015,8/24/2015,4,Online Search,Web
Bowflex Max Trainer,CAM44551 dosg2esl4,,8/29/2015,8/24/2015,1,Online Search,Web
Bowflex Max Trainer,CAM44551 dosg2esl4,,8/30/2015,8/24/2015,1,Online Search,Web
Bowflex Max Trainer,CAM44560 dosg2esl5,8/24/2015,8/24/2015,8/24/2015,1,Online Search,Web
Bowflex Max Trainer,CAM44560 dosg2esl5,,8/24/2015,8/24/2015,8,Online Search,Web
Bowflex Max Trainer,CAM44560 dosg2esl5,,8/25/2015,8/24/2015,4,Online Search,Web
Bowflex Max Trainer,CAM44560 dosg2esl5,,8/26/2015,8/24/2015,4,Online Search,Web
Bowflex Max Trainer,CAM44560 dosg2esl5,8/27/2015,8/27/2015,8/24/2015,1,Online Search,Web
Bowflex Max Trainer,CAM44560 dosg2esl5,,8/27/2015,8/24/2015,2,Online Search,Web
Bowflex Max Trainer,CAM44560 dosg2esl5,,8/28/2015,8/24/2015,4,Online Search,Web
Bowflex Max Trainer,CAM44560 dosg2esl5,,8/29/2015,8/24/2015,2,Online Search,Web
Bowflex Max Trainer,CAM44560 dosg2esl5,,8/30/2015,8/24/2015,2,Online Search,Web
Bowflex Max Trainer,CAM44565 dosbiesl5,,8/26/2015,8/24/2015,3,Online Search,Web
Bowflex Max Trainer,CAM44567 dosg2esl3,8/24/2015,8/24/2015,8/24/2015,1,Online Search,Web
Bowflex Max Trainer,CAM44567 dosg2esl3,8/25/2015,8/25/2015,8/24/2015,1,Online Search,Web
Bowflex Max Trainer,CAM44567 dosg2esl3,,8/26/2015,8/24/2015,1,Online Search,Web
Bowflex Max Trainer,CAM44567 dosg2esl3,8/30/2015,8/30/2015,8/24/2015,1,Online Search,Web
Bowflex Max Trainer,CAM44567 dosg2esl3,,8/30/2015,8/24/2015,1,Online Search,Web
Bowflex Max Trainer,CAM44952 dosbieml1,8/24/2015,8/24/2015,8/24/2015,11,Online Search,Web
Bowflex Max Trainer,CAM44952 dosbieml1,,8/24/2015,8/24/2015,11,Online Search,Web
Bowflex Max Trainer,CAM44952 dosbieml1,8/25/2015,8/25/2015,8/24/2015,4,Online Search,Web
Bowflex Max Trainer,CAM44952 dosbieml1,,8/25/2015,8/24/2015,1,Online Search,Web
Bowflex Max Trainer,CAM44952 dosbieml1,8/26/2015,8/26/2015,8/24/2015,7,Online Search,Web
Bowflex Max Trainer,CAM44952 dosbieml1,8/27/2015,8/26/2015,8/24/2015,1,Online Search,Web
Bowflex Max Trainer,CAM44952 dosbieml1,,8/26/2015,8/24/2015,6,Online Search,Web
Bowflex Max Trainer,CAM44952 dosbieml1,8/27/2015,8/27/2015,8/24/2015,8,Online Search,Web
Bowflex Max Trainer,CAM44952 dosbieml1,,8/27/2015,8/24/2015,1,Online Search,Web
Bowflex Max Trainer,CAM44952 dosbieml1,8/28/2015,8/28/2015,8/24/2015,4,Online Search,Web
Bowflex Max Trainer,CAM44952 dosbieml1,,8/28/2015,8/24/2015,6,Online Search,Web
Bowflex Max Trainer,CAM44952 dosbieml1,8/29/2015,8/29/2015,8/24/2015,7,Online Search,Web
Bowflex Max Trainer,CAM44952 dosbieml1,,8/29/2015,8/24/2015,3,Online Search,Web
Bowflex Max Trainer,CAM44952 dosbieml1,8/30/2015,8/30/2015,8/24/2015,4,Online Search,Web
Bowflex Max Trainer,CAM44952 dosbieml1,,8/30/2015,8/24/2015,3,Online Search,Web
Bowflex Max Trainer,CAM45009 dosg2eml1,8/24/2015,8/24/2015,8/24/2015,27,Online Search,Web
Bowflex Max Trainer,CAM45009 dosg2eml1,8/25/2015,8/24/2015,8/24/2015,1,Online Search,Web
Bowflex Max Trainer,CAM45009 dosg2eml1,8/26/2015,8/24/2015,8/24/2015,1,Online Search,Web
Bowflex Max Trainer,CAM45009 dosg2eml1,,8/24/2015,8/24/2015,29,Online Search,Web
Bowflex Max Trainer,CAM45009 dosg2eml1,8/25/2015,8/25/2015,8/24/2015,24,Online Search,Web
Bowflex Max Trainer,CAM45009 dosg2eml1,,8/25/2015,8/24/2015,15,Online Search,Web
Bowflex Max Trainer,CAM45009 dosg2eml1,8/26/2015,8/26/2015,8/24/2015,28,Online Search,Web
Bowflex Max Trainer,CAM45009 dosg2eml1,8/28/2015,8/26/2015,8/24/2015,1,Online Search,Web
Bowflex Max Trainer,CAM45009 dosg2eml1,,8/26/2015,8/24/2015,11,Online Search,Web
Bowflex Max Trainer,CAM45009 dosg2eml1,8/27/2015,8/27/2015,8/24/2015,20,Online Search,Web
Bowflex Max Trainer,CAM45009 dosg2eml1,,8/27/2015,8/24/2015,14,Online Search,Web
Bowflex Max Trainer,CAM45009 dosg2eml1,8/28/2015,8/28/2015,8/24/2015,18,Online Search,Web
Bowflex Max Trainer,CAM45009 dosg2eml1,,8/28/2015,8/24/2015,21,Online Search,Web
Bowflex Max Trainer,CAM45009 dosg2eml1,8/29/2015,8/29/2015,8/24/2015,11,Online Search,Web
Bowflex Max Trainer,CAM45009 dosg2eml1,,8/29/2015,8/24/2015,5,Online Search,Web
Bowflex Max Trainer,CAM45009 dosg2eml1,8/30/2015,8/30/2015,8/24/2015,19,Online Search,Web
Bowflex Max Trainer,CAM45009 dosg2eml1,,8/30/2015,8/24/2015,16,Online Search,Web
Bowflex Max Trainer,CAM45630 ICAOSBCEML2,,8/29/2015,8/24/2015,1,Online Search,Web
Bowflex Max Trainer,CAM45729 DOSG2ESL6,,8/24/2015,8/24/2015,2,Online Search,Web
Bowflex Max Trainer,CAM45729 DOSG2ESL6,,8/25/2015,8/24/2015,2,Online Search,Web
Bowflex Max Trainer,CAM45729 DOSG2ESL6,8/26/2015,8/26/2015,8/24/2015,1,Online Search,Web
Bowflex Max Trainer,CAM45729 DOSG2ESL6,,8/26/2015,8/24/2015,3,Online Search,Web
Bowflex Max Trainer,CAM45729 DOSG2ESL6,,8/28/2015,8/24/2015,1,Online Search,Web
Bowflex Max Trainer,CAM45729 DOSG2ESL6,,8/29/2015,8/24/2015,1,Online Search,Web
Bowflex Max Trainer,CAM45729 DOSG2ESL6,,8/30/2015,8/24/2015,1,Online Search,Web
Bowflex Max Trainer,CAM45730 DOSG2ESL7,8/24/2015,8/24/2015,8/24/2015,2,Online Search,Web
Bowflex Max Trainer,CAM45730 DOSG2ESL7,,8/24/2015,8/24/2015,7,Online Search,Web
Bowflex Max Trainer,CAM45730 DOSG2ESL7,,8/25/2015,8/24/2015,3,Online Search,Web
Bowflex Max Trainer,CAM45730 DOSG2ESL7,,8/26/2015,8/24/2015,3,Online Search,Web
Bowflex Max Trainer,CAM45730 DOSG2ESL7,,8/27/2015,8/24/2015,2,Online Search,Web
Bowflex Max Trainer,CAM45730 DOSG2ESL7,8/28/2015,8/28/2015,8/24/2015,1,Online Search,Web
Bowflex Max Trainer,CAM45730 DOSG2ESL7,,8/28/2015,8/24/2015,4,Online Search,Web
Bowflex Max Trainer,CAM45730 DOSG2ESL7,8/29/2015,8/29/2015,8/24/2015,1,Online Search,Web
Bowflex Max Trainer,CAM45730 DOSG2ESL7,,8/29/2015,8/24/2015,1,Online Search,Web
Bowflex Max Trainer,CAM45730 DOSG2ESL7,,8/30/2015,8/24/2015,5,Online Search,Web
Bowflex Max Trainer,CAM45731 DOSBIESL6,,8/24/2015,8/24/2015,1,Online Search,Web
Bowflex Max Trainer,CAM45731 DOSBIESL6,,8/25/2015,8/24/2015,1,Online Search,Web
Bowflex Max Trainer,CAM45732 DOSBIESL7,,8/24/2015,8/24/2015,2,Online Search,Web
Bowflex Max Trainer,CAM45732 DOSBIESL7,8/25/2015,8/25/2015,8/24/2015,1,Online Search,Web
Bowflex Max Trainer,CAM45732 DOSBIESL7,,8/25/2015,8/24/2015,2,Online Search,Web
Bowflex Max Trainer,CAM45732 DOSBIESL7,,8/26/2015,8/24/2015,1,Online Search,Web
Bowflex Max Trainer,CAM45732 DOSBIESL7,,8/27/2015,8/24/2015,2,Online Search,Web
Bowflex Max Trainer,CAM45732 DOSBIESL7,,8/30/2015,8/24/2015,1,Online Search,Web
Bowflex Max Trainer,CAM47150 DOSG2ESL9,8/24/2015,8/24/2015,8/24/2015,9,Online Search,Web
Bowflex Max Trainer,CAM47150 DOSG2ESL9,,8/24/2015,8/24/2015,10,Online Search,Web
Bowflex Max Trainer,CAM47150 DOSG2ESL9,8/25/2015,8/25/2015,8/24/2015,2,Online Search,Web
Bowflex Max Trainer,CAM47150 DOSG2ESL9,8/26/2015,8/26/2015,8/24/2015,5,Online Search,Web
Bowflex Max Trainer,CAM47150 DOSG2ESL9,8/28/2015,8/26/2015,8/24/2015,1,Online Search,Web
Bowflex Max Trainer,CAM47150 DOSG2ESL9,,8/26/2015,8/24/2015,4,Online Search,Web
Bowflex Max Trainer,CAM47150 DOSG2ESL9,8/27/2015,8/27/2015,8/24/2015,5,Online Search,Web
Bowflex Max Trainer,CAM47150 DOSG2ESL9,,8/27/2015,8/24/2015,3,Online Search,Web
Bowflex Max Trainer,CAM47150 DOSG2ESL9,8/28/2015,8/28/2015,8/24/2015,5,Online Search,Web
Bowflex Max Trainer,CAM47150 DOSG2ESL9,,8/28/2015,8/24/2015,3,Online Search,Web
Bowflex Max Trainer,CAM47150 DOSG2ESL9,8/29/2015,8/29/2015,8/24/2015,3,Online Search,Web
Bowflex Max Trainer,CAM47150 DOSG2ESL9,,8/29/2015,8/24/2015,4,Online Search,Web
Bowflex Max Trainer,CAM47150 DOSG2ESL9,8/30/2015,8/30/2015,8/24/2015,5,Online Search,Web
Bowflex Max Trainer,CAM47150 DOSG2ESL9,,8/30/2015,8/24/2015,4,Online Search,Web
Bowflex Max Trainer,CAM47151 DOSG2EML2,8/24/2015,8/24/2015,8/24/2015,6,Online Search,Web
Bowflex Max Trainer,CAM47151 DOSG2EML2,,8/24/2015,8/24/2015,9,Online Search,Web
Bowflex Max Trainer,CAM47151 DOSG2EML2,8/25/2015,8/25/2015,8/24/2015,1,Online Search,Web
Bowflex Max Trainer,CAM47151 DOSG2EML2,,8/25/2015,8/24/2015,5,Online Search,Web
Bowflex Max Trainer,CAM47151 DOSG2EML2,8/26/2015,8/26/2015,8/24/2015,12,Online Search,Web
Bowflex Max Trainer,CAM47151 DOSG2EML2,,8/26/2015,8/24/2015,5,Online Search,Web
Bowflex Max Trainer,CAM47151 DOSG2EML2,8/27/2015,8/27/2015,8/24/2015,3,Online Search,Web
Bowflex Max Trainer,CAM47151 DOSG2EML2,,8/27/2015,8/24/2015,1,Online Search,Web
Bowflex Max Trainer,CAM47151 DOSG2EML2,,8/28/2015,8/24/2015,4,Online Search,Web
Bowflex Max Trainer,CAM47151 DOSG2EML2,8/29/2015,8/29/2015,8/24/2015,5,Online Search,Web
Bowflex Max Trainer,CAM47151 DOSG2EML2,,8/29/2015,8/24/2015,3,Online Search,Web
Bowflex Max Trainer,CAM47151 DOSG2EML2,8/30/2015,8/30/2015,8/24/2015,6,Online Search,Web
Bowflex Max Trainer,CAM47151 DOSG2EML2,,8/30/2015,8/24/2015,7,Online Search,Web
Bowflex Max Trainer,CAM47152 DOSBIESL8,8/24/2015,8/24/2015,8/24/2015,2,Online Search,Web
Bowflex Max Trainer,CAM47152 DOSBIESL8,,8/24/2015,8/24/2015,6,Online Search,Web
Bowflex Max Trainer,CAM47152 DOSBIESL8,8/25/2015,8/25/2015,8/24/2015,2,Online Search,Web
Bowflex Max Trainer,CAM47152 DOSBIESL8,8/30/2015,8/25/2015,8/24/2015,1,Online Search,Web
Bowflex Max Trainer,CAM47152 DOSBIESL8,,8/25/2015,8/24/2015,2,Online Search,Web
Bowflex Max Trainer,CAM47152 DOSBIESL8,8/26/2015,8/26/2015,8/24/2015,1,Online Search,Web
Bowflex Max Trainer,CAM47152 DOSBIESL8,,8/26/2015,8/24/2015,3,Online Search,Web
Bowflex Max Trainer,CAM47152 DOSBIESL8,8/27/2015,8/27/2015,8/24/2015,4,Online Search,Web
Bowflex Max Trainer,CAM47152 DOSBIESL8,8/28/2015,8/28/2015,8/24/2015,3,Online Search,Web
Bowflex Max Trainer,CAM47152 DOSBIESL8,8/29/2015,8/29/2015,8/24/2015,1,Online Search,Web
Bowflex Max Trainer,CAM47152 DOSBIESL8,8/30/2015,8/30/2015,8/24/2015,3,Online Search,Web
Bowflex Max Trainer,CAM47152 DOSBIESL8,,8/30/2015,8/24/2015,3,Online Search,Web
Bowflex Max Trainer,CAM47153 DOSBIEML2,8/24/2015,8/24/2015,8/24/2015,6,Online Search,Web
Bowflex Max Trainer,CAM47153 DOSBIEML2,8/25/2015,8/25/2015,8/24/2015,1,Online Search,Web
Bowflex Max Trainer,CAM47153 DOSBIEML2,,8/25/2015,8/24/2015,1,Online Search,Web
Bowflex Max Trainer,CAM47153 DOSBIEML2,8/26/2015,8/26/2015,8/24/2015,6,Online Search,Web
Bowflex Max Trainer,CAM47153 DOSBIEML2,8/27/2015,8/27/2015,8/24/2015,3,Online Search,Web
Bowflex Max Trainer,CAM47153 DOSBIEML2,8/28/2015,8/28/2015,8/24/2015,4,Online Search,Web
Bowflex Max Trainer,CAM47153 DOSBIEML2,8/29/2015,8/29/2015,8/24/2015,3,Online Search,Web
Bowflex Max Trainer,CAM47153 DOSBIEML2,8/30/2015,8/30/2015,8/24/2015,5,Online Search,Web
Bowflex Max Trainer,CAM47153 DOSBIEML2,,8/30/2015,8/24/2015,3,Online Search,Web
Bowflex Max Trainer,CAM33953 SAWDOFG2C,,8/29/2015,8/24/2015,1,Online Shopping,Call Center Internal
Bowflex Max Trainer,CAM33956 SAWDOFPGC,,8/24/2015,8/24/2015,1,Online Shopping,Call Center Internal
Bowflex Max Trainer,CAM33966 dofg2cfeed1,,8/25/2015,8/24/2015,1,Online Shopping,Web
Bowflex Max Trainer,CAM33968 dofpgcfeed1,,8/24/2015,8/24/2015,2,Online Shopping,Web
Bowflex Max Trainer,CAM33968 dofpgcfeed1,,8/25/2015,8/24/2015,1,Online Shopping,Web
Bowflex Max Trainer,CAM33968 dofpgcfeed1,,8/28/2015,8/24/2015,2,Online Shopping,Web
Bowflex Max Trainer,CAM33968 dofpgcfeed1,,8/29/2015,8/24/2015,1,Online Shopping,Web
Bowflex Max Trainer,CAM44887 dofg2efeed1,8/24/2015,8/24/2015,8/24/2015,26,Online Shopping,Web
Bowflex Max Trainer,CAM44887 dofg2efeed1,,8/24/2015,8/24/2015,37,Online Shopping,Web
Bowflex Max Trainer,CAM44887 dofg2efeed1,8/25/2015,8/25/2015,8/24/2015,15,Online Shopping,Web
Bowflex Max Trainer,CAM44887 dofg2efeed1,,8/25/2015,8/24/2015,19,Online Shopping,Web
Bowflex Max Trainer,CAM44887 dofg2efeed1,8/26/2015,8/26/2015,8/24/2015,20,Online Shopping,Web
Bowflex Max Trainer,CAM44887 dofg2efeed1,,8/26/2015,8/24/2015,23,Online Shopping,Web
Bowflex Max Trainer,CAM44887 dofg2efeed1,8/27/2015,8/27/2015,8/24/2015,19,Online Shopping,Web
Bowflex Max Trainer,CAM44887 dofg2efeed1,,8/27/2015,8/24/2015,28,Online Shopping,Web
Bowflex Max Trainer,CAM44887 dofg2efeed1,8/28/2015,8/28/2015,8/24/2015,12,Online Shopping,Web
Bowflex Max Trainer,CAM44887 dofg2efeed1,,8/28/2015,8/24/2015,20,Online Shopping,Web
Bowflex Max Trainer,CAM44887 dofg2efeed1,8/29/2015,8/29/2015,8/24/2015,21,Online Shopping,Web
Bowflex Max Trainer,CAM44887 dofg2efeed1,,8/29/2015,8/24/2015,19,Online Shopping,Web
Bowflex Max Trainer,CAM44887 dofg2efeed1,8/30/2015,8/30/2015,8/24/2015,27,Online Shopping,Web
Bowflex Max Trainer,CAM44887 dofg2efeed1,,8/30/2015,8/24/2015,49,Online Shopping,Web
Bowflex Max Trainer,CAM44897 dofpgefeed1,,8/24/2015,8/24/2015,5,Online Shopping,Web
Bowflex Max Trainer,CAM44897 dofpgefeed1,,8/25/2015,8/24/2015,4,Online Shopping,Web
Bowflex Max Trainer,CAM44897 dofpgefeed1,8/26/2015,8/26/2015,8/24/2015,2,Online Shopping,Web
Bowflex Max Trainer,CAM44897 dofpgefeed1,,8/27/2015,8/24/2015,2,Online Shopping,Web
Bowflex Max Trainer,CAM44897 dofpgefeed1,8/28/2015,8/28/2015,8/24/2015,1,Online Shopping,Web
Bowflex Max Trainer,CAM44897 dofpgefeed1,,8/28/2015,8/24/2015,3,Online Shopping,Web
Bowflex Max Trainer,CAM44897 dofpgefeed1,,8/30/2015,8/24/2015,3,Online Shopping,Web
Bowflex Max Trainer,CAM44937 dofszefeed1,,8/27/2015,8/24/2015,1,Online Shopping,Web
Bowflex Max Trainer,CAM45043 SAWDOFG2E,8/24/2015,8/24/2015,8/24/2015,1,Online Shopping,Call Center Internal
Bowflex Max Trainer,CAM45043 SAWDOFG2E,,8/24/2015,8/24/2015,1,Online Shopping,Call Center Internal
Bowflex Max Trainer,CAM45043 SAWDOFG2E,,8/25/2015,8/24/2015,3,Online Shopping,Call Center Internal
Bowflex Max Trainer,CAM45043 SAWDOFG2E,,8/26/2015,8/24/2015,1,Online Shopping,Call Center Internal
Bowflex Max Trainer,CAM45043 SAWDOFG2E,8/28/2015,8/28/2015,8/24/2015,2,Online Shopping,Call Center Internal
Bowflex Max Trainer,CAM45043 SAWDOFG2E,,8/28/2015,8/24/2015,2,Online Shopping,Call Center Internal
Bowflex Max Trainer,CAM45043 SAWDOFG2E,,8/29/2015,8/24/2015,1,Online Shopping,Call Center Internal
Bowflex Max Trainer,CAM45043 SAWDOFG2E,,8/30/2015,8/24/2015,1,Online Shopping,Call Center Internal
Bowflex Max Trainer,CAM45045 SAWDOFPGE,8/29/2015,8/29/2015,8/24/2015,1,Online Shopping,Call Center Internal
Bowflex Max Trainer,CAM44544 SAWDOXFBE,,8/25/2015,8/24/2015,1,Online Social,Call Center Internal
Bowflex Max Trainer,CAM44544 SAWDOXFBE,,8/28/2015,8/24/2015,1,Online Social,Call Center Internal
Bowflex Max Trainer,CAM44544 SAWDOXFBE,8/29/2015,8/29/2015,8/24/2015,2,Online Social,Call Center Internal
Bowflex Max Trainer,CAM44544 SAWDOXFBE,,8/29/2015,8/24/2015,1,Online Social,Call Center Internal
Bowflex Max Trainer,CAM45898 DOXFBERESPONSE,8/24/2015,8/24/2015,8/24/2015,2,Online Social,Web
Bowflex Max Trainer,CAM45898 DOXFBERESPONSE,,8/24/2015,8/24/2015,3,Online Social,Web
Bowflex Max Trainer,CAM45898 DOXFBERESPONSE,,8/25/2015,8/24/2015,1,Online Social,Web
Bowflex Max Trainer,CAM45898 DOXFBERESPONSE,8/26/2015,8/26/2015,8/24/2015,2,Online Social,Web
Bowflex Max Trainer,CAM45898 DOXFBERESPONSE,,8/26/2015,8/24/2015,1,Online Social,Web
Bowflex Max Trainer,CAM45898 DOXFBERESPONSE,8/27/2015,8/27/2015,8/24/2015,1,Online Social,Web
Bowflex Max Trainer,CAM45898 DOXFBERESPONSE,,8/28/2015,8/24/2015,2,Online Social,Web
Bowflex Max Trainer,CAM45914 DOXFBGRESPONSE,,8/26/2015,8/24/2015,1,Online Social,Call Center Internal
Bowflex Max Trainer,CAM47172 DOXFBEGL1,8/27/2015,8/27/2015,8/24/2015,1,Online Social,Web
Bowflex Max Trainer,CAM47172 DOXFBEGL1,,8/29/2015,8/24/2015,1,Online Social,Web
Bowflex Max Trainer,CAM47987 DOXFBESCL001,8/24/2015,8/24/2015,8/24/2015,8,Online Social,Web
Bowflex Max Trainer,CAM47987 DOXFBESCL001,,8/24/2015,8/24/2015,5,Online Social,Web
Bowflex Max Trainer,CAM47987 DOXFBESCL001,8/25/2015,8/25/2015,8/24/2015,4,Online Social,Web
Bowflex Max Trainer,CAM47987 DOXFBESCL001,,8/25/2015,8/24/2015,2,Online Social,Web
Bowflex Max Trainer,CAM47987 DOXFBESCL001,8/26/2015,8/26/2015,8/24/2015,10,Online Social,Web
Bowflex Max Trainer,CAM47987 DOXFBESCL001,,8/26/2015,8/24/2015,2,Online Social,Web
Bowflex Max Trainer,CAM47987 DOXFBESCL001,8/27/2015,8/27/2015,8/24/2015,5,Online Social,Web
Bowflex Max Trainer,CAM47987 DOXFBESCL001,,8/27/2015,8/24/2015,7,Online Social,Web
Bowflex Max Trainer,CAM47987 DOXFBESCL001,8/28/2015,8/28/2015,8/24/2015,4,Online Social,Web
Bowflex Max Trainer,CAM47987 DOXFBESCL001,,8/28/2015,8/24/2015,2,Online Social,Web
Bowflex Max Trainer,CAM47987 DOXFBESCL001,8/29/2015,8/29/2015,8/24/2015,8,Online Social,Web
Bowflex Max Trainer,CAM47987 DOXFBESCL001,,8/29/2015,8/24/2015,9,Online Social,Web
Bowflex Max Trainer,CAM47987 DOXFBESCL001,8/30/2015,8/30/2015,8/24/2015,7,Online Social,Web
Bowflex Max Trainer,CAM47987 DOXFBESCL001,,8/30/2015,8/24/2015,6,Online Social,Web
Bowflex Max Trainer,CAM48002 DOXFBECAD1,8/24/2015,8/24/2015,8/24/2015,1,Online Social,Web
Bowflex Max Trainer,CAM48002 DOXFBECAD1,8/29/2015,8/29/2015,8/24/2015,1,Online Social,Web
Bowflex Max Trainer,CAM48003 DOXFBECAD2,8/24/2015,8/24/2015,8/24/2015,1,Online Social,Call Center Internal
Bowflex Max Trainer,CAM48003 DOXFBECAD2,8/24/2015,8/24/2015,8/24/2015,23,Online Social,Web
Bowflex Max Trainer,CAM48003 DOXFBECAD2,,8/24/2015,8/24/2015,10,Online Social,Web
Bowflex Max Trainer,CAM48003 DOXFBECAD2,8/25/2015,8/25/2015,8/24/2015,9,Online Social,Web
Bowflex Max Trainer,CAM48003 DOXFBECAD2,,8/25/2015,8/24/2015,5,Online Social,Web
Bowflex Max Trainer,CAM48003 DOXFBECAD2,8/26/2015,8/26/2015,8/24/2015,11,Online Social,Web
Bowflex Max Trainer,CAM48003 DOXFBECAD2,,8/26/2015,8/24/2015,3,Online Social,Web
Bowflex Max Trainer,CAM48003 DOXFBECAD2,8/27/2015,8/27/2015,8/24/2015,15,Online Social,Web
Bowflex Max Trainer,CAM48003 DOXFBECAD2,,8/27/2015,8/24/2015,7,Online Social,Web
Bowflex Max Trainer,CAM48003 DOXFBECAD2,8/28/2015,8/28/2015,8/24/2015,13,Online Social,Web
Bowflex Max Trainer,CAM48003 DOXFBECAD2,,8/28/2015,8/24/2015,4,Online Social,Web
Bowflex Max Trainer,CAM48003 DOXFBECAD2,8/29/2015,8/29/2015,8/24/2015,14,Online Social,Web
Bowflex Max Trainer,CAM48003 DOXFBECAD2,8/30/2015,8/29/2015,8/24/2015,1,Online Social,Web
Bowflex Max Trainer,CAM48003 DOXFBECAD2,,8/29/2015,8/24/2015,8,Online Social,Web
Bowflex Max Trainer,CAM48003 DOXFBECAD2,8/30/2015,8/30/2015,8/24/2015,15,Online Social,Web
Bowflex Max Trainer,CAM48003 DOXFBECAD2,,8/30/2015,8/24/2015,6,Online Social,Web
Bowflex Max Trainer,CAM48048 DOXFBESCL003,,8/28/2015,8/24/2015,1,Online Social,Web
Bowflex Max Trainer,CAM48049 DOXFBESCL004,8/24/2015,8/24/2015,8/24/2015,1,Online Social,Web
Bowflex Max Trainer,CAM48049 DOXFBESCL004,,8/25/2015,8/24/2015,2,Online Social,Web
Bowflex Max Trainer,CAM48049 DOXFBESCL004,,8/26/2015,8/24/2015,1,Online Social,Web
Bowflex Max Trainer,CAM48049 DOXFBESCL004,8/27/2015,8/27/2015,8/24/2015,1,Online Social,Web
Bowflex Max Trainer,CAM48049 DOXFBESCL004,,8/27/2015,8/24/2015,1,Online Social,Web
Bowflex Max Trainer,CAM48049 DOXFBESCL004,,8/29/2015,8/24/2015,2,Online Social,Web
Bowflex Max Trainer,CAM48050 DOXFBESCL005,8/24/2015,8/24/2015,8/24/2015,14,Online Social,Web
Bowflex Max Trainer,CAM48050 DOXFBESCL005,,8/24/2015,8/24/2015,15,Online Social,Web
Bowflex Max Trainer,CAM48050 DOXFBESCL005,8/25/2015,8/25/2015,8/24/2015,12,Online Social,Web
Bowflex Max Trainer,CAM48050 DOXFBESCL005,8/29/2015,8/25/2015,8/24/2015,1,Online Social,Web
Bowflex Max Trainer,CAM48050 DOXFBESCL005,,8/25/2015,8/24/2015,5,Online Social,Web
Bowflex Max Trainer,CAM48050 DOXFBESCL005,8/26/2015,8/26/2015,8/24/2015,29,Online Social,Web
Bowflex Max Trainer,CAM48050 DOXFBESCL005,,8/26/2015,8/24/2015,1,Online Social,Web
Bowflex Max Trainer,CAM48050 DOXFBESCL005,8/27/2015,8/27/2015,8/24/2015,11,Online Social,Web
Bowflex Max Trainer,CAM48050 DOXFBESCL005,,8/27/2015,8/24/2015,5,Online Social,Web
Bowflex Max Trainer,CAM48050 DOXFBESCL005,8/28/2015,8/28/2015,8/24/2015,14,Online Social,Web
Bowflex Max Trainer,CAM48050 DOXFBESCL005,,8/28/2015,8/24/2015,1,Online Social,Web
Bowflex Max Trainer,CAM48050 DOXFBESCL005,8/29/2015,8/29/2015,8/24/2015,15,Online Social,Web
Bowflex Max Trainer,CAM48050 DOXFBESCL005,,8/29/2015,8/24/2015,8,Online Social,Web
Bowflex Max Trainer,CAM48050 DOXFBESCL005,8/30/2015,8/30/2015,8/24/2015,15,Online Social,Web
Bowflex Max Trainer,CAM48050 DOXFBESCL005,,8/30/2015,8/24/2015,1,Online Social,Web
Bowflex Max Trainer,CAM44987 dovg2evl2,,8/27/2015,8/24/2015,1,Online Video,Web
Bowflex Max Trainer,CAM44987 dovg2evl2,8/30/2015,8/30/2015,8/24/2015,1,Online Video,Web
Bowflex Max Trainer,CAM45046 SAWDOVG2E,8/26/2015,8/26/2015,8/24/2015,1,Online Video,Third Party Call Center - Evolve
Bowflex Max Trainer,CAM45400 DOVHULUEVL1,8/24/2015,8/24/2015,8/24/2015,4,Online Video,Web
Bowflex Max Trainer,CAM45400 DOVHULUEVL1,,8/24/2015,8/24/2015,3,Online Video,Web
Bowflex Max Trainer,CAM45400 DOVHULUEVL1,8/25/2015,8/25/2015,8/24/2015,3,Online Video,Web
Bowflex Max Trainer,CAM45400 DOVHULUEVL1,8/26/2015,8/26/2015,8/24/2015,9,Online Video,Web
Bowflex Max Trainer,CAM45400 DOVHULUEVL1,,8/26/2015,8/24/2015,1,Online Video,Web
Bowflex Max Trainer,CAM45400 DOVHULUEVL1,8/27/2015,8/27/2015,8/24/2015,4,Online Video,Web
Bowflex Max Trainer,CAM45400 DOVHULUEVL1,,8/27/2015,8/24/2015,1,Online Video,Web
Bowflex Max Trainer,CAM45400 DOVHULUEVL1,8/28/2015,8/28/2015,8/24/2015,5,Online Video,Web
Bowflex Max Trainer,CAM45400 DOVHULUEVL1,8/29/2015,8/29/2015,8/24/2015,2,Online Video,Web
Bowflex Max Trainer,CAM45400 DOVHULUEVL1,8/30/2015,8/30/2015,8/24/2015,7,Online Video,Web
Bowflex Max Trainer,CAM45435 DOVHULUEVL2,8/27/2015,8/27/2015,8/24/2015,1,Online Video,Web
Bowflex Max Trainer,CAM47238 SAWDOVTME,8/25/2015,8/25/2015,8/24/2015,1,Online Video,Call Center Internal
Bowflex Max Trainer,CAM47248 DOVTMEVL1,8/24/2015,8/24/2015,8/24/2015,13,Online Video,Web
Bowflex Max Trainer,CAM47248 DOVTMEVL1,8/25/2015,8/24/2015,8/24/2015,1,Online Video,Web
Bowflex Max Trainer,CAM47248 DOVTMEVL1,,8/24/2015,8/24/2015,4,Online Video,Web
Bowflex Max Trainer,CAM47248 DOVTMEVL1,8/25/2015,8/25/2015,8/24/2015,8,Online Video,Web
Bowflex Max Trainer,CAM47248 DOVTMEVL1,,8/25/2015,8/24/2015,1,Online Video,Web
Bowflex Max Trainer,CAM47248 DOVTMEVL1,8/26/2015,8/26/2015,8/24/2015,22,Online Video,Web
Bowflex Max Trainer,CAM47248 DOVTMEVL1,,8/26/2015,8/24/2015,8,Online Video,Web
Bowflex Max Trainer,CAM47248 DOVTMEVL1,8/27/2015,8/27/2015,8/24/2015,13,Online Video,Web
Bowflex Max Trainer,CAM47248 DOVTMEVL1,,8/27/2015,8/24/2015,9,Online Video,Web
Bowflex Max Trainer,CAM47248 DOVTMEVL1,8/28/2015,8/28/2015,8/24/2015,8,Online Video,Web
Bowflex Max Trainer,CAM47248 DOVTMEVL1,,8/28/2015,8/24/2015,8,Online Video,Web
Bowflex Max Trainer,CAM47248 DOVTMEVL1,8/29/2015,8/29/2015,8/24/2015,16,Online Video,Web
Bowflex Max Trainer,CAM47248 DOVTMEVL1,,8/29/2015,8/24/2015,5,Online Video,Web
Bowflex Max Trainer,CAM47248 DOVTMEVL1,8/30/2015,8/30/2015,8/24/2015,18,Online Video,Web
Bowflex Max Trainer,CAM47248 DOVTMEVL1,,8/30/2015,8/24/2015,9,Online Video,Web
Bowflex Max Trainer,CAM47606 DOVHULUEVL5,8/24/2015,8/24/2015,8/24/2015,9,Online Video,Web
Bowflex Max Trainer,CAM47606 DOVHULUEVL5,,8/24/2015,8/24/2015,1,Online Video,Web
Bowflex Max Trainer,CAM47606 DOVHULUEVL5,8/25/2015,8/25/2015,8/24/2015,9,Online Video,Web
Bowflex Max Trainer,CAM47606 DOVHULUEVL5,8/26/2015,8/26/2015,8/24/2015,8,Online Video,Web
Bowflex Max Trainer,CAM47606 DOVHULUEVL5,8/27/2015,8/27/2015,8/24/2015,1,Online Video,Web
Bowflex Max Trainer,CAM47606 DOVHULUEVL5,8/28/2015,8/28/2015,8/24/2015,7,Online Video,Web
Bowflex Max Trainer,CAM47606 DOVHULUEVL5,8/29/2015,8/29/2015,8/24/2015,6,Online Video,Web
Bowflex Max Trainer,CAM47606 DOVHULUEVL5,,8/29/2015,8/24/2015,1,Online Video,Web
Bowflex Max Trainer,CAM47606 DOVHULUEVL5,8/30/2015,8/30/2015,8/24/2015,5,Online Video,Web
Bowflex Max Trainer,CAM47606 DOVHULUEVL5,,8/30/2015,8/24/2015,4,Online Video,Web
Bowflex Max Trainer,CAM47615 DOVHULUEVL4,8/27/2015,8/27/2015,8/24/2015,1,Online Video,Web
Bowflex Max Trainer,CAM41177 PCTCIS0016,,8/30/2015,8/24/2015,1,Print,Call Center Internal
Bowflex Max Trainer,CAM47830 P0915MENSFITALEX,,8/25/2015,8/24/2015,1,Print,Call Center Internal
Bowflex Max Trainer,CAM27473 SPANISHSTAT4,,8/28/2015,8/24/2015,1,Short Form,Call Center Internal
Bowflex Max Trainer,CAM46343 M67*P60*NOTSTTIC,8/27/2015,8/27/2015,8/24/2015,1,Short Form,Third Party Call Center - West
Bowflex Max Trainer,CAM46343 M67*P60*NOTSTTIC,8/28/2015,8/28/2015,8/24/2015,1,Short Form,Third Party Call Center - West
Bowflex Max Trainer,CAM46346 M610P60*NOTSTTIC,8/24/2015,8/24/2015,8/24/2015,2,Short Form,Third Party Call Center - West
Bowflex Max Trainer,CAM46346 M610P60*NOTSTTIC,8/25/2015,8/25/2015,8/24/2015,2,Short Form,Third Party Call Center - West
Bowflex Max Trainer,CAM46346 M610P60*NOTSTTIC,8/27/2015,8/27/2015,8/24/2015,4,Short Form,Third Party Call Center - West
Bowflex Max Trainer,CAM46346 M610P60*NOTSTTIC,8/29/2015,8/29/2015,8/24/2015,2,Short Form,Third Party Call Center - West
Bowflex Max Trainer,CAM46346 M610P60*NOTSTTIC,8/30/2015,8/30/2015,8/24/2015,1,Short Form,Third Party Call Center - West
Bowflex Max Trainer,CAM46349 M613P60*NOTSTTIC,8/26/2015,8/26/2015,8/24/2015,1,Short Form,Third Party Call Center - West
Bowflex Max Trainer,CAM46349 M613P60*NOTSTTIC,8/28/2015,8/28/2015,8/24/2015,1,Short Form,Third Party Call Center - West
Bowflex Max Trainer,CAM46349 M613P60*NOTSTTIC,8/29/2015,8/29/2015,8/24/2015,1,Short Form,Third Party Call Center - West
Bowflex Max Trainer,CAM46351 M615P60*NOTSTTIC,8/26/2015,8/26/2015,8/24/2015,1,Short Form,Third Party Call Center - West
Bowflex Max Trainer,CAM46352 M616P60*NOTSTTIC,8/24/2015,8/24/2015,8/24/2015,1,Short Form,Third Party Call Center - West
Bowflex Max Trainer,CAM46352 M616P60*NOTSTTIC,8/28/2015,8/28/2015,8/24/2015,1,Short Form,Third Party Call Center - West
Bowflex Max Trainer,CAM46352 M616P60*NOTSTTIC,8/29/2015,8/29/2015,8/24/2015,1,Short Form,Third Party Call Center - West
Bowflex Max Trainer,CAM46352 M616P60*NOTSTTIC,8/30/2015,8/30/2015,8/24/2015,2,Short Form,Third Party Call Center - West
Bowflex Max Trainer,CAM46353 M617P60*NOTSTTIC,8/24/2015,8/24/2015,8/24/2015,3,Short Form,Third Party Call Center - West
Bowflex Max Trainer,CAM46353 M617P60*NOTSTTIC,8/25/2015,8/25/2015,8/24/2015,4,Short Form,Third Party Call Center - West
Bowflex Max Trainer,CAM46353 M617P60*NOTSTTIC,8/26/2015,8/26/2015,8/24/2015,6,Short Form,Third Party Call Center - West
Bowflex Max Trainer,CAM46353 M617P60*NOTSTTIC,8/27/2015,8/27/2015,8/24/2015,3,Short Form,Third Party Call Center - West
Bowflex Max Trainer,CAM46353 M617P60*NOTSTTIC,8/28/2015,8/28/2015,8/24/2015,7,Short Form,Third Party Call Center - West
Bowflex Max Trainer,CAM46353 M617P60*NOTSTTIC,8/29/2015,8/29/2015,8/24/2015,6,Short Form,Third Party Call Center - West
Bowflex Max Trainer,CAM46353 M617P60*NOTSTTIC,8/30/2015,8/30/2015,8/24/2015,3,Short Form,Third Party Call Center - West
Bowflex Max Trainer,CAM46355 M619P60*NOTSTTIC,8/27/2015,8/27/2015,8/24/2015,1,Short Form,Third Party Call Center - West
Bowflex Max Trainer,CAM46355 M619P60*NOTSTTIC,8/28/2015,8/28/2015,8/24/2015,1,Short Form,Third Party Call Center - West
Bowflex Max Trainer,CAM46356 M620P60*NOTSTTIC,8/29/2015,8/29/2015,8/24/2015,1,Short Form,Third Party Call Center - West
Bowflex Max Trainer,CAM47191 DTVSN60*HAMF*TIC,8/24/2015,8/24/2015,8/24/2015,1,Short Form,Call Center Internal
Bowflex Max Trainer,CAM47192 SUNDN120HAMBYTIC,8/24/2015,8/24/2015,8/24/2015,7,Short Form,Call Center Internal
Bowflex Max Trainer,CAM47192 SUNDN120HAMBYTIC,8/25/2015,8/25/2015,8/24/2015,3,Short Form,Call Center Internal
Bowflex Max Trainer,CAM47192 SUNDN120HAMBYTIC,8/26/2015,8/26/2015,8/24/2015,2,Short Form,Call Center Internal
Bowflex Max Trainer,CAM47192 SUNDN120HAMBYTIC,8/27/2015,8/27/2015,8/24/2015,6,Short Form,Call Center Internal
Bowflex Max Trainer,CAM47192 SUNDN120HAMBYTIC,8/28/2015,8/28/2015,8/24/2015,5,Short Form,Call Center Internal
Bowflex Max Trainer,CAM47192 SUNDN120HAMBYTIC,8/29/2015,8/29/2015,8/24/2015,7,Short Form,Call Center Internal
Bowflex Max Trainer,CAM47192 SUNDN120HAMBYTIC,8/30/2015,8/30/2015,8/24/2015,5,Short Form,Call Center Internal
Bowflex Max Trainer,CAM47192 SUNDN120HAMBYTIC,8/24/2015,8/24/2015,8/24/2015,1,Short Form,Third Party Call Center - Evolve
Bowflex Max Trainer,CAM47193 VEL*N120HAMBYTIC,8/25/2015,8/25/2015,8/24/2015,1,Short Form,Call Center Internal
Bowflex Max Trainer,CAM47193 VEL*N120HAMBYTIC,8/27/2015,8/27/2015,8/24/2015,1,Short Form,Call Center Internal
Bowflex Max Trainer,CAM47193 VEL*N120HAMBYTIC,8/28/2015,8/28/2015,8/24/2015,3,Short Form,Call Center Internal
Bowflex Max Trainer,CAM47193 VEL*N120HAMBYTIC,8/29/2015,8/29/2015,8/24/2015,2,Short Form,Call Center Internal
Bowflex Max Trainer,CAM47193 VEL*N120HAMBYTIC,8/30/2015,8/30/2015,8/24/2015,1,Short Form,Call Center Internal
Bowflex Max Trainer,CAM47193 VEL*N120HAMBYTIC,8/24/2015,8/24/2015,8/24/2015,3,Short Form,Third Party Call Center - Evolve
Bowflex Max Trainer,CAM47193 VEL*N120HAMBYTIC,8/26/2015,8/26/2015,8/24/2015,1,Short Form,Third Party Call Center - Evolve
Bowflex Max Trainer,CAM47193 VEL*N120HAMBYTIC,8/28/2015,8/28/2015,8/24/2015,1,Short Form,Third Party Call Center - Evolve
Bowflex Max Trainer,CAM47195 SPKEN120HAMBYTIC,8/24/2015,8/24/2015,8/24/2015,6,Short Form,Call Center Internal
Bowflex Max Trainer,CAM47195 SPKEN120HAMBYTIC,8/25/2015,8/25/2015,8/24/2015,6,Short Form,Call Center Internal
Bowflex Max Trainer,CAM47195 SPKEN120HAMBYTIC,8/26/2015,8/26/2015,8/24/2015,6,Short Form,Call Center Internal
Bowflex Max Trainer,CAM47195 SPKEN120HAMBYTIC,8/27/2015,8/27/2015,8/24/2015,17,Short Form,Call Center Internal
Bowflex Max Trainer,CAM47195 SPKEN120HAMBYTIC,,8/27/2015,8/24/2015,1,Short Form,Call Center Internal
Bowflex Max Trainer,CAM47195 SPKEN120HAMBYTIC,8/28/2015,8/28/2015,8/24/2015,13,Short Form,Call Center Internal
Bowflex Max Trainer,CAM47196 ESQ*N120HAMBYTIC,8/26/2015,8/26/2015,8/24/2015,1,Short Form,Call Center Internal
Bowflex Max Trainer,CAM47196 ESQ*N120HAMBYTIC,8/27/2015,8/27/2015,8/24/2015,1,Short Form,Call Center Internal
Bowflex Max Trainer,CAM47196 ESQ*N120HAMBYTIC,8/26/2015,8/26/2015,8/24/2015,1,Short Form,Third Party Call Center - Evolve
Bowflex Max Trainer,CAM47196 ESQ*N120HAMBYTIC,8/28/2015,8/28/2015,8/24/2015,2,Short Form,Third Party Call Center - Evolve
Bowflex Max Trainer,CAM47197 IFC*N120HAMBYTIC,8/24/2015,8/24/2015,8/24/2015,6,Short Form,Call Center Internal
Bowflex Max Trainer,CAM47197 IFC*N120HAMBYTIC,8/25/2015,8/25/2015,8/24/2015,2,Short Form,Call Center Internal
Bowflex Max Trainer,CAM47197 IFC*N120HAMBYTIC,8/26/2015,8/26/2015,8/24/2015,1,Short Form,Call Center Internal
Bowflex Max Trainer,CAM47197 IFC*N120HAMBYTIC,8/27/2015,8/27/2015,8/24/2015,1,Short Form,Call Center Internal
Bowflex Max Trainer,CAM47197 IFC*N120HAMBYTIC,,8/27/2015,8/24/2015,2,Short Form,Call Center Internal
Bowflex Max Trainer,CAM47197 IFC*N120HAMBYTIC,8/28/2015,8/28/2015,8/24/2015,3,Short Form,Call Center Internal
Bowflex Max Trainer,CAM47197 IFC*N120HAMBYTIC,8/30/2015,8/30/2015,8/24/2015,8,Short Form,Call Center Internal
Bowflex Max Trainer,CAM47198 ION*N120HAMBYTIC,8/24/2015,8/24/2015,8/24/2015,11,Short Form,Call Center Internal
Bowflex Max Trainer,CAM47198 ION*N120HAMBYTIC,8/26/2015,8/26/2015,8/24/2015,5,Short Form,Call Center Internal
Bowflex Max Trainer,CAM47198 ION*N120HAMBYTIC,8/28/2015,8/28/2015,8/24/2015,5,Short Form,Call Center Internal
Bowflex Max Trainer,CAM47291 DISMN60*HAMF*TIC,8/24/2015,8/24/2015,8/24/2015,2,Short Form,Call Center Internal
Bowflex Max Trainer,CAM47291 DISMN60*HAMF*TIC,8/25/2015,8/25/2015,8/24/2015,1,Short Form,Call Center Internal
Bowflex Max Trainer,CAM47291 DISMN60*HAMF*TIC,8/26/2015,8/26/2015,8/24/2015,7,Short Form,Call Center Internal
Bowflex Max Trainer,CAM47291 DISMN60*HAMF*TIC,8/27/2015,8/27/2015,8/24/2015,2,Short Form,Call Center Internal
Bowflex Max Trainer,CAM47291 DISMN60*HAMF*TIC,8/28/2015,8/28/2015,8/24/2015,3,Short Form,Call Center Internal
Bowflex Max Trainer,CAM47291 DISMN60*HAMF*TIC,8/30/2015,8/30/2015,8/24/2015,1,Short Form,Call Center Internal
Bowflex Max Trainer,CAM47291 DISMN60*HAMF*TIC,,8/28/2015,8/24/2015,1,Short Form,Third Party Call Center - Evolve
Bowflex Max Trainer,CAM47340 HMM*N120ALOBYTIC,,8/25/2015,8/24/2015,1,Short Form,Call Center Internal
Bowflex Max Trainer,CAM47361 PUREN180HAMF*TIC,,8/27/2015,8/24/2015,1,Short Form,Call Center Internal
Bowflex Max Trainer,CAM47361 PUREN180HAMF*TIC,8/30/2015,8/30/2015,8/24/2015,2,Short Form,Call Center Internal
Bowflex Max Trainer,CAM47361 PUREN180HAMF*TIC,8/29/2015,8/29/2015,8/24/2015,1,Short Form,Third Party Call Center - Evolve
Bowflex Max Trainer,CAM47362 H2**N180HAMF*TIC,8/24/2015,8/24/2015,8/24/2015,2,Short Form,Call Center Internal
Bowflex Max Trainer,CAM47362 H2**N180HAMF*TIC,8/25/2015,8/25/2015,8/24/2015,3,Short Form,Call Center Internal
Bowflex Max Trainer,CAM47362 H2**N180HAMF*TIC,8/26/2015,8/26/2015,8/24/2015,5,Short Form,Call Center Internal
Bowflex Max Trainer,CAM47362 H2**N180HAMF*TIC,8/27/2015,8/27/2015,8/24/2015,5,Short Form,Call Center Internal
Bowflex Max Trainer,CAM47362 H2**N180HAMF*TIC,8/28/2015,8/28/2015,8/24/2015,2,Short Form,Call Center Internal
Bowflex Max Trainer,CAM47363 VEL*N180HAMF*TIC,8/25/2015,8/25/2015,8/24/2015,5,Short Form,Call Center Internal
Bowflex Max Trainer,CAM47363 VEL*N180HAMF*TIC,8/26/2015,8/26/2015,8/24/2015,3,Short Form,Call Center Internal
Bowflex Max Trainer,CAM47363 VEL*N180HAMF*TIC,8/27/2015,8/27/2015,8/24/2015,5,Short Form,Call Center Internal
Bowflex Max Trainer,CAM47363 VEL*N180HAMF*TIC,,8/27/2015,8/24/2015,1,Short Form,Call Center Internal
Bowflex Max Trainer,CAM47363 VEL*N180HAMF*TIC,8/28/2015,8/28/2015,8/24/2015,6,Short Form,Call Center Internal
Bowflex Max Trainer,CAM47363 VEL*N180HAMF*TIC,,8/28/2015,8/24/2015,1,Short Form,Call Center Internal
Bowflex Max Trainer,CAM47363 VEL*N180HAMF*TIC,8/30/2015,8/30/2015,8/24/2015,1,Short Form,Call Center Internal
Bowflex Max Trainer,CAM47368 FYI*N180HAMF*TIC,8/24/2015,8/24/2015,8/24/2015,5,Short Form,Call Center Internal
Bowflex Max Trainer,CAM47368 FYI*N180HAMF*TIC,8/25/2015,8/25/2015,8/24/2015,6,Short Form,Call Center Internal
Bowflex Max Trainer,CAM47368 FYI*N180HAMF*TIC,8/26/2015,8/26/2015,8/24/2015,3,Short Form,Call Center Internal
Bowflex Max Trainer,CAM47368 FYI*N180HAMF*TIC,8/27/2015,8/27/2015,8/24/2015,3,Short Form,Call Center Internal
Bowflex Max Trainer,CAM47385 RELZ*N120HAMBYTIC,8/24/2015,8/24/2015,8/24/2015,2,Short Form,Call Center Internal
Bowflex Max Trainer,CAM47385 RELZ*N120HAMBYTIC,8/25/2015,8/25/2015,8/24/2015,3,Short Form,Call Center Internal
Bowflex Max Trainer,CAM47385 RELZ*N120HAMBYTIC,8/26/2015,8/26/2015,8/24/2015,2,Short Form,Call Center Internal
Bowflex Max Trainer,CAM47385 RELZ*N120HAMBYTIC,8/27/2015,8/27/2015,8/24/2015,1,Short Form,Call Center Internal
Bowflex Max Trainer,CAM47385 RELZ*N120HAMBYTIC,8/28/2015,8/28/2015,8/24/2015,2,Short Form,Call Center Internal
Bowflex Max Trainer,CAM47385 RELZ*N120HAMBYTIC,8/29/2015,8/29/2015,8/24/2015,7,Short Form,Call Center Internal
Bowflex Max Trainer,CAM47385 RELZ*N120HAMBYTIC,,8/29/2015,8/24/2015,1,Short Form,Call Center Internal
Bowflex Max Trainer,CAM47385 RELZ*N120HAMBYTIC,8/30/2015,8/30/2015,8/24/2015,3,Short Form,Call Center Internal
Bowflex Max Trainer,CAM47385 RELZ*N120HAMBYTIC,8/24/2015,8/24/2015,8/24/2015,1,Short Form,Third Party Call Center - Evolve
Bowflex Max Trainer,CAM47385 RELZ*N120HAMBYTIC,8/25/2015,8/25/2015,8/24/2015,1,Short Form,Third Party Call Center - Evolve
Bowflex Max Trainer,CAM47385 RELZ*N120HAMBYTIC,8/26/2015,8/26/2015,8/24/2015,2,Short Form,Third Party Call Center - Evolve
Bowflex Max Trainer,CAM47385 RELZ*N120HAMBYTIC,8/28/2015,8/28/2015,8/24/2015,1,Short Form,Third Party Call Center - Evolve
Bowflex Max Trainer,CAM47385 RELZ*N120HAMBYTIC,8/29/2015,8/29/2015,8/24/2015,9,Short Form,Third Party Call Center - Evolve
Bowflex Max Trainer,CAM47385 RELZ*N120HAMBYTIC,8/30/2015,8/30/2015,8/24/2015,2,Short Form,Third Party Call Center - Evolve
Bowflex Max Trainer,CAM47386 WNATN120HAMBYTIC,8/24/2015,8/24/2015,8/24/2015,1,Short Form,Call Center Internal
Bowflex Max Trainer,CAM47386 WNATN120HAMBYTIC,8/25/2015,8/25/2015,8/24/2015,1,Short Form,Call Center Internal
Bowflex Max Trainer,CAM47386 WNATN120HAMBYTIC,8/26/2015,8/26/2015,8/24/2015,1,Short Form,Call Center Internal
Bowflex Max Trainer,CAM47386 WNATN120HAMBYTIC,8/28/2015,8/28/2015,8/24/2015,1,Short Form,Call Center Internal
Bowflex Max Trainer,CAM47386 WNATN120HAMBYTIC,8/30/2015,8/30/2015,8/24/2015,2,Short Form,Call Center Internal
Bowflex Max Trainer,CAM47393 PIVTN180HAMF*TIC,8/24/2015,8/24/2015,8/24/2015,2,Short Form,Call Center Internal
Bowflex Max Trainer,CAM47393 PIVTN180HAMF*TIC,8/25/2015,8/25/2015,8/24/2015,2,Short Form,Call Center Internal
Bowflex Max Trainer,CAM47393 PIVTN180HAMF*TIC,8/26/2015,8/26/2015,8/24/2015,2,Short Form,Call Center Internal
Bowflex Max Trainer,CAM47393 PIVTN180HAMF*TIC,,8/26/2015,8/24/2015,1,Short Form,Call Center Internal
Bowflex Max Trainer,CAM47393 PIVTN180HAMF*TIC,8/27/2015,8/27/2015,8/24/2015,1,Short Form,Call Center Internal
Bowflex Max Trainer,CAM47393 PIVTN180HAMF*TIC,8/28/2015,8/28/2015,8/24/2015,1,Short Form,Call Center Internal
Bowflex Max Trainer,CAM47393 PIVTN180HAMF*TIC,8/30/2015,8/30/2015,8/24/2015,1,Short Form,Call Center Internal
Bowflex Max Trainer,CAM47393 PIVTN180HAMF*TIC,8/29/2015,8/29/2015,8/24/2015,1,Short Form,Third Party Call Center - Evolve
Bowflex Max Trainer,CAM47393 PIVTN180HAMF*TIC,,8/29/2015,8/24/2015,2,Short Form,Third Party Call Center - Evolve
Bowflex Max Trainer,CAM47688 JUSTN120HAMBYTIC,8/25/2015,8/25/2015,8/24/2015,5,Short Form,Call Center Internal
Bowflex Max Trainer,CAM47688 JUSTN120HAMBYTIC,,8/25/2015,8/24/2015,1,Short Form,Call Center Internal
Bowflex Max Trainer,CAM47688 JUSTN120HAMBYTIC,8/26/2015,8/26/2015,8/24/2015,1,Short Form,Call Center Internal
Bowflex Max Trainer,CAM47688 JUSTN120HAMBYTIC,8/27/2015,8/27/2015,8/24/2015,1,Short Form,Call Center Internal
Bowflex Max Trainer,CAM47688 JUSTN120HAMBYTIC,8/29/2015,8/29/2015,8/24/2015,2,Short Form,Call Center Internal
Bowflex Max Trainer,CAM47688 JUSTN120HAMBYTIC,,8/29/2015,8/24/2015,1,Short Form,Call Center Internal
Bowflex Max Trainer,CAM47688 JUSTN120HAMBYTIC,8/30/2015,8/30/2015,8/24/2015,1,Short Form,Call Center Internal
Bowflex Max Trainer,CAM47688 JUSTN120HAMBYTIC,8/28/2015,8/28/2015,8/24/2015,1,Short Form,Third Party Call Center - Evolve
Bowflex Max Trainer,CAM47688 JUSTN120HAMBYTIC,,8/28/2015,8/24/2015,1,Short Form,Third Party Call Center - Evolve
Bowflex Max Trainer,CAM47833 GRITN120HAMBYTIC,,8/24/2015,8/24/2015,1,Short Form,Call Center Internal
Bowflex Max Trainer,CAM47833 GRITN120HAMBYTIC,,8/26/2015,8/24/2015,1,Short Form,Call Center Internal
Bowflex Max Trainer,CAM47834 LAFFN120HAMBYTIC,8/24/2015,8/24/2015,8/24/2015,1,Short Form,Call Center Internal
Bowflex Max Trainer,CAM47834 LAFFN120HAMBYTIC,8/26/2015,8/26/2015,8/24/2015,3,Short Form,Call Center Internal
Bowflex Max Trainer,CAM47834 LAFFN120HAMBYTIC,8/27/2015,8/27/2015,8/24/2015,2,Short Form,Call Center Internal
Bowflex Max Trainer,CAM47834 LAFFN120HAMBYTIC,8/29/2015,8/29/2015,8/24/2015,1,Short Form,Call Center Internal
Bowflex Max Trainer,CAM47834 LAFFN120HAMBYTIC,8/30/2015,8/30/2015,8/24/2015,3,Short Form,Call Center Internal
Bowflex Max Trainer,CAM47834 LAFFN120HAMBYTIC,8/29/2015,8/29/2015,8/24/2015,1,Short Form,Third Party Call Center - Evolve
Bowflex Max Trainer,CAM47835 SUNDN180HAMF*TIC,8/24/2015,8/24/2015,8/24/2015,1,Short Form,Call Center Internal
Bowflex Max Trainer,CAM47835 SUNDN180HAMF*TIC,8/25/2015,8/25/2015,8/24/2015,5,Short Form,Call Center Internal
Bowflex Max Trainer,CAM47835 SUNDN180HAMF*TIC,8/27/2015,8/27/2015,8/24/2015,1,Short Form,Call Center Internal
Bowflex Max Trainer,CAM47835 SUNDN180HAMF*TIC,8/28/2015,8/28/2015,8/24/2015,1,Short Form,Call Center Internal
Bowflex Max Trainer,CAM47835 SUNDN180HAMF*TIC,8/29/2015,8/29/2015,8/24/2015,6,Short Form,Call Center Internal
Bowflex Max Trainer,CAM47835 SUNDN180HAMF*TIC,8/30/2015,8/30/2015,8/24/2015,2,Short Form,Call Center Internal
Bowflex Max Trainer,CAM47835 SUNDN180HAMF*TIC,8/24/2015,8/24/2015,8/24/2015,1,Short Form,Third Party Call Center - Evolve
Bowflex Max Trainer,CAM47836 OWN*N180HAMF*TIC,8/24/2015,8/24/2015,8/24/2015,17,Short Form,Call Center Internal
Bowflex Max Trainer,CAM47836 OWN*N180HAMF*TIC,8/25/2015,8/25/2015,8/24/2015,11,Short Form,Call Center Internal
Bowflex Max Trainer,CAM47836 OWN*N180HAMF*TIC,8/27/2015,8/27/2015,8/24/2015,6,Short Form,Call Center Internal
Bowflex Max Trainer,CAM47836 OWN*N180HAMF*TIC,8/28/2015,8/28/2015,8/24/2015,5,Short Form,Call Center Internal
Bowflex Max Trainer,CAM47836 OWN*N180HAMF*TIC,,8/28/2015,8/24/2015,1,Short Form,Call Center Internal
Bowflex Max Trainer,CAM47836 OWN*N180HAMF*TIC,8/27/2015,8/27/2015,8/24/2015,3,Short Form,Third Party Call Center - Evolve
Bowflex Max Trainer,CAM47836 OWN*N180HAMF*TIC,8/29/2015,8/29/2015,8/24/2015,1,Short Form,Third Party Call Center - Evolve
Bowflex Max Trainer,CAM47836 OWN*N180HAMF*TIC,8/27/2015,8/27/2015,8/24/2015,1,Short Form,Third Party Call Center - West
Bowflex Max Trainer,CAM47899 CMACL60*HAMF*TIC,8/24/2015,8/24/2015,8/24/2015,3,Short Form,Call Center Internal
Bowflex Max Trainer,CAM47901 CMCYL60*HAMF*TIC,8/24/2015,8/24/2015,8/24/2015,1,Short Form,Call Center Internal
Bowflex Max Trainer,CAM47901 CMCYL60*HAMF*TIC,8/29/2015,8/29/2015,8/24/2015,1,Short Form,Call Center Internal
Bowflex Max Trainer,CAM47902 CMFXL60*HAMF*TIC,8/28/2015,8/28/2015,8/24/2015,1,Short Form,Call Center Internal
Bowflex Max Trainer,CAM47902 CMFXL60*HAMF*TIC,8/24/2015,8/24/2015,8/24/2015,1,Short Form,Third Party Call Center - Evolve
Bowflex Max Trainer,CAM47903 CMSYL60*HAMF*TIC,8/24/2015,8/24/2015,8/24/2015,1,Short Form,Call Center Internal
Bowflex Max Trainer,CAM47903 CMSYL60*HAMF*TIC,8/30/2015,8/30/2015,8/24/2015,1,Short Form,Call Center Internal
Bowflex Max Trainer,CAM47904 CMTRL60*HAMF*TIC,8/24/2015,8/24/2015,8/24/2015,1,Short Form,Third Party Call Center - Evolve
Bowflex Max Trainer,CAM47904 CMTRL60*HAMF*TIC,8/29/2015,8/29/2015,8/24/2015,1,Short Form,Third Party Call Center - Evolve
Bowflex Max Trainer,CAM47904 CMTRL60*HAMF*TIC,,8/30/2015,8/24/2015,1,Short Form,Third Party Call Center - Evolve
Bowflex Max Trainer,CAM47950 DISNN60*HAMF*TIC,8/24/2015,8/24/2015,8/24/2015,4,Short Form,Call Center Internal
Bowflex Max Trainer,CAM47950 DISNN60*HAMF*TIC,8/25/2015,8/25/2015,8/24/2015,2,Short Form,Call Center Internal
Bowflex Max Trainer,CAM47950 DISNN60*HAMF*TIC,8/26/2015,8/26/2015,8/24/2015,3,Short Form,Call Center Internal
Bowflex Max Trainer,CAM47950 DISNN60*HAMF*TIC,8/27/2015,8/27/2015,8/24/2015,1,Short Form,Call Center Internal
Bowflex Max Trainer,CAM47950 DISNN60*HAMF*TIC,,8/27/2015,8/24/2015,1,Short Form,Call Center Internal
Bowflex Max Trainer,CAM47950 DISNN60*HAMF*TIC,8/28/2015,8/28/2015,8/24/2015,5,Short Form,Call Center Internal
Bowflex Max Trainer,CAM47950 DISNN60*HAMF*TIC,8/24/2015,8/24/2015,8/24/2015,1,Short Form,Third Party Call Center - Evolve
Bowflex Max Trainer,CAM47951 DIRNN60*HAMF*TIC,8/24/2015,8/24/2015,8/24/2015,1,Short Form,Call Center Internal
Bowflex Max Trainer,CAM47951 DIRNN60*HAMF*TIC,,8/24/2015,8/24/2015,2,Short Form,Call Center Internal
Bowflex Max Trainer,CAM47951 DIRNN60*HAMF*TIC,8/25/2015,8/25/2015,8/24/2015,1,Short Form,Call Center Internal
Bowflex Max Trainer,CAM47951 DIRNN60*HAMF*TIC,8/26/2015,8/26/2015,8/24/2015,4,Short Form,Call Center Internal
Bowflex Max Trainer,CAM47951 DIRNN60*HAMF*TIC,8/27/2015,8/27/2015,8/24/2015,2,Short Form,Call Center Internal
Bowflex Max Trainer,CAM47951 DIRNN60*HAMF*TIC,8/28/2015,8/28/2015,8/24/2015,1,Short Form,Call Center Internal
Bowflex Max Trainer,CAM48042 CMESL60*HAMF*TIC,8/25/2015,8/25/2015,8/24/2015,1,Short Form,Call Center Internal
Bowflex Max Trainer,CAM28157 SALESFOLLOWUP,,8/26/2015,8/24/2015,1,Un-Sourced,Call Center Internal
Bowflex Max Trainer,CAM28157 SALESFOLLOWUP,,8/28/2015,8/24/2015,1,Un-Sourced,Call Center Internal
Bowflex Max Trainer,CAM28157 SALESFOLLOWUP,,8/29/2015,8/24/2015,1,Un-Sourced,Call Center Internal
Bowflex Max Trainer,CAM40825 1800TREADCLIMBER,,8/24/2015,8/24/2015,1,Un-Sourced,Call Center Internal
Bowflex Max Trainer,CAM45327 1800MAXTRAINER,8/24/2015,8/24/2015,8/24/2015,5,Un-Sourced,Call Center Internal
Bowflex Max Trainer,CAM45327 1800MAXTRAINER,,8/24/2015,8/24/2015,7,Un-Sourced,Call Center Internal
Bowflex Max Trainer,CAM45327 1800MAXTRAINER,8/25/2015,8/25/2015,8/24/2015,1,Un-Sourced,Call Center Internal
Bowflex Max Trainer,CAM45327 1800MAXTRAINER,,8/25/2015,8/24/2015,7,Un-Sourced,Call Center Internal
Bowflex Max Trainer,CAM45327 1800MAXTRAINER,8/26/2015,8/26/2015,8/24/2015,1,Un-Sourced,Call Center Internal
Bowflex Max Trainer,CAM45327 1800MAXTRAINER,,8/26/2015,8/24/2015,7,Un-Sourced,Call Center Internal
Bowflex Max Trainer,CAM45327 1800MAXTRAINER,8/27/2015,8/27/2015,8/24/2015,2,Un-Sourced,Call Center Internal
Bowflex Max Trainer,CAM45327 1800MAXTRAINER,,8/27/2015,8/24/2015,4,Un-Sourced,Call Center Internal
Bowflex Max Trainer,CAM45327 1800MAXTRAINER,8/28/2015,8/28/2015,8/24/2015,2,Un-Sourced,Call Center Internal
Bowflex Max Trainer,CAM45327 1800MAXTRAINER,,8/28/2015,8/24/2015,2,Un-Sourced,Call Center Internal
Bowflex Max Trainer,CAM45327 1800MAXTRAINER,8/29/2015,8/29/2015,8/24/2015,1,Un-Sourced,Call Center Internal
Bowflex Max Trainer,CAM45327 1800MAXTRAINER,,8/29/2015,8/24/2015,1,Un-Sourced,Call Center Internal
Bowflex Max Trainer,CAM45327 1800MAXTRAINER,8/30/2015,8/30/2015,8/24/2015,1,Un-Sourced,Call Center Internal
Bowflex Max Trainer,CAM45327 1800MAXTRAINER,,8/30/2015,8/24/2015,6,Un-Sourced,Call Center Internal
Bowflex Max Trainer,CAM44172 dseesf14a,8/31/2015,8/31/2015,8/31/2015,1,Electronic - Short Form,Web
Bowflex Max Trainer,CAM41189 degemax,,8/31/2015,8/31/2015,2,Electronic - UnSourced,Web
Bowflex Max Trainer,CAM44433 dege1sitemx,8/31/2015,8/31/2015,8/31/2015,1,Electronic - UnSourced,Web
Bowflex Max Trainer,CAM47251 DODCTOEDL2,,8/31/2015,8/31/2015,1,Online Display,Web
Bowflex Max Trainer,CAM47153 DOSBIEML2,8/31/2015,8/31/2015,8/31/2015,1,Online Search,Web
Bowflex Max Trainer,CAM44887 dofg2efeed1,8/31/2015,8/31/2015,8/31/2015,1,Online Shopping,Web
Bowflex Max Trainer,CAM44887 dofg2efeed1,,8/31/2015,8/31/2015,1,Online Shopping,Web
Bowflex Max Trainer,CAM47987 DOXFBESCL001,,8/31/2015,8/31/2015,1,Online Social,Web
Bowflex Max Trainer,CAM45400 DOVHULUEVL1,8/31/2015,8/31/2015,8/31/2015,1,Online Video,Web
Bowflex Max Trainer,CAM47606 DOVHULUEVL5,8/31/2015,8/31/2015,8/31/2015,2,Online Video,Web
